,Code,ISU_CD,Name,Market,Dept,Close,ChangeCode,Changes,ChagesRatio,Open,High,Low,Volume,Amount,Marcap,Stocks,MarketId
0,005930,KR7005930003,삼성전자,KOSPI,,274500,1,6500,2.43,275000,275500,266000,21669476,5874450961500,1604803477896000,5846278608,STK
1,000660,KR7000660001,SK하이닉스,KOSPI,,1645000,1,52000,3.26,1695000,1697000,1626000,4520990,7489699281000,1201659940425000,730492365,STK
2,005935,KR7005931001,삼성전자우,KOSPI,,195600,1,7800,4.15,191600,196200,188100,3859277,744107274500,156943807306800,802371203,STK
3,402340,KR7402340004,SK스퀘어,KOSPI,,1154000,1,37000,3.31,1182000,1183000,1130000,658916,759169507500,152279977444000,131958386,STK
4,009150,KR7009150004,삼성전기,KOSPI,,1558000,1,55000,3.66,1593000,1600000,1511000,968103,1504282797000,116372778368000,74693696,STK
5,005380,KR7005380001,현대차,KOSPI,,453000,1,34500,8.24,424000,456000,421500,1203960,537907833750,92755267998000,204757766,STK
6,373220,KR7373220003,LG에너지솔루션,KOSPI,,369500,1,4000,1.09,366000,371500,358500,243455,88824353500,86463000000000,234000000,STK
7,207940,KR7207940008,삼성바이오로직스,KOSPI,,1548000,2,-16000,-1.02,1557000,1574000,1546000,29916,46418943500,71658392148000,46290951,STK
8,032830,KR7032830002,삼성생명,KOSPI,,301000,1,9500,3.26,297000,309500,293500,393407,117956229796,60200000000000,200000000,STK
9,028260,KR7028260008,삼성물산,KOSPI,,369000,1,4000,1.1,369500,375000,360500,276255,101489609250,59839837389000,162167581,STK
10,012450,KR7012450003,한화에어로스페이스,KOSPI,,1160000,2,-25000,-2.11,1163000,1178000,1130000,172790,198972929500,59813545160000,51563401,STK
11,105560,KR7105560007,KB금융,KOSPI,,168500,1,400,0.24,167100,169800,166400,951351,159988557050,59764883179000,354687734,STK
12,000270,KR7000270009,기아,KOSPI,,141700,1,4300,3.13,137400,142400,137200,771767,108962687510,55321521816600,390412998,STK
13,329180,KR7329180004,HD현대중공업,KOSPI,,510000,1,14000,2.82,509000,517000,500000,217718,110849102000,53530224750000,104961225,STK
14,034020,KR7034020008,두산에너빌리티,KOSPI,,82600,1,1700,2.1,84100,85700,81000,2119063,174686604500,52910350659600,640561146,STK
15,055550,KR7055550008,신한지주,KOSPI,,107400,1,800,0.75,106000,108000,105200,692324,74129271450,50418955668600,469450239,STK
16,012330,KR7012330007,현대모비스,KOSPI,,547000,1,36000,7.05,513000,547000,511000,352348,189458397000,49630722901000,90732583,STK
17,068270,KR7068270008,셀트리온,KOSPI,,201000,2,-1000,-0.5,200500,203500,198900,341446,68583218500,46756052376000,232617176,STK
18,034730,KR7034730002,SK,KOSPI,,585000,1,32000,5.79,574000,589000,563000,214973,124078796000,42414081255000,72502703,STK
19,006400,KR7006400006,삼성SDI,KOSPI,,516000,1,29000,5.95,491500,518000,485500,463047,232587955250,41582133480000,80585530,STK
20,086790,KR7086790003,하나금융지주,KOSPI,,133000,1,2000,1.53,131500,134500,130200,677841,90111928750,36490910484000,274367748,STK
21,035420,KR7035420009,NAVER,KOSPI,,228000,1,1500,0.66,227000,232500,225000,750112,170768122000,35790889380000,156977585,STK
22,066570,KR7066570003,LG전자,KOSPI,,215000,1,8500,4.12,212000,225000,206500,1598040,342729059750,35020197170000,162884638,STK
23,010120,KR7010120004,LS ELECTRIC,KOSPI,,206500,2,-7500,-3.5,215000,215500,202000,752430,154914006500,30975000000000,150000000,STK
24,042660,KR7042660001,한화오션,KOSPI,,95800,1,5100,5.62,95200,99400,93500,2001550,191311675750,29354403145200,306413394,STK
25,267260,KR7267260008,HD현대일렉트릭,KOSPI,,803000,1,18000,2.29,796000,804000,770000,93551,73783488000,28945849405000,36047135,STK
26,298040,KR7298040007,효성중공업,KOSPI,,2954000,2,-63000,-2.09,3001000,3013000,2862000,38152,111455712500,27544714792000,9324548,STK
27,000810,KR7000810002,삼성화재,KOSPI,,615000,1,4000,0.65,609000,632000,609000,188284,116311697408,27458195895000,44647473,STK
28,009540,KR7009540006,HD한국조선해양,KOSPI,,386000,1,14500,3.9,378000,387000,378000,234796,90131325500,27318422776000,70773116,STK
29,005490,KR7005490008,POSCO홀딩스,KOSPI,,334000,1,8500,2.61,326500,335000,326000,322904,106774187250,26466670018000,79241527,STK
30,010130,KR7010130003,고려아연,KOSPI,,1196000,2,-37000,-3.0,1228000,1228000,1171000,21024,25118717500,24964070924000,20872969,STK
31,316140,KR7316140003,우리금융지주,KOSPI,,33700,1,400,1.2,33250,33750,33050,1291926,43341929800,24536622283400,728089682,STK
32,042700,KR7042700005,한미반도체,KOSPI,,229000,1,3000,1.33,239500,240000,223500,558447,128154006750,21826493800000,95312200,STK
33,096770,KR7096770003,SK이노베이션,KOSPI,,128700,1,7000,5.75,122000,129800,121700,677520,86091340200,21757093815600,169052788,STK
34,017670,KR7017670001,SK텔레콤,KOSPI,,100500,1,9400,10.32,92400,100800,92000,3102246,306384937950,21586400326500,214790053,STK
35,015760,KR7015760002,한국전력,KOSPI,,33250,1,150,0.45,33200,33350,32850,1652497,54682654125,21345305560250,641964077,STK
36,006800,KR7006800007,미래에셋증권,KOSPI,,37650,2,-400,-1.05,38000,38050,36800,1141221,42622756750,21067693032000,559566880,STK
37,000150,KR7000150003,두산,KOSPI,,1276000,1,14000,1.11,1287000,1294000,1220000,52301,65463337500,20663333460000,16193835,STK
38,011200,KR7011200003,HMM,KOSPI,,21250,1,200,0.95,20900,21350,20650,1054863,22230176750,20043806862500,943237970,STK
39,051910,KR7051910008,LG화학,KOSPI,,280500,1,5000,1.81,280500,282500,274000,137186,38155064750,19801152211500,70592343,STK
40,010140,KR7010140002,삼성중공업,KOSPI,,22300,1,300,1.36,22350,22750,22050,3051125,68105885375,19624000000000,880000000,STK
41,138040,KR7138040001,메리츠금융지주,KOSPI,,116700,2,-1900,-1.6,116800,117700,114700,324838,37587214500,19529426759100,167347273,STK
42,018260,KR7018260000,삼성에스디에스,KOSPI,,243500,1,6500,2.74,237000,244500,231500,287095,68681089500,18841494300000,77377800,STK
43,267250,KR7267250009,HD현대,KOSPI,,235500,1,6500,2.84,234000,239500,232500,132163,31119384000,18602871517500,78993085,STK
44,033780,KR7033780008,KT&G,KOSPI,,176000,1,2200,1.27,174000,177400,174000,416621,73425216050,18270640256000,103810456,STK
45,003550,KR7003550001,LG,KOSPI,,120000,1,6300,5.54,114200,122500,113900,503011,59729979800,18143040480000,151192004,STK
46,079550,KR7079550000,LIG디펜스앤에어로스페이스,KOSPI,,815000,2,-22000,-2.63,818000,828000,799000,76887,62323444000,17930000000000,22000000,STK
47,035720,KR7035720002,카카오,KOSPI,,40000,2,-100,-0.25,40100,41400,39500,2102824,84441024450,17719242800000,442981070,STK
48,196170,KR7196170005,알테오젠,KOSDAQ GLOBAL,우량기업부,314000,2,-3500,-1.1,317000,326500,310000,375775,118768097750,16826111702000,53586343,KSQ
49,010950,KR7010950004,S-Oil,KOSPI,,147600,1,6700,4.76,138900,149100,137800,325864,47268775200,16617220099200,112582792,STK
50,024110,KR7024110009,기업은행,KOSPI,,20400,1,400,2.0,20050,20450,20000,979364,19874698800,16267487727600,797425869,STK
51,064350,KR7064350002,현대로템,KOSPI,,146900,2,-700,-0.47,146900,148600,144200,269781,39372384750,16033002841700,109142293,STK
52,086280,KR7086280005,현대글로비스,KOSPI,,211000,1,6500,3.18,205000,212000,204000,133920,27949298500,15825000000000,75000000,STK
53,011070,KR7011070000,LG이노텍,KOSPI,,654000,1,39000,6.34,645000,665000,621000,267685,171262940000,15478287978000,23667107,STK
54,272210,KR7272210006,한화시스템,KOSPI,,80300,1,700,0.88,80800,83400,79400,357798,28833520050,15170226936700,188919389,STK
55,003670,KR7003670007,포스코퓨처엠,KOSPI,,170500,1,4600,2.77,166500,171400,163100,244914,40955734400,15165330510000,88946220,STK
56,278470,KR7278470000,에이피알,KOSPI,,390500,2,-9000,-2.25,395000,404000,386000,215060,84479294250,14619599527500,37438155,STK
57,047810,KR7047810007,한국항공우주,KOSPI,,146400,2,-4800,-3.17,149700,150400,145900,322739,47430841250,14270355664800,97475107,STK
58,030200,KR7030200000,KT,KOSPI,,53400,1,900,1.71,52500,54300,52400,698261,37352089400,13457957979000,252021685,STK
59,307950,KR7307950006,현대오토에버,KOSPI,,489500,1,40500,9.02,462000,508000,460000,230623,112328846750,13424039189000,27423982,STK
60,000720,KR7000720003,현대건설,KOSPI,,115800,1,2100,1.85,118900,121700,112400,493320,57012417650,12894997587000,111355765,STK
61,086520,KR7086520004,에코프로,KOSDAQ GLOBAL,중견기업부,93600,1,1500,1.63,93200,95800,90100,771000,71184027000,12708647827200,135776152,KSQ
62,005830,KR7005830005,DB손해보험,KOSPI,,176800,1,10200,6.12,167600,177900,166100,258950,45210453900,11580461703200,65500349,STK
63,247540,KR7247540008,에코프로비엠,KOSDAQ GLOBAL,중견기업부,116700,1,2200,1.92,115800,120200,112900,345739,40014658550,11416811647800,97830434,KSQ
64,071050,KR7071050009,한국금융지주,KOSPI,,204000,1,4300,2.15,202000,205000,198800,163281,32918083000,11368102368000,55725992,STK
65,259960,KR7259960003,크래프톤,KOSPI,,238000,1,3500,1.49,234500,239000,234000,94621,22410081500,10980804254000,46137833,STK
66,078930,KR7078930005,GS,KOSPI,,117000,1,9600,8.94,107000,118700,106900,805628,93140248700,10868772915000,92895495,STK
67,0126Z0,KR70126Z0002,삼성에피스홀딩스,KOSPI,,433500,1,30500,7.57,400000,433500,391500,74399,30414655750,10786801741500,24883049,STK
68,005940,KR7005940002,NH투자증권,KOSPI,,28750,1,400,1.41,28400,28750,28250,268957,7669236575,10614675518750,369206105,STK
69,323410,KR7323410001,카카오뱅크,KOSPI,,22200,1,50,0.23,21950,22500,21900,577751,12827109975,10592073701400,477120437,STK
70,006260,KR7006260004,LS,KOSPI,,323500,2,-2500,-0.77,327000,333500,306500,258716,82034732750,10093200000000,31200000,STK
71,028050,KR7028050003,삼성E&A,KOSPI,,49800,1,800,1.63,49200,50800,48450,1592948,78818866300,9760800000000,196000000,STK
72,277810,KR7277810008,레인보우로보틱스,KOSDAQ,기술성장기업부,501000,1,4000,0.8,499500,521000,489500,133799,67526947750,9719328858000,19399858,KSQ
73,003490,KR7003490000,대한항공,KOSPI,,26300,1,200,0.77,26100,26550,26050,1622859,42618256175,9684203384300,368220661,STK
74,003230,KR7003230000,삼양식품,KOSPI,,1270000,1,51000,4.18,1210000,1293000,1196000,85777,108381909000,9566929050000,7533015,STK
75,047050,KR7047050000,포스코인터내셔널,KOSPI,,53300,2,-1000,-1.84,53700,54600,52600,679737,36222245400,9376684600400,175922788,STK
76,161390,KR7161390000,한국타이어앤테크놀로지,KOSPI,,71600,1,100,0.14,71200,73200,70500,222029,15879768450,8869454940400,123875069,STK
77,443060,KR7443060009,HD현대마린솔루션,KOSPI,,196800,2,-3700,-1.85,199000,203500,194600,124077,24495400800,8823224928000,44833460,STK
78,016360,KR7016360000,삼성증권,KOSPI,,93000,1,500,0.54,92700,93300,91800,473641,43766589150,8304900000000,89300000,STK
79,036930,KR7036930006,주성엔지니어링,KOSDAQ GLOBAL,우량기업부,177800,2,-1500,-0.84,184800,188000,172500,1264896,225427761800,8264343313800,46481121,KSQ
80,180640,KR7180640005,한진칼,KOSPI,,120000,1,1000,0.84,118500,120800,117800,73770,8796130950,8011473480000,66762279,STK
81,009830,KR7009830001,한화솔루션,KOSPI,,35400,2,-1150,-3.15,36500,36850,34750,2932229,103893827975,7961195774400,224892536,STK
82,090430,KR7090430000,아모레퍼시픽,KOSPI,,135700,1,1200,0.89,132800,136200,131200,230356,31096991250,7937467396300,58492759,STK
83,039490,KR7039490008,키움증권,KOSPI,,300500,1,3500,1.18,300500,302000,293500,52239,15579945500,7881608958000,26228316,STK
84,064400,KR7064400005,LG씨엔에스,KOSPI,,79900,1,1500,1.91,79200,84000,76900,1588466,126840034050,7741187245200,96885948,STK
85,352820,KR7352820005,하이브,KOSPI,,179400,1,3000,1.7,176600,181900,176200,183626,32835012550,7733366378400,43106836,STK
86,005387,KR7005382007,현대차2우B,KOSPI,,213000,1,11500,5.71,202000,213000,201500,128706,26829858500,7447317090000,34963930,STK
87,047040,KR7047040001,대우건설,KOSPI,,18010,2,-390,-2.12,18870,19130,17460,4858982,87770874565,7400446560380,410907638,STK
88,007660,KR7007660004,이수페타시스,KOSPI,,95600,2,-1200,-1.24,98700,98900,90000,685133,64035519950,7017921336400,73409219,STK
89,021240,KR7021240007,코웨이,KOSPI,,98200,1,1000,1.03,95300,99000,95100,81317,7979277000,6949361233200,70767426,STK
90,326030,KR7326030004,SK바이오팜,KOSPI,,87300,2,-300,-0.34,87700,88700,86100,99781,8664510200,6836746725000,78313250,STK
91,000100,KR7000100008,유한양행,KOSPI,,83700,1,1200,1.45,83300,85000,82500,202661,16889190200,6666504203700,79647601,STK
92,267270,KR7267270007,HD건설기계,KOSPI,,138600,2,-900,-0.65,139600,141300,135500,188751,25981616250,6641974924200,47921897,STK
93,032640,KR7032640005,LG유플러스,KOSPI,,15060,1,360,2.45,14660,15090,14570,693603,10331240275,6391881643920,424427732,STK
94,241560,KR7241560002,두산밥캣,KOSPI,,66100,1,1200,1.85,64600,66300,64600,112144,7352428700,6336085896500,95856065,STK
95,377300,KR7377300009,카카오페이,KOSPI,,45150,1,450,1.01,44700,46050,44700,267260,12118797925,6107561727750,135272685,STK
96,000880,KR7000880005,한화,KOSPI,,83800,0,0,0.0,0,0,0,0,0,5908563612200,70507919,STK
97,353200,KR7353200009,대덕전자,KOSPI,,119100,1,6100,5.4,117700,121000,112200,1046555,122762134950,5885555767500,49416925,STK
98,001440,KR7001440007,대한전선,KOSPI,,29950,2,-150,-0.5,30550,30600,29000,1672531,49449679750,5869978250200,195992596,STK
99,028300,KR7028300002,HLB,KOSDAQ,중견기업부,43150,1,400,0.94,42500,44400,41800,630949,27094217100,5747503322450,133198223,KSQ
100,240810,KR7240810002,원익IPS,KOSDAQ GLOBAL,우량기업부,116600,2,-3400,-2.83,123500,124500,110400,1261268,145346483400,5723182856600,49083901,KSQ
101,029780,KR7029780004,삼성카드,KOSPI,,48550,1,1650,3.52,46850,48650,46850,144643,6938295325,5624949158050,115858891,STK
102,062040,KR7062040001,산일전기,KOSPI,,182500,2,-5500,-2.93,190400,190400,174600,344392,61917123900,5592320125000,30642850,STK
103,058470,KR7058470006,리노공업,KOSDAQ GLOBAL,우량기업부,70800,2,-500,-0.7,72200,72300,68800,725587,51143619100,5395798980000,76211850,KSQ
104,036570,KR7036570000,NC,KOSPI,,247500,1,4000,1.64,245000,248000,240500,74476,18211213250,5332145445000,21544022,STK
105,271560,KR7271560005,오리온,KOSPI,,134000,1,2200,1.67,131600,135900,130800,70656,9487641100,5296857592000,39528788,STK
106,175330,KR7175330000,JB금융지주,KOSPI,,28000,2,-1350,-4.6,28650,28700,27700,310199,8708367600,5222611072000,186521824,STK
107,010060,KR7010060002,OCI홀딩스,KOSPI,,279000,1,1000,0.36,274500,279500,265000,218591,59645321250,5208994728000,18670232,STK
108,034220,KR7034220004,LG디스플레이,KOSPI,,10270,1,330,3.32,9940,10360,9880,4154923,42018368210,5135000000000,500000000,STK
109,454910,KR7454910001,두산로보틱스,KOSPI,,79200,1,1200,1.54,78600,82000,76600,622463,49293704350,5133742416000,64819980,STK
110,128940,KR7128940004,한미약품,KOSPI,,398500,3,0,0.0,395000,402000,389750,48151,19037818000,5105179913500,12810991,STK
111,039030,KR7039030002,이오테크닉스,KOSDAQ,우량기업부,404000,1,25500,6.74,388500,408500,386000,179666,71816553750,4977098200000,12319550,KSQ
112,000500,KR7000500009,가온전선,KOSPI,,167100,1,100,0.06,171000,171200,159300,115657,19058061250,4975838129700,29777607,STK
113,005385,KR7005381009,현대차우,KOSPI,,211000,1,10500,5.24,201000,211000,201000,80033,16593140000,4924942560000,23340960,STK
114,088350,KR7088350004,한화생명,KOSPI,,5630,1,600,11.93,5010,5630,5010,14537788,79379061170,4889823900000,868530000,STK
115,298380,KR7298380007,에이비엘바이오,KOSDAQ GLOBAL,기술성장기업부,84100,2,-2700,-3.11,86500,89100,82400,289348,24432774250,4708545638300,55987463,KSQ
116,138930,KR7138930003,BNK금융지주,KOSPI,,15130,1,280,1.89,14750,15140,14710,1063153,15978388035,4695248009290,310327033,STK
117,088980,KR7088980008,맥쿼리인프라,KOSPI,,9690,1,80,0.83,9640,9750,9560,1881794,18144610675,4640754112170,478921993,STK
118,051900,KR7051900009,LG생활건강,KOSPI,,307500,1,4000,1.32,303000,311000,300500,76531,23558975750,4604973322500,14975523,STK
119,087010,KR7087010005,펩트론,KOSDAQ,기술성장기업부,194000,2,-2700,-1.37,196700,203500,186900,134526,25950153150,4523565900000,23317350,KSQ
120,000990,KR7000990002,DB하이텍,KOSPI,,102800,1,3100,3.11,101500,103000,97900,322120,32543880450,4472271646400,43504588,STK
121,066970,KR7066970005,엘앤에프,KOSPI,,109700,1,7100,6.92,103000,111300,103000,506428,54228807800,4462953622000,40683260,STK
122,011790,KR7011790003,SKC,KOSPI,,89800,1,600,0.67,90000,90700,86600,133427,11792768450,4453927160400,49598298,STK
123,000250,KR7000250001,삼천당제약,KOSDAQ,중견기업부,189000,2,-800,-0.42,192000,203000,185800,171924,33030873350,4433462208000,23457472,KSQ
124,141080,KR7141080002,리가켐바이오,KOSDAQ GLOBAL,기술성장기업부,113900,2,-500,-0.44,115500,120600,112000,212377,24370330750,4216511710200,37019418,KSQ
125,214450,KR7214450009,파마리서치,KOSDAQ GLOBAL,우량기업부,398000,2,-27500,-6.46,418500,423500,396500,197721,79531151250,4135079904000,10389648,KSQ
126,108490,KR7108490004,로보티즈,KOSDAQ,기술성장기업부,280000,1,19000,7.28,263000,289000,259000,392691,108773450250,4105087840000,14661028,KSQ
127,082740,KR7082740002,한화엔진,KOSPI,,49050,1,800,1.66,48900,49850,47300,659245,31894490050,4093082315100,83447142,STK
128,222800,KR7222800005,심텍,KOSDAQ GLOBAL,중견기업부,108700,1,2900,2.74,108900,110800,102700,861169,92738708750,4072329299700,37463931,KSQ
129,004170,KR7004170007,신세계,KOSPI,,427000,1,7500,1.79,428000,439000,415000,50719,21570113750,4033092287000,9445181,STK
130,001040,KR7001040005,CJ,KOSPI,,138100,1,500,0.36,137700,139500,133400,158621,21570103950,4029343423800,29176998,STK
131,002380,KR7002380004,KCC,KOSPI,,465500,1,9500,2.08,456500,466500,450500,15647,7191590250,3999993088000,8592896,STK
132,004020,KR7004020004,현대제철,KOSPI,,29900,1,1100,3.82,28900,30100,28600,674289,19878335650,3990028971500,133445785,STK
133,018880,KR7018880005,한온시스템,KOSPI,,3820,1,15,0.39,3800,3895,3745,4462143,17030759156,3920322948640,1026262552,STK
134,319660,KR7319660007,피에스케이,KOSDAQ,우량기업부,134100,2,-500,-0.37,137800,140500,126800,344400,45641802800,3884436347400,28966714,KSQ
135,001450,KR7001450006,현대해상,KOSPI,,45350,1,2400,5.59,42900,45800,42700,1120890,50334551650,3866008137500,85248250,STK
136,052690,KR7052690005,한전기술,KOSPI,,101000,1,1200,1.2,103900,105600,99700,101395,10270974800,3860220000000,38220000,STK
137,111770,KR7111770004,영원무역,KOSPI,,85900,1,1200,1.42,83700,86200,82200,57535,4892032650,3806355101200,44311468,STK
138,103590,KR7103590006,일진전기,KOSPI,,74300,1,1900,2.62,73600,74300,69200,528090,37890690850,3543024477000,47685390,STK
139,007340,KR7007340003,DN오토모티브,KOSPI,,58900,1,9450,19.11,49150,61300,49150,899436,50811682925,3446289948500,58510865,STK
140,095340,KR7095340006,ISC,KOSDAQ,우량기업부,161300,1,1500,0.94,159800,163500,153000,187860,29992465150,3419085455400,21197058,KSQ
141,036460,KR7036460004,한국가스공사,KOSPI,,36600,1,700,1.95,35850,36800,35750,120369,4388595650,3378655800000,92313000,STK
142,214370,KR7214370009,케어젠,KOSDAQ,벤처기업부,61900,2,-2100,-3.28,64300,66200,60800,135246,8404462950,3324958500000,53715000,KSQ
143,403870,KR7403870009,HPSP,KOSDAQ GLOBAL,우량기업부,40400,2,-800,-1.94,42250,42300,38900,2322000,93505928025,3324920000000,82300000,KSQ
144,310210,KR7310210000,보로노이,KOSDAQ,기술성장기업부,179700,2,-1000,-0.55,178600,185000,171900,101942,17998767400,3314223812100,18443093,KSQ
145,022100,KR7022100002,포스코DX,KOSPI,,21750,2,-50,-0.23,21900,22450,21100,286086,6187275725,3306755355750,152034729,STK
146,011780,KR7011780004,금호석유화학,KOSPI,,130600,1,1700,1.32,129000,131900,128500,88702,11517284000,3285546645000,25157325,STK
147,440110,KR7440110005,파두,KOSDAQ,기술성장기업부,65500,1,2500,3.97,65700,71200,64300,1187394,79946605500,3282272268500,50111027,KSQ
148,161890,KR7161890009,한국콜마,KOSPI,,136700,1,1500,1.11,135200,140200,133300,604709,82959497400,3226814025900,23605077,STK
149,145020,KR7145020004,휴젤,KOSDAQ,우량기업부,256000,2,-6500,-2.48,262500,264000,250500,48360,12318161500,3203884288000,12515173,KSQ
150,251270,KR7251270005,넷마블,KOSPI,,39100,1,250,0.64,38600,39600,38450,120680,4693765675,3203641726100,81934571,STK
151,031210,KR7031210008,서울보증보험,KOSPI,,44900,1,1200,2.75,43900,44900,43700,36874,1632829900,3134989750200,69821598,STK
152,035250,KR7035250000,강원랜드,KOSPI,,14590,1,250,1.74,14350,14750,14320,338739,4945772650,3121391895000,213940500,STK
153,009420,KR7009420001,한올바이오파마,KOSPI,,59700,2,-700,-1.16,60100,61400,57850,218964,12946156600,3118766088600,52240638,STK
154,319400,KR7319400008,현대무벡스,KOSDAQ,우량기업부,28000,1,2700,10.67,25500,30150,25350,9773083,280309158800,3118529092000,111376039,KSQ
155,028670,KR7028670008,팬오션,KOSPI,,5790,1,160,2.84,5680,5800,5660,2372468,13589648370,3095157474480,534569512,STK
156,008930,KR7008930000,한미사이언스,KOSPI,,44300,2,-50,-0.11,43950,44450,42500,162179,7076414050,3029745665000,68391550,STK
157,006360,KR7006360002,GS건설,KOSPI,,35350,2,-350,-0.98,36450,36650,33750,2080996,72722687100,3025305671500,85581490,STK
158,084370,KR7084370006,유진테크,KOSDAQ,우량기업부,131100,2,-3900,-2.89,135100,137500,123000,141541,18211139200,3004293106200,22916042,KSQ
159,302440,KR7302440003,SK바이오사이언스,KOSPI,,37650,1,800,2.17,36850,37850,36850,63121,2361406325,2953889220450,78456553,STK
160,012750,KR7012750006,에스원,KOSPI,,77700,2,-400,-0.51,76800,77800,76200,34679,2675446200,2952536130600,37999178,STK
161,023530,KR7023530009,롯데쇼핑,KOSPI,,102900,1,3400,3.42,99800,103100,99500,158161,16179541000,2910912889500,28288755,STK
162,131290,KR7131290009,티에스이,KOSDAQ,우량기업부,260000,1,1000,0.39,261000,274500,248500,103411,26806798000,2875971540000,11061429,KSQ
163,005850,KR7005850003,에스엘,KOSPI,,61600,1,2600,4.41,58800,61900,58700,121386,7367954950,2861228832000,46448520,STK
164,095610,KR7095610002,테스,KOSDAQ GLOBAL,우량기업부,147500,1,2500,1.72,152400,157500,139450,460898,67573307750,2855600000000,19360000,KSQ
165,375500,KR7375500006,DL이앤씨,KOSPI,,73800,1,300,0.41,74700,76400,72800,217727,16110728000,2855589377400,38693623,STK
166,483650,KR7483650008,달바글로벌,KOSPI,,228500,2,-7500,-3.18,236000,236000,223500,238990,54636941250,2854859577500,12493915,STK
167,004800,KR7004800009,효성,KOSPI,,169700,1,4800,2.91,167600,171000,163300,13899,2328470650,2840847067900,16740407,STK
168,017800,KR7017800004,현대엘리베이터,KOSPI,,72500,1,600,0.83,71900,72900,71100,78826,5701969750,2834197912500,39092385,STK
169,450080,KR7450080007,에코프로머티,KOSPI,,39900,1,550,1.4,39400,40650,38500,274415,10816944350,2825473413000,70813870,STK
170,085620,KR7085620003,미래에셋생명,KOSPI,,20850,1,1500,7.75,19350,21050,19340,303943,6121807045,2818503000000,135180000,STK
171,347850,KR7347850000,디앤디파마텍,KOSDAQ,기술성장기업부,61400,2,-300,-0.49,62200,63700,59200,759933,46393329500,2814429192600,45837609,KSQ
172,257720,KR7257720003,실리콘투,KOSDAQ,우량기업부,42850,1,2050,5.02,41800,45000,41550,2550832,110983065450,2809942398200,65576252,KSQ
173,192820,KR7192820009,코스맥스,KOSPI,,247500,2,-1500,-0.6,241000,251000,239000,148572,36604559250,2809003477500,11349509,STK
174,080220,KR7080220007,제주반도체,KOSDAQ,우량기업부,81500,2,-6800,-7.7,89000,91000,79200,4217565,351086523350,2807090889500,34442833,KSQ
175,097950,KR7097950000,CJ제일제당,KOSPI,,185400,1,2900,1.59,183300,187200,182300,82077,15230222400,2791046084400,15054186,STK
176,139130,KR7139130009,iM금융지주,KOSPI,,17470,1,500,2.95,16810,17500,16740,377644,6529081385,2766608737760,158363408,STK
177,001720,KR7001720002,신영증권,KOSPI,,166100,1,6700,4.2,162300,168000,160000,16041,2649559850,2730684000000,16440000,STK
178,064760,KR7064760002,티씨케이,KOSDAQ GLOBAL,우량기업부,244000,1,17000,7.49,225000,259000,224000,137010,32883825250,2727777504000,11179416,KSQ
179,003690,KR7003690005,코리안리,KOSPI,,15290,1,620,4.23,14790,15290,14650,465747,6983293495,2702064563990,176721031,STK
180,489790,KR7489790006,한화비전,KOSPI,,53300,2,-900,-1.66,55100,55300,52700,323767,17332237600,2691031187000,50488390,STK
181,204320,KR7204320006,HL만도,KOSPI,,57100,1,1600,2.88,56100,58000,54000,771435,43590507950,2681251552000,46957120,STK
182,004370,KR7004370003,농심,KOSPI,,437500,1,48000,12.32,388000,440000,387000,154401,66058338500,2661155875000,6082642,STK
183,058610,KR7058610007,에스피지,KOSDAQ,우량기업부,118600,1,6400,5.7,113500,123800,112100,1362139,162590112250,2630234896000,22177360,KSQ
184,026960,KR7026960005,동서,KOSPI,,26300,1,100,0.38,25800,26450,25550,56264,1469646875,2622110000000,99700000,STK
185,383220,KR7383220001,F&F,KOSPI,,67000,2,-1800,-2.62,68200,69600,66200,65465,4389803900,2566574025000,38307075,STK
186,282330,KR7282330000,BGF리테일,KOSPI,,145200,1,2500,1.75,140700,148400,140700,85341,12388403900,2509623151200,17283906,STK
187,357780,KR7357780006,솔브레인,KOSDAQ GLOBAL,우량기업부,322000,2,-6000,-1.83,328000,329500,301000,38880,12188503250,2504698252000,7778566,KSQ
188,000240,KR7000240002,한국앤컴퍼니,KOSPI,,26250,1,250,0.96,25450,26350,25450,78619,2046879350,2492050050000,94935240,STK
189,336260,KR7336260005,두산퓨얼셀,KOSPI,,37850,2,-250,-0.66,38100,38450,36400,599888,22369129850,2478937529100,65493726,STK
190,009970,KR7009970005,영원무역홀딩스,KOSPI,,189400,2,-900,-0.47,187600,194500,187600,36439,6962004500,2453452939800,12953817,STK
191,011170,KR7011170008,롯데케미칼,KOSPI,,57200,2,-200,-0.35,57200,58400,56600,140201,8014086450,2446753966800,42775419,STK
192,181710,KR7181710005,NHN,KOSPI,,74700,1,8000,11.99,65500,76200,65500,422676,30987493000,2446659483300,32753139,STK
193,214150,KR7214150005,클래시스,KOSDAQ GLOBAL,우량기업부,37500,2,-2200,-5.54,39750,39950,37100,512724,19522715650,2446337212500,65235659,KSQ
194,067310,KR7067310003,하나마이크론,KOSDAQ,중견기업부,36600,2,-50,-0.14,37350,37900,34800,1927123,70840325100,2433565805400,66490869,KSQ
195,950160,KR8840120008,코오롱티슈진,KOSDAQ,외국기업(소속부없음),28550,1,2950,11.52,26800,31850,24900,9800839,276301438575,2425898068000,84970160,KSQ
196,004990,KR7004990008,롯데지주,KOSPI,,24300,1,800,3.4,23550,24300,23500,167388,4038597200,2421829756800,99663776,STK
197,031980,KR7031980006,피에스케이홀딩스,KOSDAQ,우량기업부,111200,1,6000,5.7,108300,115400,98600,324859,35075252450,2397738324000,21562395,KSQ
198,226950,KR7226950004,올릭스,KOSDAQ GLOBAL,기술성장기업부,112000,2,-500,-0.44,113000,115800,107800,274197,30243975050,2359039200000,21062850,KSQ
199,014680,KR7014680003,한솔케미칼,KOSPI,,218500,2,-14000,-6.02,231500,238000,209500,97298,21060917500,2358496866000,10794036,STK
200,178320,KR7178320008,서진시스템,KOSDAQ,중견기업부,36950,3,0,0.0,37300,37800,35250,1260086,45942990300,2351894732150,63650737,KSQ
201,073240,KR7073240004,금호타이어,KOSPI,,8140,3,0,0.0,8210,8850,7960,11897318,99169808965,2338298736180,287260287,STK
202,279570,KR7279570006,케이뱅크,KOSPI,,5720,1,10,0.18,5800,5800,5620,577558,3279094775,2320576263720,405695151,STK
203,007070,KR7007070006,GS리테일,KOSPI,,27700,1,950,3.55,26450,27900,26450,163137,4481500300,2315925395500,83607415,STK
204,103140,KR7103140000,풍산,KOSPI,,82000,2,-2000,-2.38,83600,83700,80800,98939,8072849600,2297990796000,28024278,STK
205,018670,KR7018670000,SK가스,KOSPI,,244000,1,16000,7.02,231500,249000,229500,19292,4631640000,2261695536000,9269244,STK
206,081660,KR7081660003,미스토홀딩스,KOSPI,,42500,2,-400,-0.93,42300,43100,41950,112161,4762647050,2256403200000,53091840,STK
207,237690,KR7237690003,에스티팜,KOSDAQ GLOBAL,우량기업부,106400,2,-1200,-1.12,107700,110000,104400,76624,8129352850,2221274283200,20876638,KSQ
208,005290,KR7005290002,동진쎄미켐,KOSDAQ,우량기업부,43450,1,250,0.58,44100,44150,41800,480216,20552882675,2214651974700,50970126,KSQ
209,098460,KR7098460009,고영,KOSDAQ,우량기업부,32350,1,450,1.41,32350,33050,31100,1142412,36624760200,2206406290550,68204213,KSQ
210,069960,KR7069960003,현대백화점,KOSPI,,102200,1,2500,2.51,101400,104100,100900,117886,12082935150,2203934006400,21564912,STK
211,005440,KR7005440003,현대지에프홀딩스,KOSPI,,11920,1,270,2.32,11670,11920,11590,145894,1719712610,2186094612080,183397199,STK
212,030000,KR7030000004,제일기획,KOSPI,,18980,1,270,1.44,18690,19010,18680,339762,6432370470,2183482450500,115041225,STK
213,139480,KR7139480008,이마트,KOSPI,,78900,1,800,1.02,78300,79000,76500,124603,9702182450,2177310119100,27595819,STK
214,140410,KR7140410002,메지온,KOSDAQ,투자주의환기종목(소속부없음),68700,1,900,1.33,67800,69200,66600,99056,6719605700,2102631787800,30605994,KSQ
215,051600,KR7051600005,한전KPS,KOSPI,,46350,1,150,0.32,46350,46950,45600,80273,3705256850,2085750000000,45000000,STK
216,439260,KR7439260001,대한조선,KOSPI,,54700,1,2900,5.6,53000,57500,53000,327274,18222000500,2083453531000,38088730,STK
217,010170,KR7010170009,대한광통신,KOSDAQ,중견기업부,13370,1,130,0.98,13300,13480,12450,6497690,83865121975,2078843274200,155485660,KSQ
218,032820,KR7032820003,우리기술,KOSDAQ,벤처기업부,11950,1,190,1.62,12050,12260,11550,1939230,22960230805,2064776113400,172784612,KSQ
219,457190,KR7457190007,이수스페셜티케미컬,KOSPI,,68200,1,1500,2.25,67100,68700,65200,90161,6045646300,2060927070400,30218872,STK
220,002790,KR7002790004,아모레퍼시픽홀딩스,KOSPI,,26350,1,150,0.57,26050,26500,26000,75718,1987941425,2014673043000,76458180,STK
221,475150,KR7475150009,SK이터닉스,KOSPI,,58300,1,1200,2.1,57800,58800,55900,3847623,221509409800,1986106333200,34067004,STK
222,112610,KR7112610001,씨에스윈드,KOSPI,,46850,2,-50,-0.11,46950,47250,45300,375857,17335229150,1975730230550,42171403,STK
223,071970,KR7071970008,HD현대마린엔진,KOSPI,,58200,1,200,0.34,59000,60100,57100,165046,9564368600,1974231009000,33921495,STK
224,263750,KR7263750002,펄어비스,KOSDAQ,우량기업부,31250,2,-250,-0.79,31100,32100,30950,758486,23763029875,1963872187500,62843910,KSQ
225,140860,KR7140860008,파크시스템스,KOSDAQ GLOBAL,우량기업부,279500,2,-3000,-1.06,280000,283500,275000,30528,8498266250,1957190085500,7002469,KSQ
226,068760,KR7068760008,셀트리온제약,KOSDAQ,우량기업부,43950,2,-700,-1.57,44600,45750,43250,84538,3708967175,1951482491400,44402332,KSQ
227,083650,KR7083650002,비에이치아이,KOSDAQ,우량기업부,61300,1,4800,8.5,58400,63000,56300,1071213,64006183750,1896890187500,30944375,KSQ
228,462870,KR7462870007,시프트업,KOSPI,,31700,1,700,2.26,31000,31850,30950,39687,1245794750,1862117913000,58741890,STK
229,011210,KR7011210002,현대위아,KOSPI,,67800,1,1600,2.42,66100,68800,65900,70768,4776275150,1843826627400,27195083,STK
230,089030,KR7089030001,테크윙,KOSDAQ,중견기업부,49250,2,-100,-0.2,50200,51300,47350,557788,27361066700,1824892016250,37053645,KSQ
231,020150,KR7020150009,롯데에너지머티리얼즈,KOSPI,,34450,2,-200,-0.58,35100,35300,33200,160431,5456055575,1803990200350,52365463,STK
232,089970,KR7089970008,브이엠,KOSDAQ,우량기업부,68200,2,-300,-0.44,69300,69400,64600,566125,37855784850,1795485373000,26326765,KSQ
233,008770,KR7008770000,호텔신라,KOSPI,,45400,1,2000,4.61,43650,45600,43450,258404,11589652000,1781864693400,39248121,STK
234,395400,KR7395400005,SK리츠,KOSPI,,5880,1,160,2.8,5700,5880,5600,164360,946968095,1769983605600,301017620,STK
235,0009K0,KR70009K0001,에임드바이오,KOSDAQ,기술성장기업부,27250,1,200,0.74,26950,27600,26350,117792,3162164700,1762289137250,64671161,KSQ
236,000120,KR7000120006,CJ대한통운,KOSPI,,77200,1,3200,4.32,73900,77200,73800,54113,4102645850,1761112956800,22812344,STK
237,000155,KR7000151001,두산우,KOSPI,,439500,1,3500,0.8,438000,444000,424500,9299,4036448750,1756445049000,3996462,STK
238,023590,KR7023590003,다우기술,KOSPI,,40250,1,1050,2.68,39500,40500,39000,22277,888238850,1742314308000,43287312,STK
239,060370,KR7060370004,LS마린솔루션,KOSDAQ,우량기업부,32500,2,-1600,-4.69,34400,34550,31950,138654,4535868000,1697762755000,52238854,KSQ
240,041510,KR7041510009,에스엠,KOSDAQ GLOBAL,우량기업부,73400,1,1500,2.09,72500,75100,71900,83818,6112005700,1680470246000,22894690,KSQ
241,096530,KR7096530001,씨젠,KOSDAQ GLOBAL,우량기업부,32150,1,250,0.78,31850,33400,31750,328122,10648321325,1679065707100,52225994,KSQ
242,00680K,KR700680K019,미래에셋증권2우B,KOSPI,,12240,1,180,1.49,12060,12290,11950,149214,1814228505,1670760000000,136500000,STK
243,006040,KR7006040000,동원산업,KOSPI,,37550,1,650,1.76,37200,38150,36950,43803,1643714025,1657487753450,44140819,STK
244,120110,KR7120110002,코오롱인더,KOSPI,,55300,2,-400,-0.72,57300,58400,54700,156822,8743576950,1656015569600,29946032,STK
245,323280,KR7323280008,태성,KOSDAQ,중견기업부,54000,1,3000,5.88,52000,54300,49900,335363,17537388400,1649050920000,30537980,KSQ
246,089860,KR7089860001,롯데렌탈,KOSPI,,45000,1,2500,5.88,42800,45300,42300,186638,8202099650,1633922460000,36309388,STK
247,131970,KR7131970006,두산테스나,KOSDAQ GLOBAL,우량기업부,84000,3,0,0.0,86100,86900,80600,284651,23747380550,1623487992000,19327238,KSQ
248,030530,KR7030530000,원익홀딩스,KOSDAQ,중견기업부,21000,1,200,0.96,20800,21600,19930,691681,14388563145,1621997601000,77237981,KSQ
249,097230,KR7097230007,HJ중공업,KOSPI,,17900,2,-10,-0.06,18100,18590,17780,297928,5365619860,1616286657600,90295344,STK
250,001430,KR7001430008,세아베스틸지주,KOSPI,,45000,1,1450,3.33,43000,46000,42650,222455,9896755425,1613795355000,35862119,STK
251,001800,KR7001800002,오리온홀딩스,KOSPI,,26800,1,450,1.71,26350,27000,26150,99595,2656994625,1612198273600,60156652,STK
252,009155,KR7009151002,삼성전기우,KOSPI,,554000,1,46000,9.06,545000,557000,511000,77150,41202173500,1610469136000,2906984,STK
253,001740,KR7001740000,SK네트웍스,KOSPI,,7590,2,-490,-6.06,8250,8450,7400,2342103,18226122915,1522507617510,200593889,STK
254,420770,KR7420770000,기가비스,KOSDAQ,우량기업부,120100,1,2200,1.87,119100,120900,115000,70103,8277076150,1522358535800,12675758,KSQ
255,007810,KR7007810005,코리아써키트,KOSPI,,63100,2,-3300,-4.97,68400,69600,62500,371274,23742620550,1513303322000,23982620,STK
256,006280,KR7006280002,녹십자,KOSPI,,129200,2,-300,-0.23,129100,130300,127600,15571,2004059000,1509900709600,11686538,STK
257,007390,KR7007390008,네이처셀,KOSDAQ,중견기업부,23400,2,-200,-0.85,23450,24100,22950,250209,5850578200,1507780310400,64435056,KSQ
258,078600,KR7078600004,대주전자재료,KOSDAQ,우량기업부,95600,1,800,0.84,96000,97800,91400,153706,14442557750,1501315592800,15704138,KSQ
259,020560,KR7020560009,아시아나항공,KOSPI,,7190,1,140,1.99,7120,7190,7040,25414,180293420,1481073212090,205990711,STK
260,229640,KR7229640008,LS에코에너지,KOSPI,,48300,1,150,0.31,48700,48750,46250,97643,4645982450,1479181655700,30624879,STK
261,475830,KR7475830006,오름테라퓨틱,KOSDAQ,기술성장기업부,68100,1,1200,1.79,66600,69300,65500,86569,5856224000,1479104079000,21719590,KSQ
262,290650,KR7290650001,엘앤씨바이오,KOSDAQ,우량기업부,54700,3,0,0.0,55000,56600,53700,131121,7167231000,1475242808800,26969704,KSQ
263,001120,KR7001120005,LX인터내셔널,KOSPI,,37800,1,200,0.53,37500,38200,37450,57070,2159679550,1465128000000,38760000,STK
264,043260,KR7043260009,성호전자,KOSDAQ,우량기업부,20400,2,-600,-2.86,21500,21500,19650,1831986,37242088750,1463532169200,71741773,KSQ
265,035900,KR7035900000,JYP Ent.,KOSDAQ GLOBAL,우량기업부,41050,1,200,0.49,41100,41800,40700,368027,15133613800,1458608796600,35532492,KSQ
266,294870,KR7294870001,IPARK현대산업개발,KOSPI,,22100,1,300,1.38,22000,22450,21850,156849,3461956450,1456551993000,65907330,STK
267,069620,KR7069620003,대웅제약,KOSPI,,124600,1,1300,1.05,123500,125900,123100,16708,2077596900,1443687245000,11586575,STK
268,082920,KR7082920000,비츠로셀,KOSDAQ GLOBAL,우량기업부,31700,2,-1300,-3.94,33150,33600,30900,359831,11393358600,1430921420900,45139477,KSQ
269,039200,KR7039200001,오스코텍,KOSDAQ,벤처기업부,37400,2,-900,-2.35,38050,39250,36750,128351,4806172175,1430855782400,38258176,KSQ
270,298020,KR7298020009,효성티앤씨,KOSPI,,330500,1,7500,2.32,322000,332500,320000,17439,5700195250,1430298901000,4327682,STK
271,281820,KR7281820001,케이씨텍,KOSPI,,71900,3,0,0.0,73800,74400,68700,157713,11203485300,1423523725900,19798661,STK
272,218410,KR7218410009,RFHIC,KOSDAQ,우량기업부,53200,2,-1100,-2.03,53700,53700,51400,257577,13531862700,1413813514400,26575442,KSQ
273,127120,KR7127120004,제이에스링크,KOSDAQ,벤처기업부,40500,2,-1000,-2.41,41700,42000,40000,101655,4130110750,1407486699000,34752758,KSQ
274,005070,KR7005070008,코스모신소재,KOSPI,,42200,1,1600,3.94,40950,42200,40200,98050,4047911125,1401654896200,33214571,STK
275,322000,KR7322000001,HD현대에너지솔루션,KOSPI,,123300,2,-900,-0.72,125000,126000,118500,265329,32345540650,1380960000000,11200000,STK
276,347700,KR7347700007,스피어,KOSDAQ,기술성장기업부,26450,1,500,1.93,25950,27500,25400,917312,24216572825,1363533524900,51551362,KSQ
277,241710,KR7241710003,코스메카코리아,KOSDAQ GLOBAL,우량기업부,127200,1,2700,2.17,123600,135200,123600,244681,31453971500,1358496000000,10680000,KSQ
278,007310,KR7007310006,오뚜기,KOSPI,,337000,1,10500,3.22,324500,341000,324000,9867,3305919750,1350638710000,4007830,STK
279,012630,KR7012630000,HDC,KOSPI,,22300,3,0,0.0,22150,22750,21550,51584,1138106900,1332240378300,59741721,STK
280,093370,KR7093370005,후성,KOSPI,,12400,1,440,3.68,12060,12650,12020,3479242,43013929885,1329966092000,107255330,STK
281,192080,KR7192080000,더블유게임즈,KOSPI,,61600,2,-100,-0.16,61200,62100,61000,51900,3194384150,1304285628800,21173468,STK
282,017960,KR7017960006,한국카본,KOSPI,,25150,1,850,3.5,24850,25450,23750,511224,12649199375,1299663622900,51676486,STK
283,003540,KR7003540002,대신증권,KOSPI,,27200,1,250,0.93,27200,27350,26850,53196,1443305125,1296518627200,47666126,STK
284,082640,KR7082640004,동양생명,KOSPI,,8250,0,0,0.0,0,0,0,0,0,1287516293250,156062581,STK
285,066575,KR7066571001,LG전자우,KOSPI,,74800,1,2400,3.31,73300,76600,72600,100474,7476160200,1285161165200,17181299,STK
286,361610,KR7361610009,SK아이이테크놀로지,KOSPI,,15550,2,-330,-2.08,15790,15990,15150,198243,3051397895,1271789405000,81787100,STK
287,437730,KR7437730005,삼현,KOSDAQ,기술성장기업부,40100,1,1700,4.43,38400,40600,38400,330532,13078842475,1271473436700,31707567,KSQ
288,415640,KR7415640002,KB발해인프라,KOSPI,,10300,2,-170,-1.62,10280,10400,10250,98301,1012261185,1262219144400,122545548,STK
289,003380,KR7003380003,하림지주,KOSDAQ GLOBAL,우량기업부,11230,1,30,0.27,11300,11750,10840,518058,5766722835,1257823123830,112005621,KSQ
290,004000,KR7004000006,롯데정밀화학,KOSPI,,47100,1,800,1.73,46100,47150,45900,26336,1230385625,1215180000000,25800000,STK
291,000815,KR7000811000,삼성화재우,KOSPI,,404000,1,7000,1.76,397000,408000,397000,14817,5994133250,1214836080000,3007020,STK
292,030610,KR7030610000,교보증권,KOSPI,,10530,1,270,2.63,10420,10550,10330,43655,456897100,1200029979330,113962961,STK
293,280360,KR7280360009,롯데웰푸드,KOSPI,,129300,1,10100,8.47,119400,130000,119300,62201,7903824350,1190151418200,9204574,STK
294,195940,KR7195940002,HK이노엔,KOSDAQ GLOBAL,우량기업부,41650,1,500,1.22,41100,42150,40950,96260,3988055400,1179939960150,28329891,KSQ
295,491000,KR7491000006,리브스메드,KOSDAQ,기술성장기업부,45900,2,-1500,-3.16,48400,48400,44950,135460,6242987375,1159216938900,25255271,KSQ
296,006340,KR7006340004,대원전선,KOSPI,,14710,2,-400,-2.65,15320,15330,14280,5674735,83316415420,1153476059360,78414416,STK
297,166090,KR7166090001,하나머티리얼즈,KOSDAQ,우량기업부,58300,2,-1700,-2.83,60200,60500,54700,411486,23410446400,1153038394200,19777674,KSQ
298,330590,KR7330590001,롯데리츠,KOSPI,,3965,1,95,2.45,3880,3975,3770,109409,431621619,1145761625060,288968884,STK
299,077970,KR7077970002,STX엔진,KOSPI,,28400,2,-150,-0.53,29050,29500,28050,219753,6266989900,1140204989200,40148063,STK
300,183300,KR7183300003,코미코,KOSDAQ,우량기업부,54400,0,0,0.0,0,0,0,0,0,1117664864000,20545310,KSQ
301,000080,KR7000080002,하이트진로,KOSPI,,15850,1,480,3.12,15340,15890,15330,154946,2440466065,1111617734350,70133611,STK
302,032350,KR7032350001,롯데관광개발,KOSPI,,13760,1,950,7.42,13120,14200,13020,735851,10076875930,1097022302080,79725458,STK
303,300720,KR7300720000,한일시멘트,KOSPI,,14900,1,360,2.48,14550,14950,14490,59337,875969020,1095823614100,73545209,STK
304,000210,KR7000210005,DL,KOSPI,,51900,1,1000,1.96,50800,52200,50800,57788,2973023950,1087610379600,20955884,STK
305,003570,KR7003570009,SNT다이내믹스,KOSPI,,32600,1,600,1.88,32350,32950,31750,49813,1622817550,1084037922200,33252697,STK
306,204270,KR7204270003,제이앤티씨,KOSDAQ,중견기업부,18630,1,260,1.42,18280,18890,18070,400855,7418400450,1077716921580,57848466,KSQ
307,001820,KR7001820000,삼화콘덴서,KOSPI,,103000,2,-300,-0.29,107900,108000,101500,1106108,115460947150,1070685000000,10395000,STK
308,003090,KR7003090008,대웅,KOSPI,,18110,1,150,0.84,17810,18180,17800,51530,925133150,1052951257800,58141980,STK
309,496320,KR7496320003,본시스템즈,KONEX,일반기업부,1023000,0,0,0.0,0,0,0,0,0,1039340379000,1015973,KNX
310,003240,KR7003240009,태광산업,KOSPI,,930000,2,-13000,-1.38,927000,958000,911000,1764,1632012000,1035462000000,1113400,STK
311,003530,KR7003530003,한화투자증권,KOSPI,,4780,1,150,3.24,4685,4780,4630,737006,3473861462,1025538364500,214547775,STK
312,195870,KR7195870001,해성디에스,KOSPI,,58900,1,400,0.68,60100,60700,57300,83900,4933076400,1001300000000,17000000,STK
313,451800,KR7451800007,한화리츠,KOSPI,,5560,1,140,2.58,5450,5570,5380,44060,242751360,998576000000,179600000,STK
314,036540,KR7036540003,SFA반도체,KOSDAQ,중견기업부,6040,2,-190,-3.05,6300,6320,5920,1469831,8906056715,993340230120,164460303,KSQ
315,009450,KR7009450008,경동나비엔,KOSPI,,68100,2,-200,-0.29,68500,69000,66800,68182,4610090800,992121115200,14568592,STK
316,031330,KR7031330004,에스에이엠티,KOSDAQ,우량기업부,9900,1,210,2.17,9830,10410,9500,1518563,15049498915,989951163300,99995067,KSQ
317,476830,KR7476830005,알지노믹스,KOSDAQ,기술성장기업부,35250,1,200,0.57,35200,36100,33750,199602,6942721300,988954119000,28055436,KSQ
318,051915,KR7051911006,LG화학우,KOSPI,,126300,1,2200,1.77,124200,126900,123500,9234,1156461000,971095440000,7688800,STK
319,252990,KR7252990007,샘씨엔에스,KOSDAQ,우량기업부,15950,1,470,3.04,15480,16320,15240,422670,6666706220,960475329550,60217889,KSQ
320,115180,KR7115180002,큐리언트,KOSDAQ,벤처기업부,25600,1,650,2.61,25000,26700,24750,170239,4383713825,960317465600,37512401,KSQ
321,293490,KR7293490009,카카오게임즈,KOSDAQ GLOBAL,중견기업부,8990,2,-80,-0.88,9070,9350,8730,498252,4490812385,959639932350,106745265,KSQ
322,009240,KR7009240003,한샘,KOSPI,,40500,1,2450,6.44,37700,40500,37700,60279,2383928400,953124084000,23533928,STK
323,101490,KR7101490001,에스앤에스텍,KOSDAQ GLOBAL,우량기업부,44500,2,-400,-0.89,45250,45250,42600,242682,10604383175,949402115500,21334879,KSQ
324,005300,KR7005300009,롯데칠성,KOSPI,,101700,1,2700,2.73,98700,102200,98500,17454,1760942900,943662502800,9278884,STK
325,185750,KR7185750007,종근당,KOSPI,,68300,1,100,0.15,68200,69300,67500,26063,1774512500,942729874000,13802780,STK
326,192400,KR7192400000,쿠쿠홀딩스,KOSPI,,26350,2,-300,-1.13,26900,26900,25700,61074,1586458350,937063574750,35562185,STK
327,030190,KR7030190003,NICE평가정보,KOSPI,,15870,1,700,4.61,15320,15980,15300,85982,1351920005,934925933490,58911527,STK
328,100790,KR7100790005,미래에셋벤처투자,KOSDAQ,우량기업부,17500,2,-70,-0.4,17420,17840,16860,1185262,20592126170,929610115000,53120578,KSQ
329,005090,KR7005090006,SGC에너지,KOSPI,,63900,1,2100,3.4,62000,65300,60200,189724,12017203250,920756378700,14409333,STK
330,006120,KR7006120000,SK디스커버리,KOSPI,,52700,1,800,1.54,51900,54100,51300,24971,1311774800,917704677700,17413751,STK
331,056190,KR7056190002,SFA,KOSDAQ GLOBAL,우량기업부,25550,1,1250,5.14,24650,25550,24150,162398,4061600150,917468818000,35908760,KSQ
332,003470,KR7003470002,유안타증권,KOSPI,,4755,1,75,1.6,4700,4765,4640,273637,1289753027,916193885010,192680102,STK
333,034230,KR7034230003,파라다이스,KOSPI,,9890,1,180,1.85,9740,9920,9680,661166,6495250640,916104587980,92629382,STK
334,071055,KR7071051007,한국금융지주우,KOSPI,,156300,1,3300,2.16,153000,158000,152500,7141,1111052200,915644631300,5858251,STK
335,458870,KR7458870003,씨어스,KOSDAQ,기술성장기업부,23950,2,-250,-1.03,24200,24350,23000,377097,8906514475,911530773000,38059740,KSQ
336,232140,KR7232140004,와이씨,KOSDAQ,우량기업부,11100,1,270,2.49,10950,11430,10530,944541,10368563670,910703385000,82045350,KSQ
337,065350,KR7065350001,신성델타테크,KOSDAQ,우량기업부,33100,1,350,1.07,33000,33550,32050,141055,4604814200,909718678800,27483948,KSQ
338,083450,KR7083450007,GST,KOSDAQ,우량기업부,49300,2,-1200,-2.38,50900,51300,48250,123268,6116698500,908599000000,18430000,KSQ
339,119850,KR7119850006,지엔씨에너지,KOSDAQ,우량기업부,54900,2,-500,-0.9,56700,56700,52100,978485,53422958600,903045104100,16448909,KSQ
340,100090,KR7100090000,SK오션플랜트,KOSPI,,14440,1,100,0.7,14450,15100,14370,1252801,18376303170,902184182760,62478129,STK
341,079160,KR7079160008,CJ CGV,KOSPI,,5440,1,150,2.84,5310,5510,5270,426655,2296800860,900769322240,165582596,STK
342,038500,KR7038500005,삼표시멘트,KOSDAQ GLOBAL,우량기업부,8340,1,90,1.09,8270,8570,8020,464750,3839317595,900021992040,107916306,KSQ
343,090710,KR7090710005,휴림로봇,KOSDAQ,중견기업부,7470,2,-250,-3.24,7720,8040,7350,1987089,15228061320,893105946630,119559029,KSQ
344,086450,KR7086450004,동국제약,KOSDAQ GLOBAL,우량기업부,19720,2,-730,-3.57,20500,21250,19200,681384,13526773970,891943882400,45230420,KSQ
345,099320,KR7099320004,쎄트렉아이,KOSDAQ,우량기업부,81400,2,-500,-0.61,82000,82600,78800,38525,3115292850,891434029200,10951278,KSQ
346,085660,KR7085660009,차바이오텍,KOSDAQ,중견기업부,9530,1,40,0.42,9470,9810,9300,221867,2103660720,886031222380,92972846,KSQ
347,071320,KR7071320006,지역난방공사,KOSPI,,76400,1,1800,2.41,74200,76500,74000,17610,1331268400,884616041600,11578744,STK
348,281740,KR7281740001,레이크머티리얼즈,KOSDAQ,우량기업부,13400,1,150,1.13,13250,13800,12780,310643,4088995220,880789343200,65730548,KSQ
349,388720,KR7388720005,유일로보틱스,KOSDAQ,벤처기업부,74100,1,1500,2.07,72800,77800,72700,41277,3080931050,872997664500,11781345,KSQ
350,445680,KR7445680002,큐리옥스바이오시스템즈,KOSDAQ,기술성장기업부,50600,4,11650,29.91,42050,50600,41650,176254,8520480825,870484703000,17203255,KSQ
351,213420,KR7213420003,덕산네오룩스,KOSDAQ,우량기업부,35050,2,-250,-0.71,35250,35750,34550,104947,3674595125,870332823950,24831179,KSQ
352,041830,KR7041830001,인바디,KOSDAQ,우량기업부,64400,2,-1800,-2.72,65000,65800,62500,120176,7658799750,868168800800,13480882,KSQ
353,285130,KR7285130001,SK케미칼,KOSPI,,50000,1,6150,14.03,44650,50500,44650,340008,16796556600,864938300000,17298766,STK
354,189300,KR7189300007,인텔리안테크,KOSDAQ,우량기업부,79000,1,1400,1.8,77700,81100,75500,87636,6877617293,848262263000,10737497,KSQ
355,417200,KR7417200003,LS머트리얼즈,KOSDAQ,중견기업부,12420,2,-90,-0.72,12520,12745,12100,370797,4579433020,840246024780,67652659,KSQ
356,499790,KR7499790004,GS피앤엘,KOSPI,,42300,2,-900,-2.08,43300,44050,42150,46346,1987904900,838844574300,19830841,STK
357,090360,KR7090360009,로보스타,KOSDAQ,중견기업부,85900,2,-100,-0.12,87500,92600,84300,322815,28421468000,837525000000,9750000,KSQ
358,466100,KR7466100005,클로봇,KOSDAQ,기술성장기업부,32700,1,3950,13.74,29250,34750,28900,2753783,88306550600,832517115300,25459239,KSQ
359,036830,KR7036830008,솔브레인홀딩스,KOSDAQ GLOBAL,우량기업부,39950,2,-300,-0.75,40200,41650,38850,44966,1796363500,819134040950,20503981,KSQ
360,000370,KR7000370007,한화손해보험,KOSPI,,6990,1,580,9.05,6450,7010,6450,1111263,7600443260,816005015850,116738915,STK
361,365550,KR7365550003,ESR켄달스퀘어리츠,KOSPI,,3290,1,145,4.61,3145,3290,3145,234880,756068509,809632810000,246089000,STK
362,004490,KR7004490009,세방전지,KOSPI,,58000,1,2700,4.88,55600,58100,55400,37468,2133936300,803880000000,13860000,STK
363,006110,KR7006110001,삼아알미늄,KOSPI,,52900,2,-1400,-2.58,54000,54800,49700,154669,7982368000,800030769500,15123455,STK
364,298050,KR7298050006,HS효성첨단소재,KOSPI,,177700,1,5100,2.95,172300,178000,172300,10466,1835708050,796086759600,4479948,STK
365,137310,KR7137310009,에스디바이오센서,KOSPI,,6550,1,40,0.61,6470,6680,6470,100903,663314580,790906618100,120749102,STK
366,036530,KR7036530004,SNT홀딩스,KOSPI,,48400,1,300,0.62,48250,49450,48000,11854,577346100,789108082400,16303886,STK
367,003850,KR7003850005,보령,KOSPI,,9170,2,-10,-0.11,9140,9270,9080,82916,758795865,786668688190,85787207,STK
368,328130,KR7328130000,루닛,KOSDAQ,기술성장기업부,10560,1,40,0.38,10480,10740,10300,230140,2416780035,786278380800,74458180,KSQ
369,032190,KR7032190001,다우데이타,KOSDAQ,우량기업부,20500,1,570,2.86,20150,20500,19900,57760,1166005785,785150000000,38300000,KSQ
370,137400,KR7137400008,피엔티,KOSDAQ GLOBAL,우량기업부,33100,1,450,1.38,32850,33600,31800,117864,3838621150,784163096800,23690728,KSQ
371,033100,KR7033100009,제룡전기,KOSDAQ GLOBAL,우량기업부,48700,2,-1400,-2.79,49300,49400,47450,146334,7057789475,782239318300,16062409,KSQ
372,388210,KR7388210007,씨엠티엑스,KOSDAQ,벤처기업부,80800,2,-900,-1.1,82300,82700,77900,34122,2723253250,780078590400,9654438,KSQ
373,397030,KR7397030008,에이프릴바이오,KOSDAQ,기술성장기업부,28300,2,-850,-2.92,29050,29800,27550,157864,4480367150,778512680600,27509282,KSQ
374,214320,KR7214320004,이노션,KOSPI,,19330,1,270,1.42,19220,19350,19050,59151,1138284330,773200000000,40000000,STK
375,122870,KR7122870009,와이지엔터테인먼트,KOSDAQ GLOBAL,우량기업부,41050,1,1350,3.4,40000,41300,39900,130077,5285603350,767267561450,18691049,KSQ
376,074600,KR7074600008,원익QnC,KOSDAQ,우량기업부,29150,2,-1050,-3.48,30400,30400,27900,413692,11883504350,766295200000,26288000,KSQ
377,005180,KR7005180005,빙그레,KOSPI,,82400,1,13700,19.94,69900,85100,68600,1043098,84244215150,763768154400,9269031,STK
378,064960,KR7064960008,SNT모티브,KOSPI,,28450,1,850,3.08,27550,29000,27550,86186,2463539075,755070738400,26540272,STK
379,035760,KR7035760008,CJ ENM,KOSDAQ GLOBAL,중견기업부,34400,2,-200,-0.58,34600,35600,34050,56389,1951277950,754362897600,21929154,KSQ
380,356860,KR7356860007,티엘비,KOSDAQ,우량기업부,31400,1,200,0.64,32400,33200,29500,512113,15925643325,744219564000,23701260,KSQ
381,456160,KR7456160001,지투지바이오,KOSDAQ,기술성장기업부,44100,1,1500,3.52,44250,44950,42500,196853,8618505000,733357686600,16629426,KSQ
382,093320,KR7093320000,케이아이엔엑스,KOSDAQ,우량기업부,150000,1,3900,2.67,147200,150300,146100,12720,1896976150,732000000000,4880000,KSQ
383,003160,KR7003160009,디아이,KOSPI,,25800,2,-200,-0.77,26350,26700,25150,185076,4760066600,730140000000,28300000,STK
384,048410,KR7048410005,현대바이오,KOSDAQ,중견기업부,7560,2,-480,-5.97,8050,8160,7460,855344,6581173540,729582124320,96505572,KSQ
385,032500,KR7032500001,케이엠더블유,KOSDAQ,중견기업부,17240,2,-130,-0.75,17200,17400,16710,153712,2618203845,727384925240,42191701,KSQ
386,456040,KR7456040005,OCI,KOSPI,,80900,1,400,0.5,80100,80900,78700,30605,2450625950,724256845500,8952495,STK
387,102710,KR7102710001,이엔에프테크놀로지,KOSDAQ,우량기업부,50500,2,-1100,-2.13,51400,51800,48450,86467,4304167075,721535718000,14287836,KSQ
388,005690,KR7005690003,파미셀,KOSPI,,11910,2,-10,-0.08,11940,12330,11600,453793,5412556095,714647806740,60004014,STK
389,253450,KR7253450001,스튜디오드래곤,KOSDAQ GLOBAL,우량기업부,23600,3,0,0.0,23650,24300,23200,63939,1506826950,709380552800,30058498,KSQ
390,160190,KR7160190005,하이젠알앤엠,KOSDAQ,중견기업부,22900,1,1750,8.27,21350,24400,20800,413053,9388244975,707335200000,30888000,KSQ
391,248070,KR7248070005,솔루엠,KOSPI,,14770,2,-420,-2.76,15150,15220,14740,104770,1554983900,706245805720,47816236,STK
392,044490,KR7044490001,태웅,KOSDAQ,우량기업부,35200,2,-1300,-3.56,37550,37550,34650,360250,12793715450,704259811200,20007381,KSQ
393,000670,KR7000670000,영풍,KOSPI,,38100,2,-700,-1.8,38600,39350,37550,21134,804498925,701447022300,18410683,STK
394,161580,KR7161580006,필옵틱스,KOSDAQ,중견기업부,29850,2,-50,-0.17,30100,30750,29000,82423,2441697775,699751072950,23442247,KSQ
395,317450,KR7317450005,명인제약,KOSPI,,47650,1,450,0.95,47400,48450,47050,12765,606014750,695690000000,14600000,STK
396,014620,KR7014620009,성광벤드,KOSDAQ GLOBAL,우량기업부,26050,2,-700,-2.62,27150,27700,25900,209381,5514957275,691819332200,26557364,KSQ
397,094170,KR7094170008,동운아나텍,KOSDAQ,우량기업부,33000,2,-1550,-4.49,34950,34950,32450,156038,5171251000,690027888000,20909936,KSQ
398,171090,KR7171090004,선익시스템,KOSDAQ,우량기업부,67500,2,-2300,-3.3,69600,69900,65600,67680,4532465950,683614755000,10127626,KSQ
399,075580,KR7075580001,세진중공업,KOSPI,,11960,1,460,4.0,11910,12090,11730,230728,2747858160,679919493760,56849456,STK
400,041960,KR7041960006,코미팜,KOSDAQ,벤처기업부,9200,1,50,0.55,9010,9370,8950,159670,1462484470,679755754000,73886495,KSQ
401,019210,KR7019210004,와이지-원,KOSDAQ,우량기업부,18210,1,1580,9.5,16940,18400,15760,2100137,36287614880,677297786880,37193728,KSQ
402,108320,KR7108320003,LX세미콘,KOSPI,,41500,1,1350,3.36,41000,42000,40550,68715,2831533175,674968450000,16264300,STK
403,002960,KR7002960003,한국쉘석유,KOSPI,,519000,1,13000,2.57,510000,529000,503000,5167,2697524000,674700000000,1300000,STK
404,476060,KR7476060009,온코닉테라퓨틱스,KOSDAQ,기술성장기업부,14810,2,-670,-4.33,15290,15360,14630,376507,5607319090,672490110400,45407840,KSQ
405,001060,KR7001060003,JW중외제약,KOSPI,,28850,1,350,1.23,29300,29800,28400,129344,3740199150,671799080500,23285930,STK
406,093050,KR7093050003,LF,KOSPI,,22900,1,150,0.66,22800,23000,22350,19085,433013200,669596000000,29240000,STK
407,069260,KR7069260008,TKG휴켐스,KOSPI,,16350,1,290,1.81,15900,16350,15860,48319,784424365,668364913800,40878588,STK
408,033240,KR7033240003,자화전자,KOSPI,,30800,1,550,1.82,31050,31550,29650,250647,7676726225,665449461600,21605502,STK
409,268280,KR7268280005,미원에스씨,KOSPI,,132500,1,400,0.3,128600,132500,120100,4051,509341450,662500000000,5000000,STK
410,053800,KR7053800009,안랩,KOSDAQ,우량기업부,59300,2,-1200,-1.98,60700,64000,58700,35406,2109997250,659801805800,11126506,KSQ
411,002350,KR7002350007,넥센타이어,KOSPI,,6730,1,240,3.7,6550,6750,6530,92856,619529055,657304812210,97667877,STK
412,251970,KR7251970000,펌텍코리아,KOSDAQ GLOBAL,우량기업부,53000,2,-1800,-3.28,54800,55800,52100,94695,5045475200,657200000000,12400000,KSQ
413,005880,KR7005880000,대한해운,KOSPI,,2035,1,44,2.21,2000,2040,1997,1022705,2065351663,656790836900,322747340,STK
414,222080,KR7222080004,SFA넥셀,KOSDAQ GLOBAL,우량기업부,8420,1,210,2.56,8270,8470,8110,577429,4775309230,654908812480,77780144,KSQ
415,295310,KR7295310007,에이치브이엠,KOSDAQ,기술성장기업부,53800,1,300,0.56,52400,56600,51000,158662,8535076700,653572944800,12148196,KSQ
416,006730,KR7006730006,서부T&D,KOSDAQ GLOBAL,우량기업부,10120,2,-930,-8.42,11050,11400,9550,1650013,16984107880,650482460760,64276923,KSQ
417,094800,KR7094800000,맵스리얼티,KOSPI,,7000,1,50,0.72,6950,7040,6600,99983,696246345,649840317000,92834331,STK
418,025540,KR7025540006,한국단자,KOSPI,,64200,1,200,0.31,64200,65100,62900,22636,1442538800,649383000000,10115000,STK
419,059090,KR7059090001,미코,KOSDAQ,벤처기업부,19350,2,-150,-0.77,19800,19840,18770,228517,4388480385,646614654300,33416778,KSQ
420,174900,KR7174900001,앱클론,KOSDAQ,벤처기업부,32350,1,1350,4.35,31250,33700,30550,277205,8883927625,645451373150,19952129,KSQ
421,293940,KR7293940003,신한알파리츠,KOSPI,,5320,1,80,1.53,5210,5320,5210,90313,478842190,643401454360,120940123,STK
422,014820,KR7014820005,동원시스템즈,KOSPI,,22050,1,200,0.92,21500,22100,21500,30307,663486200,639257768100,28991282,STK
423,001680,KR7001680008,대상,KOSPI,,18370,1,580,3.26,17790,18390,17770,171615,3123061720,636484219250,34648025,STK
424,000400,KR7000400002,롯데손해보험,KOSPI,,2045,1,62,3.13,1983,2045,1972,478114,962966607,634637774400,310336320,STK
425,001570,KR7001570001,금양,KOSPI,,9900,0,0,0.0,0,0,0,0,0,633275240400,63967196,STK
426,383800,KR7383800000,LX홀딩스,KOSPI,,8290,1,220,2.73,8070,8290,8070,53260,435819845,632366920100,76280690,STK
427,050890,KR7050890003,쏠리드,KOSDAQ,우량기업부,10360,2,-40,-0.38,10420,10450,10050,572506,5851402405,629437692240,60756534,KSQ
428,052020,KR7052020005,에스티큐브,KOSDAQ,투자주의환기종목(소속부없음),9250,2,-130,-1.39,9460,9570,8980,149839,1374103720,628845441750,67983291,KSQ
429,124500,KR7124500000,아이티센글로벌,KOSDAQ,우량기업부,27000,2,-150,-0.55,25700,27500,25550,404820,10805482200,626522229000,23204527,KSQ
430,000640,KR7000640003,동아쏘시오홀딩스,KOSPI,,93000,2,-1400,-1.48,93100,94400,91100,22858,2101290150,626125011000,6732527,STK
431,225570,KR7225570001,넥슨게임즈,KOSDAQ,중견기업부,9480,1,360,3.95,9170,10080,9100,362444,3423392550,624354449520,65860174,KSQ
432,121600,KR7121600001,나노신소재,KOSDAQ,우량기업부,50900,1,100,0.2,50900,52200,49300,64144,3228775725,624145521900,12262191,KSQ
433,053610,KR7053610002,프로텍,KOSDAQ,우량기업부,69100,1,4300,6.64,65300,72600,63000,87194,6025262700,621900000000,9000000,KSQ
434,490470,KR7490470002,세미파이브,KOSDAQ,기술성장기업부,18250,2,-230,-1.24,18650,18950,17130,184090,3358899820,620964280000,34025440,KSQ
435,090460,KR7090460007,비에이치,KOSPI,,18400,2,-850,-4.42,19180,19220,18030,1289653,23877249660,620292299200,33711538,STK
436,122640,KR7122640006,예스티,KOSDAQ,벤처기업부,28700,2,-400,-1.37,29650,30350,27500,367609,10522613800,620051302500,21604575,KSQ
437,006380,KR7006380000,카프로,KOSPI,,3660,0,0,0.0,0,0,0,0,0,618539985360,168999996,STK
438,017940,KR7017940008,E1,KOSPI,,89500,1,3500,4.07,86900,89500,85900,5711,502085350,613970000000,6860000,STK
439,060250,KR7060250008,NHN KCP,KOSDAQ,우량기업부,15190,1,630,4.33,14580,15370,14580,359440,5405136140,610039681090,40160611,KSQ
440,453340,KR7453340002,현대그린푸드,KOSPI,,18580,1,440,2.43,18230,18650,18100,38744,714611010,603322086460,32471587,STK
441,079940,KR7079940003,가비아,KOSDAQ,우량기업부,44800,1,450,1.01,44450,45550,44300,12637,565769650,601246643200,13420684,KSQ
442,023160,KR7023160005,태광,KOSDAQ GLOBAL,우량기업부,23200,2,-250,-1.07,24100,24500,23000,149404,3483862200,600120014400,25867242,KSQ
443,046890,KR7046890000,서울반도체,KOSDAQ GLOBAL,중견기업부,10270,2,-200,-1.91,10620,10620,10120,294053,3024108555,598796458000,58305400,KSQ
444,001270,KR7001270008,부국증권,KOSPI,,57400,1,400,0.7,56600,58000,56500,1725,98613550,595231456400,10369886,STK
445,036810,KR7036810000,에프에스티,KOSDAQ,중견기업부,27450,1,300,1.1,27100,28900,25250,364871,9858797700,594286708050,21649789,KSQ
446,006650,KR7006650006,대한유화,KOSPI,,91400,1,2900,3.28,89000,92600,88900,30156,2734367750,594100000000,6500000,STK
447,037460,KR7037460003,삼지전자,KOSDAQ,우량기업부,36250,1,150,0.42,36500,36950,35200,92723,3222130975,591546422500,16318522,KSQ
448,003620,KR7003620002,KG모빌리티,KOSPI,,2915,1,55,1.92,2880,2940,2845,429505,1241056835,589922868480,202374912,STK
449,100840,KR7100840008,SNT에너지,KOSPI,,28450,1,100,0.35,28850,29600,27750,109952,3112764325,588368276350,20680783,STK
450,178920,KR7178920005,PI첨단소재,KOSPI,,19900,2,-100,-0.5,20500,20550,19530,48795,967325615,584389807800,29366322,STK
451,007700,KR7007700008,F&F홀딩스,KOSPI,,14940,1,670,4.7,14440,14980,14220,32170,466635480,584368642980,39114367,STK
452,112040,KR7112040001,위메이드,KOSDAQ,중견기업부,17180,2,-650,-3.65,18100,18290,17030,178469,3106131735,583234937940,33948483,KSQ
453,002840,KR7002840007,미원상사,KOSPI,,129400,2,-100,-0.08,129500,129500,123000,10625,1331462800,582300000000,4500000,STK
454,052400,KR7052400009,코나아이,KOSDAQ GLOBAL,우량기업부,39950,2,-1250,-3.03,40800,41750,39500,78174,3140969400,581803475450,14563291,KSQ
455,114090,KR7114090004,GKL,KOSPI,,9400,1,140,1.51,9360,9490,9280,134363,1261527405,581443298000,61855670,STK
456,399720,KR7399720002,가온칩스,KOSDAQ,벤처기업부,48800,1,1250,2.63,48400,49100,46400,143140,6887443400,578711587200,11858844,KSQ
457,045100,KR7045100005,한양이엔지,KOSDAQ,우량기업부,32750,2,-350,-1.06,33600,33600,31900,69127,2249702725,573125000000,17500000,KSQ
458,016380,KR7016380008,KG스틸,KOSPI,,5690,1,50,0.89,5620,6000,5600,220640,1253413235,569050623930,100008897,STK
459,358570,KR7358570000,지아이이노베이션,KOSDAQ,기술성장기업부,8820,1,90,1.03,8690,9300,8550,261541,2301431825,569031172920,64516006,KSQ
460,005810,KR7005810007,풍산홀딩스,KOSPI,,39450,1,1550,4.09,37900,39450,37400,50535,1945921475,568762169400,14417292,STK
461,00088K,KR700088K015,한화3우B,KOSPI,,29250,0,0,0.0,0,0,0,0,0,567579899250,19404441,STK
462,336370,KR7336370002,솔루스첨단소재,KOSPI,,8030,1,210,2.69,7990,8110,7720,84113,667244595,563804752940,70212298,STK
463,376900,KR7376900007,로킷헬스케어,KOSDAQ,기술성장기업부,32250,2,-1450,-4.3,34000,34200,31400,180384,5871264775,561449602500,17409290,KSQ
464,086900,KR7086900008,메디톡스,KOSDAQ,우량기업부,76900,1,100,0.13,77500,78300,75400,13556,1035669100,561254419300,7298497,KSQ
465,001510,KR7001510007,SK증권,KOSPI,,2415,1,45,1.9,2400,2495,2345,2546081,6105554019,558577630275,231295085,STK
466,460930,KR7460930001,현대힘스,KOSDAQ,우량기업부,15600,1,670,4.49,16000,16140,15230,749772,11682123805,553966467600,35510671,KSQ
467,00104K,KR700104K010,CJ4우(전환),KOSPI,,129900,1,100,0.08,131500,131500,127600,4213,543638600,549023908800,4226512,STK
468,348370,KR7348370008,엔켐,KOSDAQ,중견기업부,24900,1,950,3.97,23950,25650,23900,407646,10123533725,545583750600,21910994,KSQ
469,439960,KR7439960006,코스모로보틱스,KOSDAQ,기술성장기업부,16770,1,250,1.51,16640,18300,16490,5121486,89115319630,544196998020,32450626,KSQ
470,058650,KR7058650003,세아홀딩스,KOSPI,,128000,1,3500,2.81,123500,128000,122900,1761,221504350,543006208000,4242236,STK
471,383310,KR7383310000,에코프로에이치엔,KOSDAQ,우량기업부,25850,1,50,0.19,26100,26800,25150,113133,2914835075,542201992200,20974932,KSQ
472,033790,KR7033790007,피노,KOSDAQ,중견기업부,6430,1,60,0.94,6380,6690,6200,914171,5859636395,535759733410,83321887,KSQ
473,056080,KR7056080005,유진로봇,KOSDAQ,중견기업부,14000,1,410,3.02,13680,15680,13680,1202678,17553318800,535296804000,38235486,KSQ
474,008060,KR7008060006,대덕,KOSPI,,17000,1,1140,7.19,16020,17000,15760,131169,2158499305,531880666000,31287098,STK
475,003300,KR7003300001,한일홀딩스,KOSPI,,17220,1,470,2.81,16920,17220,16770,9637,163225940,530917465680,30831444,STK
476,099190,KR7099190001,아이센스,KOSDAQ,중견기업부,18460,1,100,0.54,18500,18700,18130,35031,644671570,530859924140,28757309,KSQ
477,001530,KR7001530005,DI동일,KOSPI,,25500,1,700,2.82,24650,25750,24350,41185,1037768825,528248335500,20715621,STK
478,211050,KR7211050000,인카금융서비스,KOSDAQ,우량기업부,10710,2,-20,-0.19,10510,10840,10510,70558,751198700,527613766470,49263657,KSQ
479,214430,KR7214430001,아이쓰리시스템,KOSDAQ,우량기업부,72000,2,-1800,-2.44,73600,74500,70400,15851,1136877250,526119480000,7307215,KSQ
480,126340,KR7126340009,비나텍,KOSDAQ,벤처기업부,72900,2,-3800,-4.95,77400,77500,71000,79024,5775440650,523452180600,7180414,KSQ
481,082270,KR7082270000,젬백스,KOSDAQ,벤처기업부,11780,2,-250,-2.08,11960,12370,11490,145589,1713757680,521491211340,44269203,KSQ
482,033500,KR7033500000,동성화인텍,KOSDAQ,우량기업부,17350,1,180,1.05,17500,17840,16950,102486,1769203330,520317720900,29989494,KSQ
483,079900,KR7079900007,전진건설로봇,KOSPI,,35400,1,600,1.72,35400,35900,34550,34563,1218023250,516576093000,14592545,STK
484,009520,KR7009520008,포스코엠텍,KOSDAQ GLOBAL,중견기업부,12400,1,100,0.81,12360,12590,12060,142457,1747159175,516369517200,41642703,KSQ
485,219130,KR7219130002,타이거일렉,KOSDAQ,벤처기업부,81300,1,200,0.25,82500,85900,76100,46297,3735804300,513351777000,6314290,KSQ
486,003545,KR7003541000,대신증권우,KOSPI,,20950,1,500,2.44,20450,21000,20350,56266,1167820225,510830847300,24383334,STK
487,001500,KR7001500008,현대차증권,KOSPI,,8250,1,160,1.98,8130,8250,8030,120864,985105525,510122613000,61833044,STK
488,477850,KR7477850002,마키나락스,KOSDAQ,기술성장기업부,28550,2,-50,-0.17,29300,30100,26800,1315424,37207842300,506897712800,17754736,KSQ
489,039130,KR7039130000,하나투어,KOSPI,,32700,1,750,2.35,32150,32700,31900,24759,804099900,506520776400,15489932,STK
490,005250,KR7005250006,녹십자홀딩스,KOSPI,,10750,1,310,2.97,10500,10810,10490,57675,612122560,505553257500,47028210,STK
491,010780,KR7010780005,아이에스동서,KOSPI,,16730,2,-1270,-7.06,18020,18100,15890,581319,9558552505,505028108480,30186976,STK
492,253590,KR7253590004,네오셈,KOSDAQ,우량기업부,11450,1,420,3.81,12000,13000,10710,1953233,22791144635,502301927800,43869164,KSQ
493,377740,KR7377740006,바이오노트,KOSPI,,4930,1,30,0.61,4920,4950,4845,39892,195009625,502298216640,101886048,STK
494,015750,KR7015750003,성우하이텍,KOSDAQ,우량기업부,6270,1,190,3.13,6160,6390,6110,310404,1940181310,501600000000,80000000,KSQ
495,002990,KR7002990000,금호건설,KOSPI,,13400,2,-970,-6.75,14800,15300,13140,10000380,139488297855,499283651600,37259974,STK
496,027360,KR7027360007,아주IB투자,KOSDAQ,중견기업부,4100,2,-485,-10.58,4700,4710,3940,16676818,70906609082,496696164600,121145406,KSQ
497,448730,KR7448730002,삼성FN리츠,KOSPI,,5450,1,50,0.93,5400,5470,5370,17214,93237505,496222500000,91050000,STK
498,365340,KR7365340009,성일하이텍,KOSDAQ,기술성장기업부,38400,1,3100,8.78,35350,38850,35000,121939,4553833325,496170816000,12921115,KSQ
499,017900,KR7017900002,광전자,KOSPI,,8520,2,-190,-2.18,8910,9100,8320,2010274,17271774890,493680860760,57943763,STK
500,332570,KR7332570001,PS일렉트로닉스,KOSDAQ,우량기업부,10540,2,-620,-5.56,11160,11380,10410,11841733,129100762755,492339874020,46711563,KSQ
501,484870,KR7484870001,엠앤씨솔루션,KOSPI,,17820,2,-500,-2.73,18000,18280,17480,116874,2098503290,489367494000,27461700,STK
502,460860,KR7460860000,동국제강,KOSPI,,9860,1,190,1.96,9790,9950,9700,97729,961006070,489135047620,49608017,STK
503,144960,KR7144960002,뉴파워프라즈마,KOSDAQ,우량기업부,11170,2,-1320,-10.57,12770,12850,10920,2551079,29841405835,488046610080,43692624,KSQ
504,475960,KR7475960001,토모큐브,KOSDAQ,기술성장기업부,36200,2,-2750,-7.06,39050,39500,35550,54522,2030445975,487837498800,13476174,KSQ
505,284740,KR7284740008,쿠쿠홈시스,KOSPI,,21700,1,150,0.7,21600,21700,21350,8471,182039900,486890061000,22437330,STK
506,009410,KR7009410002,태영건설,KOSPI,,1636,1,24,1.49,1615,1647,1604,319315,518009005,486857367608,297590078,STK
507,249420,KR7249420001,일동제약,KOSPI,,15200,2,-20,-0.13,15300,15610,14990,77443,1176194335,480901430400,31638252,STK
508,002240,KR7002240000,고려제강,KOSPI,,17690,1,340,1.96,17310,17690,17270,14839,260509340,477630000000,27000000,STK
509,034310,KR7034310003,NICE,KOSPI,,12990,1,280,2.2,12790,13100,12720,40377,523624940,477475469430,36757157,STK
510,067160,KR7067160002,SOOP,KOSDAQ GLOBAL,우량기업부,41500,2,-900,-2.12,42000,42950,41450,60938,2547758375,477032830500,11494767,KSQ
511,005389,KR7005383005,현대차3우B,KOSPI,,204000,1,9800,5.05,195400,204000,194300,11646,2338147150,474800208000,2327452,STK
512,336570,KR7336570007,원텍,KOSDAQ,우량기업부,5310,2,-20,-0.38,5400,5550,5230,854489,4571903960,474080230260,89280646,KSQ
513,090435,KR7090431008,아모레퍼시픽우,KOSPI,,44650,1,200,0.45,44450,44900,44000,8855,393475825,471407109500,10557830,STK
514,376300,KR7376300000,디어유,KOSDAQ,우량기업부,19800,1,10,0.05,19750,20350,19520,56395,1112248880,470020438800,23738406,KSQ
515,005945,KR7005941000,NH투자증권우,KOSPI,,24900,1,100,0.4,24850,25100,24650,39937,991692400,469887103200,18870968,STK
516,145990,KR7145990008,삼양사,KOSPI,,45550,1,1250,2.82,44500,45550,44400,10143,458226525,469777601950,10313449,STK
517,101160,KR7101160000,월덱스,KOSDAQ,우량기업부,28450,2,-150,-0.52,28950,29500,27900,120002,3421442750,469737750850,16510993,KSQ
518,000070,KR7000070003,삼양홀딩스,KOSPI,,60200,1,600,1.01,59100,60900,59100,7001,423406000,467344098200,7763191,STK
519,034950,KR7034950006,한국기업평가,KOSDAQ,우량기업부,102900,1,700,0.68,102200,103700,102200,1173,120894900,467218890600,4540514,KSQ
520,161000,KR7161000005,애경케미칼,KOSPI,,9550,1,150,1.6,9450,9570,9260,82642,777091145,464595170950,48648709,STK
521,278280,KR7278280003,천보,KOSDAQ,중견기업부,37800,1,650,1.75,37300,38400,36500,22253,830504325,463164345000,12253025,KSQ
522,425420,KR7425420007,티에프이,KOSDAQ,우량기업부,37350,2,-1250,-3.24,38950,39000,35300,109542,4079596975,461167210350,12347181,KSQ
523,104830,KR7104830005,원익머트리얼즈,KOSDAQ,우량기업부,36550,1,1000,2.81,35900,37500,35250,102107,3732460050,460822400000,12608000,KSQ
524,019170,KR7019170000,신풍제약,KOSPI,,8790,1,40,0.46,8770,9020,8680,56149,496701860,460758808380,52418522,STK
525,125490,KR7125490003,한라캐스트,KOSDAQ,벤처기업부,12590,1,1760,16.25,11190,13640,10610,18591439,235891718505,459564611680,36502352,KSQ
526,018290,KR7018290007,브이티,KOSDAQ,우량기업부,12990,2,-390,-2.91,13430,13770,12600,469208,6080537615,453894475620,34941838,KSQ
527,272290,KR7272290008,이녹스첨단소재,KOSDAQ GLOBAL,우량기업부,22700,2,-150,-0.66,23000,23250,22100,96310,2176281125,452581454300,19937509,KSQ
528,004690,KR7004690004,삼천리,KOSPI,,124700,1,2000,1.63,122100,124900,120700,7678,946671800,452259091900,3626777,STK
529,077360,KR7077360006,덕산하이메탈,KOSDAQ,벤처기업부,9910,2,-440,-4.25,10400,10540,9740,746026,7495471600,450280689820,45437002,KSQ
530,030520,KR7030520001,한컴,KOSDAQ,우량기업부,18590,1,280,1.53,18310,18740,18120,141610,2605538730,449501440960,24179744,KSQ
531,486990,KR7486990005,노타,KOSDAQ,기술성장기업부,21000,2,-250,-1.18,21600,21600,20550,131077,2748433600,449241030000,21392430,KSQ
532,003030,KR7003030004,세아제강지주,KOSPI,,108000,2,-400,-0.37,109100,114000,106700,25225,2765244500,447298956000,4141657,STK
533,417310,KR7417310000,코람코더원리츠,KOSPI,,10930,1,10,0.09,10920,10950,10910,55904,610912510,441572000000,40400000,STK
534,448900,KR7448900001,한국피아이엠,KOSDAQ,기술성장기업부,72600,1,9600,15.24,64200,74700,63500,266746,18783427750,441005578200,6074457,KSQ
535,368770,KR7368770004,파이버프로,KOSDAQ,벤처기업부,13340,2,-420,-3.05,14140,14310,13050,172097,2312978045,438275361500,32854225,KSQ
536,001200,KR7001200005,유진투자증권,KOSPI,,4510,1,140,3.2,4400,4510,4375,504166,2242396425,436867545180,96866418,STK
537,003000,KR7003000007,부광약품,KOSPI,,4415,1,5,0.11,4450,4535,4320,267564,1176590795,435604522465,98664671,STK
538,004700,KR7004700001,조광피혁,KOSPI,,65500,1,700,1.08,64300,65500,64200,471,30534000,435518539000,6649138,STK
539,024850,KR7024850000,HLB이노베이션,KOSDAQ,중견기업부,13700,1,640,4.9,13040,14400,12920,111132,1545520710,435023552800,31753544,KSQ
540,035890,KR7035890003,서희건설,KOSDAQ,중견기업부,2095,1,60,2.95,2035,2155,2020,522801,1086564920,434897982920,207588536,KSQ
541,002810,KR7002810000,삼영무역,KOSPI,,23550,1,900,3.97,22450,23650,22350,25204,577552850,434896625400,18466948,STK
542,950210,KR8702070002,프레스티지바이오파마,KOSPI,,7200,1,310,4.5,6950,7200,6840,49276,347210215,432692316000,60096155,STK
543,014830,KR7014830004,유니드,KOSPI,,63900,1,500,0.79,63500,64200,63000,11561,732999400,432449640000,6767600,STK
544,042000,KR7042000000,카페24,KOSDAQ,우량기업부,17840,2,-220,-1.22,17920,18550,17500,50020,890521920,431338534960,24178169,KSQ
545,072710,KR7072710007,농심홀딩스,KOSPI,,93000,1,3500,3.91,89600,93800,89600,11961,1105256250,431314470000,4637790,STK
546,389470,KR7389470006,인벤티지랩,KOSDAQ,기술성장기업부,32100,2,-200,-0.62,33950,34650,31800,52577,1737627600,427177426800,13307708,KSQ
547,009900,KR7009900002,명신산업,KOSPI,,8120,1,860,11.85,8370,8500,7700,879902,7045528805,426057479960,52470133,STK
548,357120,KR7357120005,코람코라이프인프라리츠,KOSPI,,4360,1,40,0.93,4320,4360,4265,44603,193329075,424382143440,97335354,STK
549,236200,KR7236200002,슈프리마,KOSDAQ,우량기업부,60500,1,1200,2.02,60000,60500,57000,18621,1099079300,421945815500,6974311,KSQ
550,004710,KR7004710000,한솔테크닉스,KOSPI,,7930,2,-230,-2.82,8230,8380,7830,463761,3729029270,421240148810,53119817,STK
551,016610,KR7016610008,DB증권,KOSPI,,9920,1,390,4.09,9600,9970,9600,86785,848470800,421068178880,42446389,STK
552,029530,KR7029530003,신도리코,KOSPI,,43150,1,1200,2.86,41850,43300,41850,7742,331228675,419233706350,9715729,STK
553,033640,KR7033640004,네패스,KOSDAQ,중견기업부,18170,2,-40,-0.22,18700,18730,17610,152234,2745301655,418985700340,23059202,KSQ
554,271940,KR7271940009,일진하이솔루스,KOSPI,,11500,2,-50,-0.43,11420,11610,11130,46757,528335995,417601685000,36313190,STK
555,468530,KR7468530001,프로티나,KOSDAQ,기술성장기업부,37600,1,3150,9.14,34750,40350,33750,302214,11425449225,414923820800,11035208,KSQ
556,005420,KR7005420005,코스모화학,KOSPI,,10760,1,220,2.09,10510,10770,10370,103042,1091672810,413272533280,38408228,STK
557,095660,KR7095660007,네오위즈,KOSDAQ,우량기업부,19100,1,100,0.53,18840,19350,18730,43885,831172350,413256366900,21636459,KSQ
558,041190,KR7041190000,우리기술투자,KOSDAQ,우량기업부,4915,1,60,1.24,4855,5250,4800,790870,3904503248,412860000000,84000000,KSQ
559,241770,KR7241770007,메카로,KOSDAQ,우량기업부,40500,2,-1100,-2.64,41600,41650,39600,16980,685900725,412801920000,10192640,KSQ
560,025320,KR7025320003,시노펙스,KOSDAQ,우량기업부,4470,2,-180,-3.87,4610,4615,4435,792901,3575618742,411966164910,92162453,KSQ
561,452260,KR7452260003,한화갤러리아,KOSPI,,2125,1,25,1.19,2110,2200,2065,828605,1762721378,411951671250,193859610,STK
562,003280,KR7003280005,흥아해운,KOSPI,,1713,1,18,1.06,1700,1713,1677,2976494,5044610961,411847851987,240424899,STK
563,005950,KR7005950001,이수화학,KOSPI,,15650,1,260,1.69,15500,15900,14730,1142052,17691251675,411503744850,26294169,STK
564,403550,KR7403550007,쏘카,KOSPI,,10810,1,110,1.03,10950,10950,10410,16954,180376320,410130773020,37939942,STK
565,200710,KR7200710002,에이디테크놀로지,KOSDAQ,중견기업부,30350,1,200,0.66,30550,31050,29100,85703,2576670025,408571912450,13462007,KSQ
566,078160,KR7078160009,메디포스트,KOSDAQ,벤처기업부,10400,1,330,3.28,10080,10480,9920,66202,674082020,407727871200,39204603,KSQ
567,016590,KR7016590002,신대양제지,KOSPI,,10070,1,260,2.65,10060,10070,9800,5944,59110360,405799047400,40297820,STK
568,078130,KR7078130002,국일제지,KOSDAQ,중견기업부,3585,2,-10,-0.28,3550,3635,3480,103835,368709553,404175004395,112740587,KSQ
569,170920,KR7170920003,엘티씨,KOSDAQ,벤처기업부,38250,2,-2350,-5.79,42700,44300,36800,478284,18630499700,404077819500,10564126,KSQ
570,344820,KR7344820006,KCC글라스,KOSPI,,25250,1,750,3.06,24400,25250,24400,5724,142360700,403255428000,15970512,STK
571,027410,KR7027410000,BGF,KOSPI,,4195,1,75,1.82,4140,4195,4100,65497,271826790,401531938245,95716791,STK
572,064290,KR7064290000,인텍플러스,KOSDAQ,중견기업부,30900,2,-1200,-3.74,32700,32900,29700,177596,5485297050,400389160200,12957578,KSQ
573,290550,KR7290550003,디케이티,KOSDAQ,우량기업부,19980,1,100,0.5,19880,20150,19200,188980,3719893240,399624575400,20001230,KSQ
574,060280,KR7060280005,큐렉소,KOSDAQ,중견기업부,9670,1,140,1.47,9800,10460,9520,588139,5836550855,398982169300,41259790,KSQ
575,372320,KR7372320002,큐로셀,KOSDAQ,기술성장기업부,26150,1,50,0.19,26150,26700,25700,17312,451012550,398190024800,15227152,KSQ
576,013030,KR7013030002,하이록코리아,KOSDAQ,우량기업부,33650,1,150,0.45,33650,34250,33250,28920,970944000,395998045600,11768144,KSQ
577,001940,KR7001940006,KISCO홀딩스,KOSPI,,27900,1,700,2.57,26850,27900,26850,7447,205405200,395521002000,14176380,STK
578,089890,KR7089890008,코세스,KOSDAQ,우량기업부,23800,2,-650,-2.66,24700,24800,23150,133591,3171507700,394722095600,16584962,KSQ
579,092230,KR7092230002,KPX홀딩스,KOSPI,,93000,1,6400,7.39,86500,93000,85500,10605,947636300,392892078000,4224646,STK
580,089010,KR7089010003,켐트로닉스,KOSDAQ,우량기업부,23400,1,50,0.21,23600,23800,22750,50328,1168389650,392418631800,16770027,KSQ
581,015360,KR7015360001,INVENI,KOSPI,,14370,1,170,1.2,14200,14370,14160,28289,403256900,391582500000,27250000,STK
582,130660,KR7130660004,한전산업,KOSPI,,11980,1,80,0.67,12090,12300,11700,150306,1794170285,390548000000,32600000,STK
583,036620,KR7036620003,감성코퍼레이션,KOSDAQ,우량기업부,4340,2,-105,-2.36,4420,4585,4240,481635,2087584992,390005176960,89862944,KSQ
584,317400,KR7317400000,자이에스앤디,KOSPI,,10030,1,540,5.69,9450,10390,9140,2199379,21617976790,388988675600,38782520,STK
585,092730,KR7092730001,네오팜,KOSDAQ,우량기업부,24250,2,-150,-0.61,24100,24800,23750,47636,1151355975,388678733250,16027989,KSQ
586,006910,KR7006910004,보성파워텍,KOSDAQ,우량기업부,7910,1,60,0.76,8010,8100,7640,3224330,25474335345,388616907840,49129824,KSQ
587,078340,KR7078340007,컴투스,KOSDAQ GLOBAL,중견기업부,32100,1,300,0.94,31700,32550,31500,36223,1155435675,388131147300,12091313,KSQ
588,025900,KR7025900002,동화기업,KOSDAQ,중견기업부,7660,2,-180,-2.3,8010,8010,7540,192461,1490912005,387268803100,50557285,KSQ
589,067630,KR7067630004,HLB생명과학,KOSDAQ,투자주의환기종목(소속부없음),3160,1,80,2.6,3080,3340,3050,500660,1587028529,385257903280,121917058,KSQ
590,031430,KR7031430002,신세계인터내셔날,KOSPI,,11010,1,350,3.28,10750,11010,10680,136611,1481808100,385195860000,34986000,STK
591,002030,KR7002030005,아세아,KOSPI,,186700,1,8900,5.01,177100,186700,177000,6966,1272132900,384387668400,2058852,STK
592,025980,KR7025980004,아난티,KOSDAQ,우량기업부,3950,1,40,1.02,3920,4070,3870,467140,1844939167,384338910500,97300990,KSQ
593,215200,KR7215200007,메가스터디교육,KOSDAQ,우량기업부,37000,2,-50,-0.13,37150,38000,36800,49541,1837853175,383512992000,10365216,KSQ
594,078020,KR7078020005,LS증권,KOSDAQ,우량기업부,6900,1,350,5.34,6650,7140,6640,179701,1237662755,382820211000,55481190,KSQ
595,064260,KR7064260003,다날,KOSDAQ,중견기업부,5060,1,40,0.8,5100,5450,5000,3601706,18648426960,382766012420,75645457,KSQ
596,033160,KR7033160003,엠케이전자,KOSDAQ,중견기업부,15800,2,-2150,-11.98,17360,18300,15220,3887293,63069467255,382272562800,24194466,KSQ
597,029460,KR7029460003,케이씨,KOSPI,,34650,1,300,0.87,34300,34650,33550,23144,789096500,381861537750,11020535,STK
598,194370,KR7194370003,제이에스코퍼레이션,KOSPI,,13110,3,0,0.0,13150,13290,12730,65454,846921340,380409697380,29016758,STK
599,381970,KR7381970003,케이카,KOSPI,,7760,1,50,0.65,7690,7790,7500,313583,2381604410,378849780480,48820848,STK
600,101930,KR7101930006,인화정공,KOSDAQ,우량기업부,8280,1,480,6.15,8650,8740,8020,159011,1308707725,378351875880,45694671,KSQ
601,306200,KR7306200007,세아제강,KOSPI,,132800,2,-300,-0.23,134400,135800,130000,5994,787185450,376660640000,2836300,STK
602,348210,KR7348210006,넥스틴,KOSDAQ,우량기업부,35800,1,500,1.42,36400,36800,34750,76906,2726041575,375076779000,10477005,KSQ
603,170900,KR7170900005,동아에스티,KOSPI,,38500,1,300,0.79,37900,38950,37800,7659,292636550,374523418500,9727881,STK
604,008730,KR7008730004,율촌화학,KOSPI,,15090,1,460,3.14,14500,15180,14460,55473,824201405,374232000000,24800000,STK
605,101730,KR7101730000,위메이드맥스,KOSDAQ,중견기업부,4460,1,145,3.36,4700,4700,4320,705947,3169456264,373762655560,83803286,KSQ
606,017810,KR7017810003,풀무원,KOSPI,,9800,1,630,6.87,9190,9820,9170,107700,1032112360,373581311600,38120542,STK
607,060980,KR7060980000,HL홀딩스,KOSPI,,41100,1,700,1.73,40400,41850,40400,22049,904325575,373140611700,9078847,STK
608,003800,KR7003800000,에이스침대,KOSDAQ,우량기업부,33350,1,100,0.3,32900,33450,32900,1401,46569250,369851500000,11090000,KSQ
609,204620,KR7204620009,글로벌텍스프리,KOSDAQ,우량기업부,5250,2,-80,-1.5,5280,5360,5220,594440,3133507825,368987482500,70283330,KSQ
610,039440,KR7039440003,에스티아이,KOSDAQ,우량기업부,23700,2,-250,-1.04,24300,24450,23150,71522,1686163475,367517013900,15507047,KSQ
611,441270,KR7441270006,파인엠텍,KOSDAQ,벤처기업부,8740,2,-360,-3.96,9150,9250,8570,374964,3307992595,367464970780,42044047,KSQ
612,356680,KR7356680009,엑스게이트,KOSDAQ,벤처기업부,12870,2,-40,-0.31,12910,13260,12460,615701,7880908230,367354742040,28543492,KSQ
613,160980,KR7160980009,싸이맥스,KOSDAQ,우량기업부,33600,2,-1350,-3.86,35000,35650,32650,330637,11171392600,367054564800,10924243,KSQ
614,069080,KR7069080000,웹젠,KOSDAQ GLOBAL,우량기업부,11840,1,10,0.08,11740,11950,11720,73280,865546720,366644248000,30966575,KSQ
615,105630,KR7105630008,한세실업,KOSPI,,9140,1,160,1.78,8950,9150,8950,45507,412795875,365600000000,40000000,STK
616,002020,KR7002020006,코오롱,KOSPI,,28250,2,-150,-0.53,28800,29350,27950,77132,2203301250,364641960000,12907680,STK
617,011760,KR7011760006,현대코퍼레이션,KOSPI,,27500,1,150,0.55,27350,27800,27100,22792,626366550,363796565000,13228966,STK
618,097520,KR7097520001,엠씨넥스,KOSPI,,20900,1,200,0.97,20800,21250,20750,40462,849266700,363691350000,17401500,STK
619,104700,KR7104700000,한국철강,KOSPI,,9930,1,50,0.51,9760,10000,9760,11205,110730640,361948500000,36450000,STK
620,078350,KR7078350006,한양디지텍,KOSDAQ,우량기업부,23550,2,-300,-1.26,25450,25450,22950,257612,6103501875,359005196100,15244382,KSQ
621,126560,KR7126560002,현대퓨처넷,KOSPI,,3280,1,50,1.55,3285,3300,3230,44172,143652495,358179411200,109201040,STK
622,183190,KR7183190008,아세아시멘트,KOSPI,,9950,1,380,3.97,9600,9950,9600,46815,459040515,357983806400,35978272,STK
623,005610,KR7005610001,삼립,KOSPI,,41450,1,1850,4.67,40250,41500,39850,4171,171266950,357672423050,8629009,STK
624,330860,KR7330860008,네패스아크,KOSDAQ,중견기업부,29300,2,-750,-2.5,30600,30600,28000,145900,4215060475,356992518500,12184045,KSQ
625,0120G0,KR70120G0001,삼양바이오팜,KOSPI,,47950,2,-650,-1.34,48650,49200,46800,18675,887981100,356549966500,7435870,STK
626,455900,KR7455900001,엔젤로보틱스,KOSDAQ,기술성장기업부,22950,1,250,1.1,22900,23850,22200,139062,3223558275,353268913950,15392981,KSQ
627,006220,KR7006220008,제주은행,KOSPI,,9340,1,80,0.86,9280,9450,9220,46468,431651930,353038522380,37798557,STK
628,200880,KR7200880003,서연이화,KOSPI,,13050,1,690,5.58,12510,13130,12470,134646,1728681040,352721102850,27028437,STK
629,024720,KR7024720005,콜마홀딩스,KOSPI,,10250,2,-100,-0.97,10470,10480,10180,49501,508796745,351536654750,34296259,STK
630,020000,KR7020000006,한섬,KOSPI,,16350,1,450,2.83,15930,16420,15810,170971,2779302165,351148851900,21476994,STK
631,145720,KR7145720009,덴티움,KOSPI,,40700,2,-50,-0.12,40700,41050,40150,14236,574856925,350992363700,8623891,STK
632,080580,KR7080580004,오킨스전자,KOSDAQ,벤처기업부,16640,1,800,5.05,15860,18290,15550,1739644,29733042765,350953491200,21090955,KSQ
633,199800,KR7199800004,툴젠,KOSDAQ,기술성장기업부,38750,2,-550,-1.4,39750,39900,38150,12002,466526600,348658123750,8997629,KSQ
634,007690,KR7007690001,국도화학,KOSPI,,37600,1,200,0.53,37750,38350,37350,13437,505160300,348207283200,9260832,STK
635,107640,KR7107640005,한중엔시에스,KOSDAQ,기술성장기업부,38400,1,1750,4.77,37000,38400,35750,64561,2394373725,348093926400,9064946,KSQ
636,006405,KR7006401004,삼성SDI우,KOSPI,,214000,1,6500,3.13,208500,215500,207000,7461,1574562250,346229744000,1617896,STK
637,089590,KR7089590004,제주항공,KOSPI,,4290,1,15,0.35,4320,4320,4260,70436,302091086,345949825650,80640985,STK
638,011930,KR7011930005,신성이엔지,KOSPI,,16890,2,-10,-0.06,16970,17350,16410,180056,3015932375,342971413980,20306182,STK
639,015860,KR7015860000,일진홀딩스,KOSPI,,6950,1,230,3.42,6780,7070,6730,133070,922596870,342965006850,49347483,STK
640,192650,KR7192650000,드림텍,KOSPI,,5200,1,10,0.19,5210,5270,5030,185155,951320655,342611510800,65886829,STK
641,110990,KR7110990009,디아이티,KOSDAQ,우량기업부,17860,1,410,2.35,17870,17960,16720,131067,2272580100,337554000000,18900000,KSQ
642,117730,KR7117730002,티로보틱스,KOSDAQ,벤처기업부,14940,1,270,1.84,14800,15270,14510,166393,2478873820,337017162420,22558043,KSQ
643,092790,KR7092790005,넥스틸,KOSPI,,12920,2,-170,-1.3,13040,13230,12670,285929,3680152835,335945840000,26002000,STK
644,092190,KR7092190008,서울바이오시스,KOSDAQ,투자주의환기종목(소속부없음),7320,2,-50,-0.68,7450,7630,7200,187300,1386424205,335756563560,45868383,KSQ
645,026890,KR7026890004,스틱인베스트먼트,KOSPI,,8660,1,170,2.0,8490,8670,8480,35962,309076765,335755448420,38770837,STK
646,206650,KR7206650004,유바이오로직스,KOSDAQ,우량기업부,9130,1,260,2.93,8880,9150,8750,94391,846811190,335548562910,36752307,KSQ
647,02826K,KR702826K016,삼성물산우B,KOSPI,,228000,1,3500,1.56,231500,236000,223000,3629,825366500,334610520000,1467590,STK
648,287840,KR7287840003,인투셀,KOSDAQ,기술성장기업부,22250,1,450,2.06,22150,22850,21350,40005,886295450,334238610000,15021960,KSQ
649,114810,KR7114810005,한솔아이원스,KOSDAQ,우량기업부,11780,2,-260,-2.16,12040,12270,11500,220254,2583826240,331526589720,28143174,KSQ
650,069540,KR7069540003,빛과전자,KOSDAQ,벤처기업부,2940,1,20,0.68,2945,2945,2790,3554404,10201991821,331314177180,112691897,KSQ
651,228760,KR7228760005,지노믹트리,KOSDAQ,기술성장기업부,13300,2,-100,-0.75,13670,13880,13070,54950,732151040,330627386600,24859202,KSQ
652,005720,KR7005720008,넥센,KOSPI,,6270,1,90,1.46,6280,6330,6180,14427,90560440,329450735790,52543977,STK
653,376270,KR7376270005,HEM파마,KOSDAQ,기술성장기업부,45350,1,1950,4.49,43800,46000,43300,9522,424330150,327388316450,7219147,KSQ
654,009160,KR7009160003,SIMPAC,KOSPI,,5000,1,80,1.63,4920,5000,4830,41065,202560338,326854840000,65370968,STK
655,217590,KR7217590009,티엠씨,KOSPI,,13560,2,-430,-3.07,14170,14400,13420,322001,4414511825,326717691000,24094225,STK
656,049070,KR7049070006,인탑스,KOSDAQ,우량기업부,19810,1,30,0.15,19770,20100,19240,80474,1595142030,326163864670,16464607,KSQ
657,126720,KR7126720002,수산인더스트리,KOSPI,,22800,2,-150,-0.65,23250,23500,22700,26707,612594075,325720800000,14286000,STK
658,900290,HK0000307485,GRT,KOSDAQ,외국기업(소속부없음),3880,1,20,0.52,3860,3940,3655,301516,1128314573,324020910720,83510544,KSQ
659,482630,KR7482630001,삼양엔씨켐,KOSDAQ,중견기업부,14800,1,390,2.71,14340,14830,13900,260271,3722686625,323946544000,21888280,KSQ
660,084110,KR7084110006,휴온스글로벌,KOSDAQ,우량기업부,25500,1,200,0.79,25400,25950,25000,25504,645436850,322825206000,12659812,KSQ
661,488900,KR7488900002,비츠로넥스텍,KOSDAQ,기술성장기업부,11130,2,-540,-4.63,11560,11570,10810,138193,1528873150,322507810590,28976443,KSQ
662,010820,KR7010820009,퍼스텍,KOSPI,,6590,1,120,1.85,6750,7120,6450,872697,5845180045,321407071420,48771938,STK
663,091810,KR7091810002,트리니티항공,KOSPI,,626,0,0,0.0,0,0,0,0,0,319592067334,510530459,STK
664,036890,KR7036890002,진성티이씨,KOSDAQ,우량기업부,14490,1,90,0.63,14540,14840,14290,73372,1063014840,319252707270,22032623,KSQ
665,093520,KR7093520005,매커스,KOSDAQ,우량기업부,26750,1,800,3.08,25300,27100,25050,68698,1782642250,318374139750,11901837,KSQ
666,098070,KR7098070006,한텍,KOSDAQ,중견기업부,28600,1,700,2.51,28200,29400,27950,82759,2372905150,318064632600,11121141,KSQ
667,079370,KR7079370003,제우스,KOSDAQ,우량기업부,10230,2,-30,-0.29,10300,10350,9800,168264,1695354025,317303807700,31016990,KSQ
668,000157,KR7000152009,두산2우B,KOSPI,,355000,1,8000,2.31,348500,355000,341000,454,158778750,317028490000,893038,STK
669,010690,KR7010690006,화신,KOSPI,,9070,1,280,3.19,9000,9580,8870,1946521,17933166425,316728118700,34920410,STK
670,092460,KR7092460005,한라IMS,KOSDAQ,우량기업부,18500,1,150,0.82,18430,18860,18370,24549,455955705,316529080000,17109680,KSQ
671,393890,KR7393890009,더블유씨피,KOSDAQ,기술성장기업부,9320,1,60,0.65,9410,9460,8800,176345,1610009115,315418102080,33843144,KSQ
672,016800,KR7016800005,퍼시스,KOSPI,,27400,1,400,1.48,27100,27950,27000,2232,60823950,315100000000,11500000,STK
673,018250,KR7018250001,애경산업,KOSPI,,11930,1,100,0.85,11700,11970,11700,47185,560575125,315070524550,26409935,STK
674,009290,KR7009290008,광동제약,KOSPI,,6320,1,100,1.61,6250,6400,6200,161437,1016684810,314734786560,49799808,STK
675,243070,KR7243070000,휴온스,KOSDAQ,우량기업부,26100,2,-350,-1.32,26500,26650,25500,11145,291463300,312669256500,11979665,KSQ
676,159010,KR7159010008,아스플로,KOSDAQ,벤처기업부,23300,1,350,1.53,23000,23950,20350,603673,13416924450,310699418700,13334739,KSQ
677,417840,KR7417840006,저스템,KOSDAQ,벤처기업부,13570,1,130,0.97,13650,13690,12630,1223412,16129699945,310337500170,22869381,KSQ
678,043150,KR7043150002,바텍,KOSDAQ,우량기업부,20850,3,0,0.0,20850,21450,20600,46510,974046600,309711237600,14854256,KSQ
679,389650,KR7389650003,넥스트바이오메디컬,KOSDAQ,기술성장기업부,37300,2,-300,-0.8,38050,38500,37050,24925,934675450,308742767800,8277286,KSQ
680,265520,KR7265520007,AP시스템,KOSDAQ,우량기업부,20500,1,50,0.24,20500,20800,20000,32207,653469100,308541830500,15050821,KSQ
681,078520,KR7078520004,에이블씨엔씨,KOSPI,,11860,2,-210,-1.74,12360,12620,11650,123390,1473652000,308527949460,26014161,STK
682,200670,KR7200670008,휴메딕스,KOSDAQ,우량기업부,27400,1,300,1.11,27350,27900,26800,20701,563473350,307700082000,11229930,KSQ
683,121440,KR7121440002,골프존홀딩스,KOSDAQ,우량기업부,7180,1,370,5.43,6820,7200,6810,85772,601230200,307568353240,42836818,KSQ
684,002310,KR7002310001,아세아제지,KOSPI,,7790,2,-10,-0.13,7800,7980,7650,138427,1083583650,307311682900,39449510,STK
685,168360,KR7168360006,펨트론,KOSDAQ,벤처기업부,13700,1,440,3.32,13990,14010,13110,99069,1344705835,306778030900,22392557,KSQ
686,108670,KR7108670001,LX하우시스,KOSPI,,34150,1,650,1.94,33600,34300,33600,10878,369955150,306245930500,8967670,STK
687,012030,KR7012030003,DB,KOSPI,,1520,1,5,0.33,1515,1534,1482,460573,691027507,305784378160,201173933,STK
688,096760,KR7096760004,JW홀딩스,KOSPI,,4135,1,105,2.61,4040,4145,4030,76876,315709304,305679635170,73924942,STK
689,002900,KR7002900009,TYM,KOSPI,,7380,1,250,3.51,7170,7430,7120,536810,3935155595,305532000000,41400000,STK
690,327260,KR7327260006,RF머트리얼즈,KOSDAQ,벤처기업부,33900,2,-3950,-10.44,37800,37800,33900,306419,10690694225,304935076500,8995135,KSQ
691,001390,KR7001390004,KG케미칼,KOSPI,,4530,1,20,0.44,4515,4575,4490,138862,627043440,304565625900,67233030,STK
692,037710,KR7037710001,광주신세계,KOSPI,,39800,2,-1550,-3.75,40950,41150,39500,64405,2581995875,303561445600,7627172,STK
693,001230,KR7001230002,동국홀딩스,KOSPI,,1951,1,86,4.61,1871,2055,1840,2052034,4027357989,303395551965,155507715,STK
694,215600,KR7215600008,신라젠,KOSDAQ,중견기업부,2180,2,-35,-1.58,2215,2270,2140,418991,915924101,302046769520,138553564,KSQ
695,025770,KR7025770009,한국정보통신,KOSDAQ,우량기업부,8050,1,190,2.42,7850,8050,7850,29390,233581510,301426381550,37444271,KSQ
696,042520,KR7042520007,한스바이오메드,KOSDAQ,벤처기업부,21050,1,200,0.96,21650,23050,20600,158959,3398418050,300201775350,14261367,KSQ
697,424870,KR7424870004,이뮨온시아,KOSDAQ,기술성장기업부,3280,2,-15,-0.46,3295,3390,3220,145085,476252535,299587029520,91337509,KSQ
698,017890,KR7017890005,한국알콜,KOSDAQ,우량기업부,14490,1,360,2.55,14440,14880,14210,129211,1875215265,299559101940,20673506,KSQ
699,001750,KR7001750009,한양증권,KOSPI,,19810,1,420,2.17,19570,19850,19370,4875,95611060,299318917660,15109486,STK
700,084010,KR7084010008,대한제강,KOSPI,,8680,1,170,2.0,8620,8740,8490,8946,76707120,298345453280,34371596,STK
701,439090,KR7439090002,마녀공장,KOSDAQ,우량기업부,18130,1,160,0.89,18130,18210,17510,456599,8195582380,297209803800,16393260,KSQ
702,244920,KR7244920005,에이플러스에셋,KOSPI,,13100,1,50,0.38,13040,13320,12670,35677,465234250,296160778300,22607693,STK
703,462350,KR7462350000,이노스페이스,KOSDAQ,기술성장기업부,8730,1,180,2.11,8550,8980,8400,276309,2406188720,295786123560,33881572,KSQ
704,200130,KR7200130003,콜마비앤에이치,KOSDAQ GLOBAL,우량기업부,10050,2,-50,-0.5,10130,10460,9940,139929,1418144015,295626357900,29415558,KSQ
705,472850,KR7472850007,폰드그룹,KOSDAQ,중견기업부,5130,2,-200,-3.75,5360,5380,5090,53946,278763070,295342574760,57571652,KSQ
706,051500,KR7051500007,CJ프레시웨이,KOSDAQ,우량기업부,24850,1,750,3.11,24350,24900,24200,12680,313015475,295008912100,11871586,KSQ
707,123890,KR7123890006,한국자산신탁,KOSPI,,2405,1,120,5.25,2295,2470,2272,841633,2011236658,294309292030,122373926,STK
708,034830,KR7034830000,한국토지신탁,KOSPI,,1163,1,44,3.93,1124,1163,1121,335197,383295111,293644974490,252489230,STK
709,099440,KR7099440000,스맥,KOSDAQ,중견기업부,4300,1,240,5.91,4060,4335,3985,812552,3410962816,293446594200,68243394,KSQ
710,035810,KR7035810001,이지홀딩스,KOSDAQ,우량기업부,4540,1,100,2.25,4425,4550,4425,153253,688657334,292903479900,64516185,KSQ
711,348340,KR7348340001,뉴로메카,KOSDAQ,기술성장기업부,23600,1,2200,10.28,21350,27500,21250,1121169,27581630050,292855963600,12409151,KSQ
712,234340,KR7234340008,헥토파이낸셜,KOSDAQ,우량기업부,20950,1,550,2.7,20700,21150,20250,280123,5798826675,292685243200,13970656,KSQ
713,033270,KR7033270000,유나이티드제약,KOSPI,,18360,1,190,1.05,18260,18360,18080,41943,764920090,292121829000,15910775,STK
714,138080,KR7138080007,오이솔루션,KOSDAQ,벤처기업부,23600,2,-1150,-4.65,24750,24750,22300,317534,7352090475,292115088800,12377758,KSQ
715,352480,KR7352480008,씨앤씨인터내셔널,KOSDAQ,우량기업부,21400,2,-150,-0.7,21450,22100,21150,25498,551504775,291679881400,13629901,KSQ
716,025860,KR7025860008,남해화학,KOSPI,,5870,1,70,1.21,5800,5880,5790,136720,796857125,291614808410,49678843,STK
717,105840,KR7105840003,우진,KOSPI,,14430,2,-820,-5.38,15740,15850,14430,477211,7124704030,291452378100,20197670,STK
718,054950,KR7054950001,제이브이엠,KOSDAQ,우량기업부,24100,3,0,0.0,23950,24350,23850,8247,198925900,291366397200,12089892,KSQ
719,091700,KR7091700005,파트론,KOSDAQ,우량기업부,5820,1,60,1.04,5760,5860,5750,65609,381112455,291000000000,50000000,KSQ
720,084690,KR7084690007,대상홀딩스,KOSPI,,8010,1,140,1.78,7810,8020,7810,15294,121230750,290062429380,36212538,STK
721,003960,KR7003960002,사조대림,KOSPI,,31650,1,250,0.8,31400,31800,31100,2198,69346375,290055380550,9164467,STK
722,298000,KR7298000001,효성화학,KOSPI,,76300,1,5800,8.23,71000,77400,70500,68749,5117198500,289315179300,3791811,STK
723,047920,KR7047920004,HLB제약,KOSDAQ,기술성장기업부,8800,1,80,0.92,8800,9000,8630,137197,1208016800,288634332800,32799356,KSQ
724,286940,KR7286940002,롯데이노베이트,KOSPI,,19050,1,200,1.06,19090,19370,18910,5739,109836620,288214441350,15129367,STK
725,136480,KR7136480001,하림,KOSDAQ,우량기업부,2710,1,10,0.37,2680,2730,2680,270900,732943564,287828292420,106209702,KSQ
726,008490,KR7008490005,서흥,KOSPI,,24850,2,-2450,-8.97,25600,26400,24650,165340,4221486550,287492458050,11569113,STK
727,005680,KR7005680004,삼영전자,KOSPI,,14340,1,320,2.28,14020,14340,13770,32693,459950940,286800000000,20000000,STK
728,481070,KR7481070001,에이유브랜즈,KOSDAQ,중견기업부,19990,2,-1560,-7.24,20700,21400,19200,117133,2368635620,286461697500,14330250,KSQ
729,004430,KR7004430005,송원산업,KOSPI,,11820,1,120,1.03,11770,11990,11640,142334,1674427525,283680000000,24000000,STK
730,025560,KR7025560004,미래산업,KOSPI,,10180,2,-50,-0.49,10590,11980,10040,1426181,15433995125,282786942040,27778678,STK
731,060720,KR7060720000,KH바텍,KOSDAQ,중견기업부,11940,1,170,1.44,11790,11950,11530,134055,1582627235,282708657480,23677442,KSQ
732,058430,KR7058430000,포스코스틸리온,KOSPI,,4710,2,-20,-0.42,4800,4835,4590,332959,1557877636,282600000000,60000000,STK
733,493280,KR7493280002,아이엠바이오로직스,KOSDAQ,기술성장기업부,19030,1,190,1.01,18910,19500,18310,69888,1314844050,282339527470,14836549,KSQ
734,232530,KR7232530006,이엠티,KONEX,일반기업부,11000,1,30,0.27,10030,11470,10030,2724,29853510,281757344000,25614304,KNX
735,010955,KR7010951002,S-Oil우,KOSPI,,70000,1,1800,2.64,67700,70700,66900,19535,1363972900,281534890000,4021927,STK
736,035600,KR7035600006,KG이니시스,KOSDAQ,우량기업부,10160,1,160,1.6,9910,10160,9900,61079,615187900,279953049440,27554434,KSQ
737,272450,KR7272450008,진에어,KOSPI,,5320,1,30,0.57,5320,5350,5210,43806,231540720,277704000000,52200000,STK
738,017390,KR7017390006,서울가스,KOSPI,,56000,1,800,1.45,55400,56000,55300,1321,73636400,277200000000,4950000,STK
739,151860,KR7151860004,KG에코솔루션,KOSDAQ,우량기업부,5820,1,20,0.34,5800,5870,5680,86264,497293020,277049471640,47603002,KSQ
740,092870,KR7092870005,엑시콘,KOSDAQ,우량기업부,21200,1,1310,6.59,20500,21650,19550,426073,8778610915,276676896400,13050797,KSQ
741,484590,KR7484590005,삼양컴텍,KOSDAQ,벤처기업부,6700,2,-60,-0.89,6820,6920,6600,169435,1136748765,276110015000,41210450,KSQ
742,002710,KR7002710002,TCC스틸,KOSPI,,10450,1,140,1.36,10500,10710,10230,27354,285056830,273933133650,26213697,STK
743,389500,KR7389500000,에스비비테크,KOSDAQ,기술성장기업부,41100,1,900,2.24,40900,43900,40500,209514,8819967200,273868699200,6663472,KSQ
744,003120,KR7003120003,일성아이에스,KOSPI,,20550,1,50,0.24,20750,20750,20200,3862,78581000,273315000000,13300000,STK
745,456010,KR7456010008,아이씨티케이,KOSDAQ,기술성장기업부,18830,1,240,1.29,18990,18990,17950,187715,3452312665,273079250500,14502350,KSQ
746,394280,KR7394280002,오픈엣지테크놀로지,KOSDAQ,기술성장기업부,10360,1,160,1.57,10500,10590,9600,71937,739470430,272950050800,26346530,KSQ
747,005430,KR7005430004,한국공항,KOSPI,,86200,1,3300,3.98,83400,89000,83400,11760,1019527450,272939801000,3166355,STK
748,217730,KR7217730001,강스템바이오텍,KOSDAQ,기술성장기업부,2895,1,210,7.82,2700,2900,2610,697697,1937527909,272286761355,94054149,KSQ
749,365270,KR7365270008,큐라클,KOSDAQ,기술성장기업부,12220,1,100,0.83,11930,12300,11710,118820,1422362980,270758442240,22156992,KSQ
750,061970,KR7061970000,LB세미콘,KOSDAQ,중견기업부,4655,1,605,14.94,4100,4865,3900,1064161,4741017331,270376392930,58083006,KSQ
751,484810,KR7484810007,티엑스알로보틱스,KOSDAQ,벤처기업부,17490,2,-40,-0.23,17300,17990,16830,470804,8200633935,270236503350,15450915,KSQ
752,023410,KR7023410004,유진기업,KOSDAQ,중견기업부,3495,1,20,0.58,3475,3515,3450,224402,780966700,270201466185,77310863,KSQ
753,180400,KR7180400004,DXVX,KOSDAQ,관리종목(소속부없음),2745,3,0,0.0,2750,2785,2600,56257,150498690,270188790840,98429432,KSQ
754,036200,KR7036200004,유니셈,KOSDAQ,우량기업부,8760,1,20,0.23,8840,8900,8410,149435,1296833100,268618593480,30664223,KSQ
755,309710,KR7309710002,아이티켐,KOSDAQ,관리종목(소속부없음),21000,0,0,0.0,0,0,0,0,0,268443021000,12783001,KSQ
756,100120,KR7100120005,뷰웍스,KOSDAQ,우량기업부,29900,1,1450,5.1,28450,30150,28200,57678,1706787850,268245188900,8971411,KSQ
757,108860,KR7108860008,셀바스AI,KOSDAQ,벤처기업부,9910,2,-250,-2.46,10150,10250,9740,368158,3663219400,266725568900,26914790,KSQ
758,122900,KR7122900004,아이마켓코리아,KOSPI,,7970,1,100,1.27,7880,8000,7840,47618,376386730,266427854800,33428840,STK
759,064820,KR7064820004,케이프,KOSDAQ,우량기업부,8620,2,-360,-4.01,9270,9450,8160,270169,2334949945,266015053300,30860215,KSQ
760,194700,KR7194700001,노바렉스,KOSDAQ,우량기업부,14560,2,-520,-3.45,15120,15210,14560,185426,2739397615,265790586880,18254848,KSQ
761,182400,KR7182400002,엔케이젠바이오텍코리아,KOSDAQ,관리종목(소속부없음),3670,0,0,0.0,0,0,0,0,0,265496721770,72342431,KSQ
762,340570,KR7340570001,티앤엘,KOSDAQ,우량기업부,32650,1,650,2.03,32450,34000,31050,169739,5480886650,265379200000,8128000,KSQ
763,267980,KR7267980001,매일유업,KOSDAQ,우량기업부,34200,1,250,0.74,33950,34250,33650,1428,48488550,262096419600,7663638,KSQ
764,044820,KR7044820009,코스맥스비티아이,KOSPI,,27200,1,50,0.18,27150,28300,26600,48377,1328089550,261226651200,9603921,STK
765,389260,KR7389260001,대명에너지,KOSDAQ,우량기업부,14580,2,-470,-3.12,15080,15130,14400,198330,2906019015,261220018500,17916325,KSQ
766,003350,KR7003350006,한국화장품제조,KOSPI,,11520,1,30,0.26,11490,11860,11080,1345528,15534270675,261043200000,22660000,STK
767,003070,KR7003070000,코오롱글로벌,KOSPI,,10240,1,160,1.59,10080,10480,10000,53106,542512290,260341340160,25423959,STK
768,334890,KR7334890001,이지스밸류플러스리츠,KOSPI,,3745,1,55,1.49,3690,3745,3655,65222,241746494,260085317835,69448683,STK
769,018000,KR7018000000,유니슨,KOSDAQ,중견기업부,1000,1,134,15.47,879,1017,872,10291460,9922878949,259498284000,259498284,KSQ
770,003200,KR7003200003,일신방직,KOSPI,,11230,1,520,4.86,10710,11490,10710,95869,1054458870,257840800000,22960000,STK
771,445090,KR7445090004,에이직랜드,KOSDAQ,벤처기업부,23550,1,2600,12.41,21550,24700,21100,307319,7140682775,257299245900,10925658,KSQ
772,237880,KR7237880000,클리오,KOSDAQ,우량기업부,14230,1,2730,23.74,13650,14800,13180,1717610,24653213010,257155353190,18071353,KSQ
773,200470,KR7200470003,에이팩트,KOSDAQ,중견기업부,6070,1,280,4.84,5780,6300,5650,987575,5958397760,257137904510,42362093,KSQ
774,003650,KR7003650009,미창석유,KOSPI,,147400,1,1600,1.1,145800,149400,143700,4514,660966750,256427652800,1739672,STK
775,121800,KR7121800007,비덴트,KOSDAQ,관리종목(소속부없음),3320,0,0,0.0,0,0,0,0,0,256309348520,77201611,KSQ
776,036800,KR7036800001,나이스정보통신,KOSDAQ,우량기업부,28150,0,0,0.0,0,0,0,0,0,256165000000,9100000,KSQ
777,092200,KR7092200005,디아이씨,KOSPI,,6580,1,1330,25.33,5600,6820,5530,6544969,43337292865,255886784020,38888569,STK
778,004360,KR7004360004,세방,KOSPI,,13380,1,230,1.75,13220,13380,13130,17937,238479600,255766768140,19115603,STK
779,071200,KR7071200000,인피니트헬스케어,KOSDAQ,중견기업부,10480,2,-230,-2.15,10890,10890,10480,92781,984059365,255674879840,24396458,KSQ
780,114190,KR7114190002,강원에너지,KOSDAQ,중견기업부,9770,2,-320,-3.17,10000,10000,9490,226669,2209062435,255222081260,26123038,KSQ
781,085910,KR7085910008,네오티스,KOSDAQ,중견기업부,18450,2,-1390,-7.01,20450,20450,17920,213345,3980376270,254514392100,13794818,KSQ
782,475400,KR7475400008,씨메스로보틱스,KOSDAQ,기술성장기업부,21550,1,850,4.11,21000,22000,20700,93259,1992269100,254438565700,11806894,KSQ
783,000430,KR7000430009,대원강업,KOSPI,,4085,1,335,8.93,3750,4580,3725,2645667,11195984005,253270000000,62000000,STK
784,377460,KR7377460001,큐에이드,KOSDAQ,관리종목(소속부없음),4080,0,0,0.0,0,0,0,0,0,253187202960,62055687,KSQ
785,404990,KR7404990004,신한서부티엔디리츠,KOSPI,,4120,1,100,2.49,4025,4120,3985,38836,157336310,253042015800,61417965,STK
786,304360,KR7304360001,에스바이오메딕스,KOSDAQ,벤처기업부,20400,1,100,0.49,20300,20800,19920,13219,266493550,252656611200,12385128,KSQ
787,003920,KR7003920006,남양유업,KOSPI,,44400,1,150,0.34,44250,44700,43800,2010,89000800,251901046800,5673447,STK
788,448280,KR7448280008,에코아이,KOSDAQ,중견기업부,8500,1,790,10.25,7760,9070,7760,96741,831035560,251864596500,29631129,KSQ
789,136490,KR7136490000,선진,KOSPI,,10450,2,-190,-1.79,10550,10550,10000,217655,2225904400,248496861800,23779604,STK
790,0011T0,KR70011T0008,채비,KOSDAQ,기술성장기업부,5290,2,-10,-0.19,5300,5570,5220,144691,771850745,248363336390,46949591,KSQ
791,024840,KR7024840001,KBI메탈,KOSDAQ,중견기업부,5750,1,80,1.41,5900,5900,5370,4339767,24467436770,248169356000,43159888,KSQ
792,039830,KR7039830005,오로라,KOSDAQ,우량기업부,23050,2,-100,-0.43,23650,23900,22450,122803,2787282100,248084614500,10762890,KSQ
793,206640,KR7206640005,바디텍메드,KOSDAQ,우량기업부,11300,2,-10,-0.09,11310,11460,11220,9896,112011640,247559507300,21907921,KSQ
794,007160,KR7007160005,사조산업,KOSPI,,49500,1,600,1.23,49300,49650,48400,4820,236524375,247500000000,5000000,STK
795,061090,KR7061090007,세나테크놀로지,KOSDAQ,벤처기업부,45250,2,-750,-1.63,46200,47200,44100,32806,1487844025,247406637500,5467550,KSQ
796,073490,KR7073490005,LIG아큐버,KOSDAQ,우량기업부,32500,1,150,0.46,32500,33000,31850,44494,1443895375,247124995000,7603846,KSQ
797,254490,KR7254490006,미래반도체,KOSDAQ,우량기업부,17060,2,-60,-0.35,17940,18050,16600,206879,3544376455,246312280000,14438000,KSQ
798,005500,KR7005500004,삼진제약,KOSPI,,18440,1,170,0.93,18290,18600,18080,35027,643348400,245620800000,13320000,STK
799,003720,KR7003720000,삼영,KOSPI,,7220,2,-80,-1.1,7340,7570,7030,558189,4057060035,245480000000,34000000,STK
800,314930,KR7314930009,바이오다인,KOSDAQ,기술성장기업부,8230,2,-150,-1.79,8690,8690,8170,35464,292222910,244958567690,29764103,KSQ
801,000050,KR7000050005,경방,KOSPI,,8900,1,130,1.48,8770,9250,8740,97100,869145160,243995903000,27415270,STK
802,091580,KR7091580001,상신이디피,KOSDAQ,우량기업부,18280,1,440,2.47,17870,18590,16740,247548,4395949645,243639843320,13328219,KSQ
803,419530,KR7419530001,SAMG엔터,KOSDAQ,기술성장기업부,23850,3,0,0.0,23900,24700,23500,85703,2065904100,243444987450,10207337,KSQ
804,461300,KR7461300006,아이스크림미디어,KOSDAQ,벤처기업부,18200,1,520,2.94,17690,18510,17490,77525,1409258830,242677580600,13333933,KSQ
805,378340,KR7378340004,필에너지,KOSDAQ,중견기업부,11210,1,50,0.45,11200,11330,10870,27387,303145640,242627917220,21643882,KSQ
806,043370,KR7043370006,피에이치에이,KOSDAQ,우량기업부,11550,1,430,3.87,11250,11550,11080,9665,109555235,242550000000,21000000,KSQ
807,298690,KR7298690009,에어부산,KOSPI,,1487,1,16,1.09,1473,1514,1466,210123,312695275,242254414664,162914872,STK
808,098120,KR7098120009,마이크로컨텍솔,KOSDAQ,우량기업부,29100,1,850,3.01,28650,29800,26900,237011,6868768200,241901490600,8312766,KSQ
809,102940,KR7102940004,코오롱생명과학,KOSDAQ,중견기업부,18460,1,1000,5.73,17610,18990,17490,421030,7687782160,241652531380,13090603,KSQ
810,314130,KR7314130006,지놈앤컴퍼니,KOSDAQ,기술성장기업부,4620,1,160,3.59,4545,4720,4410,333630,1526086680,241623343500,52299425,KSQ
811,011560,KR7011560000,세보엠이씨,KOSDAQ,우량기업부,23950,1,2150,9.86,22000,24150,21750,160218,3666982125,241532684400,10084872,KSQ
812,089980,KR7089980007,상아프론테크,KOSDAQ,우량기업부,15080,1,240,1.62,14910,15400,14770,21426,321581260,241114677960,15989037,KSQ
813,298830,KR7298830001,슈어소프트테크,KOSDAQ,우량기업부,4505,1,95,2.15,4470,4610,4385,437322,1962958456,240830537995,53458499,KSQ
814,001790,KR7001790005,대한제당,KOSPI,,2790,1,45,1.64,2745,2790,2745,113688,315252812,240614942850,86241915,STK
815,002320,KR7002320000,한진,KOSPI,,15500,1,380,2.51,15210,15500,15210,21996,338115600,240538548000,15518616,STK
816,000680,KR7000680009,LS네트웍스,KOSPI,,3050,1,65,2.18,2985,3055,2950,186356,558232474,240349198800,78803016,STK
817,094360,KR7094360005,칩스앤미디어,KOSDAQ,벤처기업부,11250,1,110,0.99,11240,11380,10900,42024,467971595,240246832500,21355274,KSQ
818,187660,KR7187660006,페니트리움바이오,KOSDAQ,중견기업부,4330,2,-590,-11.99,4985,5070,4310,1037462,4721959171,240168875490,55466253,KSQ
819,042370,KR7042370007,비츠로테크,KOSDAQ,우량기업부,9160,2,-120,-1.29,9350,9400,8960,134608,1228036660,239992229000,26200025,KSQ
820,226320,KR7226320000,잇츠한불,KOSPI,,10940,1,230,2.15,10930,11090,10800,29688,324990015,239906706100,21929315,STK
821,001460,KR7001460005,BYC,KOSPI,,38400,1,250,0.66,38000,38700,37600,3175,120770700,239852160000,6246150,STK
822,000490,KR7000490003,대동,KOSPI,,8300,2,-180,-2.12,8430,8730,8200,1180799,9918105625,239262979500,28826865,STK
823,900140,KYG5307W1015,엘브이엠씨홀딩스,KOSPI,,1238,3,0,0.0,1248,1250,1223,313880,386599778,239231654816,193240432,STK
824,003520,KR7003520004,영진약품,KOSPI,,1308,3,0,0.0,1316,1322,1300,242162,316905528,239223692148,182892731,STK
825,044450,KR7044450005,KSS해운,KOSPI,,10360,1,510,5.18,9860,10800,9860,197545,2067005515,239169716800,23085880,STK
826,134380,KR7134380005,미원화학,KOSPI,,10870,1,410,3.92,12090,12090,10870,29885,345335350,239060431600,21992680,STK
827,030210,KR7030210009,다올투자증권,KOSPI,,3920,1,85,2.22,3840,3930,3840,81429,317582880,238771535520,60911106,STK
828,194480,KR7194480000,데브시스터즈,KOSDAQ,중견기업부,19650,2,-1700,-7.96,20700,20700,19010,139511,2745991125,238337797500,12129150,KSQ
829,028100,KR7028100006,동아지질,KOSPI,,17720,2,-300,-1.66,18020,18120,17720,13143,233777180,237261975440,13389502,STK
830,0030R0,KR70030R0007,대신밸류리츠,KOSPI,,3965,1,25,0.63,3940,3965,3890,2896,11367830,237027700000,59780000,STK
831,053030,KR7053030003,바이넥스,KOSDAQ,중견기업부,7220,2,-80,-1.1,7260,7410,7130,70403,508871345,235979837360,32684188,KSQ
832,452280,KR7452280001,한선엔지니어링,KOSDAQ,우량기업부,12250,2,-1830,-13.0,14150,14900,12130,699526,9041282915,235783957500,19247670,KSQ
833,475560,KR7475560009,더본코리아,KOSPI,,15890,1,1800,12.78,16620,17760,15830,255704,4214190025,235616443300,14827970,STK
834,446540,KR7446540007,메가터치,KOSDAQ,중견기업부,8100,2,-200,-2.41,8480,8500,7730,249562,2018367430,235540799100,29079111,KSQ
835,377450,KR7377450002,리파인,KOSDAQ,우량기업부,13580,2,-10,-0.07,13590,13900,13340,60479,822522030,235341400000,17330000,KSQ
836,452430,KR7452430002,사피엔반도체,KOSDAQ,기술성장기업부,28500,1,100,0.35,29150,29150,27200,20163,564652050,235279498500,8255421,KSQ
837,065680,KR7065680001,우주일렉트로,KOSDAQ,우량기업부,25350,1,2150,9.27,23900,25800,23100,44626,1095696850,234245939850,9240471,KSQ
838,036030,KR7036030005,케이티알파,KOSDAQ,우량기업부,4775,2,-10,-0.21,4780,4830,4695,45485,216217840,234066398275,49019141,KSQ
839,348950,KR7348950007,제이알글로벌리츠,KOSPI,,1182,0,0,0.0,0,0,0,0,0,233298432000,197376000,STK
840,0008Z0,KR70008Z0005,에스엔시스,KOSDAQ,벤처기업부,24700,1,650,2.7,25000,25150,24100,29287,719626150,233083130800,9436564,KSQ
841,095500,KR7095500005,미래나노텍,KOSDAQ,우량기업부,7500,1,60,0.81,7470,7570,7300,148177,1102875845,232574992500,31009999,KSQ
842,051905,KR7051901007,LG생활건강우,KOSPI,,110500,1,1000,0.91,110200,110900,109300,4471,491903300,231636619500,2096259,STK
843,484120,KR7484120001,도우인시스,KOSDAQ,중견기업부,21100,3,0,0.0,21250,21250,20150,28497,589425825,231201604200,10957422,KSQ
844,001340,KR7001340009,PKC,KOSPI,,5130,1,40,0.79,5080,5150,4955,141693,713133720,230994096570,45028089,STK
845,144510,KR7144510005,지씨셀,KOSDAQ,중견기업부,14600,1,130,0.9,14720,14720,14270,36181,523496885,230685022400,15800344,KSQ
846,014940,KR7014940001,오리엔탈정공,KOSDAQ,우량기업부,5060,1,140,2.85,5070,5180,4945,225758,1143396091,230602724660,45573661,KSQ
847,000650,KR7000650002,천일고속,KOSPI,,161100,1,2700,1.7,158400,161100,156100,1619,255239400,230247342000,1429220,STK
848,317330,KR7317330009,덕산테코피아,KOSDAQ,중견기업부,11230,1,70,0.63,11270,11390,10870,60236,668520690,229952038320,20476584,KSQ
849,065710,KR7065710006,서호전기,KOSDAQ,우량기업부,44500,1,200,0.45,44900,44900,43600,6695,296162625,229175000000,5150000,KSQ
850,001250,KR7001250000,GS글로벌,KOSPI,,2775,1,35,1.28,2745,2815,2700,527520,1449098137,229031195100,82533764,STK
851,112290,KR7112290002,와이씨켐,KOSDAQ,기술성장기업부,11320,1,280,2.54,11100,11370,10990,91707,1025251115,228902738800,20221090,KSQ
852,033920,KR7033920000,무학,KOSPI,,8030,1,310,4.02,7720,8040,7720,31891,253094215,228855000000,28500000,STK
853,005710,KR7005710009,대원산업,KOSDAQ,우량기업부,11410,1,160,1.42,11250,11480,11150,7363,83069470,228629016000,20037600,KSQ
854,459510,KR7459510004,나우로보틱스,KOSDAQ,기술성장기업부,17600,1,350,2.03,17250,17900,17170,154223,2714340420,228419523200,12978382,KSQ
855,318060,KR7318060001,그래피,KOSDAQ,기술성장기업부,20400,1,1640,8.74,18820,20400,18310,126301,2425514035,228218410800,11187177,KSQ
856,450950,KR7450950001,아스테라시스,KOSDAQ,벤처기업부,6050,2,-80,-1.31,6120,6340,5950,18286,110511720,227646931600,37627592,KSQ
857,215000,KR7215000001,골프존,KOSDAQ,우량기업부,36250,2,-150,-0.41,36550,37000,36150,29955,1090388075,227483793750,6275415,KSQ
858,0001A0,KR70001A0001,덕양에너젠,KOSDAQ,중견기업부,8920,1,20,0.22,8990,9210,8700,79258,706949700,227183141040,25468962,KSQ
859,005010,KR7005010004,휴스틸,KOSPI,,4035,1,55,1.38,3980,4035,3905,176393,698377437,226718882625,56188075,STK
860,241520,KR7241520006,DSC인베스트먼트,KOSDAQ,중견기업부,8510,1,110,1.31,8400,8680,8320,124306,1051901170,226366000000,26600000,KSQ
861,000320,KR7000320002,노루홀딩스,KOSPI,,17020,2,-100,-0.58,17150,17150,16760,11181,188985485,226215390020,13291151,STK
862,290690,KR7290690007,아리바이오홀딩스,KOSDAQ,중견기업부,4255,1,35,0.83,4220,4330,4150,281648,1184423976,225342361885,52959427,KSQ
863,099430,KR7099430001,바이오플러스,KOSDAQ,우량기업부,3655,1,45,1.25,3630,3710,3510,446335,1611013681,225296838910,61640722,KSQ
864,086390,KR7086390002,유니테스트,KOSDAQ,중견기업부,10630,1,900,9.25,9970,10660,9420,376749,3832034730,224655759380,21134126,KSQ
865,068930,KR7068930007,디지털대성,KOSDAQ,우량기업부,8060,1,110,1.38,7950,8060,7900,26915,215115970,223063256520,27675342,KSQ
866,034120,KR7034120006,SBS,KOSPI,,12020,1,120,1.01,11920,12080,11920,11979,143773160,222985880760,18551238,STK
867,009680,KR7009680000,모토닉,KOSPI,,10230,1,220,2.2,10150,10590,10020,46599,473717935,222329551620,21733094,STK
868,000540,KR7000540005,흥국화재,KOSPI,,3460,1,170,5.17,3295,3465,3295,73081,248883032,222279551700,64242645,STK
869,125020,KR7125020008,티씨머티리얼즈,KOSDAQ,중견기업부,6340,2,-10,-0.16,6370,6440,5950,572639,3460362190,222144407000,35038550,KSQ
870,203650,KR7203650007,드림시큐리티,KOSDAQ,중견기업부,2180,1,50,2.35,2150,2180,2080,923923,1973601842,221715775120,101704484,KSQ
871,037270,KR7037270006,YG PLUS,KOSPI,,3475,1,20,0.58,3465,3535,3435,161737,560461434,221229307250,63663110,STK
872,025000,KR7025000001,KPX케미칼,KOSPI,,50500,1,300,0.6,50000,50700,49950,4411,222876900,221124804500,4378709,STK
873,017860,KR7017860008,DS단석,KOSPI,,12440,1,30,0.24,12390,12600,11990,121682,1487683775,220923689160,17759139,STK
874,950170,KR8392080006,JTC,KOSDAQ,외국기업(소속부없음),4260,3,0,0.0,4225,4330,4225,5632,24070995,220439442480,51746348,KSQ
875,432320,KR7432320000,KB스타리츠,KOSPI,,1462,1,12,0.83,1450,1469,1425,192662,279131003,220417384670,150764285,STK
876,036710,KR7036710002,심텍홀딩스,KOSDAQ,중견기업부,4170,1,50,1.21,4275,4275,3995,268747,1103973771,220291734180,52827754,KSQ
877,000480,KR7000480004,CR홀딩스,KOSPI,,4695,1,25,0.54,4670,4710,4660,4258,19928460,220150850550,46890490,STK
878,425040,KR7425040003,티이엠씨,KOSDAQ,우량기업부,10030,1,50,0.5,10160,10200,9380,205057,2024251140,219886666940,21922898,KSQ
879,052330,KR7052330008,코텍,KOSDAQ,우량기업부,12350,3,0,0.0,12350,12630,12350,42700,530051625,219355624150,17761589,KSQ
880,011500,KR7011500006,한농화성,KOSPI,,13960,1,330,2.42,13690,13970,13250,66034,905989155,218293106320,15637042,STK
881,123330,KR7123330003,제닉,KOSDAQ,우량기업부,27300,2,-2850,-9.45,32100,33900,27150,927956,27292075400,217544964000,7968680,KSQ
882,018310,KR7018310003,삼목에스폼,KOSDAQ,우량기업부,14790,1,620,4.38,14190,14870,14040,20291,294889580,217413000000,14700000,KSQ
883,304100,KR7304100001,솔트룩스,KOSDAQ,기술성장기업부,17100,1,50,0.29,17260,17260,16600,151276,2571915900,215354920500,12593855,KSQ
884,046970,KR7046970000,우리로,KOSDAQ,벤처기업부,4905,2,-145,-2.87,5100,5150,4760,473752,2326611232,214961620095,43824999,KSQ
885,354320,KR7354320004,알멕,KOSDAQ,기술성장기업부,33600,2,-50,-0.15,33700,34050,32450,62346,2063141525,214750401600,6391381,KSQ
886,064850,KR7064850001,에프앤가이드,KOSDAQ,벤처기업부,18810,1,480,2.62,18340,19140,18340,24442,461471455,214628344920,11410332,KSQ
887,115450,KR7115450009,HLB테라퓨틱스,KOSDAQ,중견기업부,2410,1,30,1.26,2385,2480,2320,214802,516423719,213478062690,88580109,KSQ
888,067390,KR7067390005,아스트,KOSDAQ,중견기업부,506,0,0,0.0,0,0,0,0,0,213105734974,421157579,KSQ
889,023760,KR7023760002,한국캐피탈,KOSDAQ,우량기업부,670,0,0,0.0,0,0,0,0,0,211458415920,315609576,KSQ
890,272110,KR7272110008,케이엔제이,KOSDAQ,우량기업부,26300,2,-1700,-6.07,27950,27950,25200,272003,7175572000,211067888500,8025395,KSQ
891,049630,KR7049630007,재영솔루텍,KOSDAQ,우량기업부,9030,4,2080,29.93,9030,9030,7800,2961427,25960105315,210987205170,23365139,KSQ
892,003555,KR7003551009,LG우,KOSPI,,70000,1,2100,3.09,67900,70400,67900,13337,927917650,210783930000,3011199,STK
893,035150,KR7035150002,백산,KOSPI,,10640,1,290,2.8,10460,10740,10390,23597,248035685,210364280560,19771079,STK
894,243840,KR7243840006,신흥에스이씨,KOSDAQ,우량기업부,5440,1,100,1.87,5470,5470,5210,139487,745468285,209756798400,38558235,KSQ
895,294570,KR7294570007,쿠콘,KOSDAQ,우량기업부,20750,2,-100,-0.48,21100,21400,20650,24961,521731475,209403439000,10091732,KSQ
896,353810,KR7353810005,이지바이오,KOSDAQ,우량기업부,6290,1,20,0.32,6220,6340,6160,102858,645037935,208085276800,33081920,KSQ
897,013120,KR7013120001,동원개발,KOSDAQ,우량기업부,2290,1,30,1.33,2260,2300,2235,57367,130117087,207950549000,90808100,KSQ
898,058970,KR7058970005,엠로,KOSDAQ,기술성장기업부,16800,1,730,4.54,16330,17040,16220,32400,539361560,207694939200,12362794,KSQ
899,094480,KR7094480001,갤럭시아머니트리,KOSDAQ,우량기업부,5290,1,60,1.15,5230,5400,5210,149932,793428360,207525843020,39229838,KSQ
900,416180,KR7416180008,신성에스티,KOSDAQ,벤처기업부,22950,1,1750,8.25,21600,23700,21000,50185,1129135550,207462905100,9039778,KSQ
901,03473K,KR703473K016,SK우,KOSPI,,365500,1,9500,2.67,360000,366000,355500,1337,483139500,206922342500,566135,STK
902,053690,KR7053690004,한미글로벌,KOSPI,,18880,2,-340,-1.77,19250,19650,18560,66992,1265125060,206878544000,10957550,STK
903,0082N0,KR70082N0008,카나프테라퓨틱스,KOSDAQ,기술성장기업부,15540,1,280,1.83,15280,15810,14850,33106,506008040,206691013200,13300580,KSQ
904,380540,KR7380540005,옵티코어,KOSDAQ,관리종목(소속부없음),8450,0,0,0.0,0,0,0,0,0,206658126350,24456583,KSQ
905,230240,KR7230240004,에치에프알,KOSDAQ,중견기업부,15510,2,-490,-3.06,16050,16100,15190,189002,2930795230,206422590000,13309000,KSQ
906,019010,KR7019010008,베뉴지,KOSDAQ,중견기업부,4275,1,245,6.08,4050,4295,4025,249994,1041657880,206055000000,48200000,KSQ
907,036190,KR7036190007,금화피에스시,KOSDAQ,우량기업부,34250,1,1050,3.16,33500,34350,33100,9526,323689550,205500000000,6000000,KSQ
908,001630,KR7001630003,종근당홀딩스,KOSPI,,41000,1,1100,2.76,40000,41000,39900,2984,120117975,205404301000,5009861,STK
909,264850,KR7264850009,이랜시스,KOSDAQ,중견기업부,6780,1,210,3.2,6630,6990,6510,2241125,15195795955,205397469360,30294612,KSQ
910,190510,KR7190510008,나무가,KOSDAQ,우량기업부,14530,1,420,2.98,14240,14670,14040,47421,681244545,204659656010,14085317,KSQ
911,054210,KR7054210000,이랜텍,KOSDAQ,우량기업부,8090,1,60,0.75,8060,8160,7840,139589,1112286620,204605888900,25291210,KSQ
912,095570,KR7095570008,AJ네트웍스,KOSPI,,4520,1,100,2.26,4435,4545,4435,74511,334258460,204542470680,45252759,STK
913,004980,KR7004980009,성신양회,KOSPI,,8330,1,150,1.83,8230,8330,8170,67806,560083025,204218888090,24516073,STK
914,034810,KR7034810002,해성산업,KOSDAQ,중견기업부,6460,1,360,5.9,6100,6700,6100,83837,536783900,204007781920,31580152,KSQ
915,100250,KR7100250000,진양홀딩스,KOSPI,,3185,1,200,6.7,3000,3205,3000,316938,986429843,203521500000,63900000,STK
916,088260,KR7088260005,이리츠코크렙,KOSPI,,3205,1,95,3.05,3110,3205,3110,52382,165555806,203009795950,63341590,STK
917,039570,KR7039570007,HDC랩스,KOSPI,,7800,1,170,2.23,7610,7800,7600,5552,42471545,202469287800,25957601,STK
918,004310,KR7004310009,현대약품,KOSPI,,6310,2,-180,-2.77,6480,6560,6260,568187,3618467255,201920000000,32000000,STK
919,382800,KR7382800001,지앤비에스 에코,KOSDAQ,우량기업부,6280,1,340,5.72,6150,6500,6000,2378039,14795044275,199898937480,31831041,KSQ
920,001130,KR7001130004,대한제분,KOSPI,,11800,1,90,0.77,11690,11800,11600,9092,106152150,199420000000,16900000,STK
921,067080,KR7067080002,대화제약,KOSDAQ,중견기업부,10700,2,-220,-2.01,10900,11040,10580,48971,526262170,199198155000,18616650,KSQ
922,128820,KR7128820008,대성산업,KOSPI,,4400,1,40,0.92,4335,4445,4260,139917,607303298,199036103200,45235478,STK
923,053210,KR7053210001,스카이라이프,KOSPI,,4185,1,10,0.24,4170,4190,4115,28594,118841372,198883566675,47522955,STK
924,007860,KR7007860000,서연,KOSPI,,8470,1,190,2.29,8280,8490,8280,26018,218985635,198874278680,23479844,STK
925,078150,KR7078150000,HB테크놀러지,KOSDAQ,우량기업부,2140,1,10,0.47,2135,2175,2080,518730,1104249004,198412060240,92715916,KSQ
926,394800,KR7394800007,쓰리빌리언,KOSDAQ,기술성장기업부,6230,2,-100,-1.58,6340,6480,5960,112496,698131825,198254505190,31822553,KSQ
927,084850,KR7084850007,아이티엠반도체,KOSDAQ,중견기업부,8730,2,-90,-1.02,8800,8820,8480,27890,240809615,198022013820,22682934,KSQ
928,0015G0,KR70015G0009,그린광학,KOSDAQ,기술성장기업부,16880,1,300,1.81,16620,17360,16310,60890,1022683480,197538892080,11702541,KSQ
929,052710,KR7052710001,아모텍,KOSDAQ,중견기업부,13420,2,-100,-0.74,13900,14020,12500,341838,4556716880,196100367320,14612546,KSQ
930,036560,KR7036560001,KZ정밀,KOSDAQ,우량기업부,12450,1,10,0.08,12500,12500,12250,5846,72337900,196087500000,15750000,KSQ
931,222040,KR7222040008,코스맥스엔비티,KOSDAQ,중견기업부,9500,2,-290,-2.96,9660,9710,9190,418650,3946759425,195966000000,20628000,KSQ
932,000140,KR7000140004,하이트진로홀딩스,KOSPI,,8440,1,240,2.93,8210,8440,8210,19138,159616095,195865096600,23206765,STK
933,049430,KR7049430002,코메론,KOSDAQ,우량기업부,21600,1,450,2.13,21700,22050,20850,59849,1288898325,195436800000,9048000,KSQ
934,388050,KR7388050007,지투파워,KOSDAQ,우량기업부,10440,1,10,0.1,10430,11450,10080,14153308,151677706160,195326522280,18709437,KSQ
935,042420,KR7042420000,네오위즈홀딩스,KOSDAQ,우량기업부,23950,1,100,0.42,23750,24100,23700,8518,203078450,195007677850,8142283,KSQ
936,377190,KR7377190004,디앤디플랫폼리츠,KOSPI,,2200,1,40,1.85,2160,2205,2140,238241,519430950,194480000000,88400000,STK
937,339770,KR7339770000,교촌에프앤비,KOSPI,,3875,1,40,1.04,3850,3905,3840,25498,98384832,193614685000,49965080,STK
938,308430,KR7308430008,셀비온,KOSDAQ,기술성장기업부,15000,1,260,1.76,15250,15420,14710,10431,155730775,193578765000,12905251,KSQ
939,138610,KR7138610001,나이벡,KOSDAQ,기술성장기업부,17000,2,-70,-0.41,17080,17430,16710,13861,235375330,193252481000,11367793,KSQ
940,013580,KR7013580006,계룡건설,KOSPI,,21600,1,650,3.1,21000,21600,20500,78106,1662245550,192907591200,8930907,STK
941,035510,KR7035510007,신세계 I&C,KOSPI,,13780,1,330,2.45,13450,13850,13450,59354,812091585,192656802000,13980900,STK
942,003547,KR7003542008,대신증권2우B,KOSPI,,20050,1,390,1.98,19670,20050,19660,17034,339224125,192613653300,9606666,STK
943,357550,KR7357550003,석경에이티,KOSDAQ,기술성장기업부,35300,1,100,0.28,35600,35600,34650,2083,72933050,192561500000,5455000,KSQ
944,102260,KR7102260007,동성케미컬,KOSPI,,3800,1,55,1.47,3770,3810,3725,105803,398033530,192544445800,50669591,STK
945,094820,KR7094820008,일진파워,KOSDAQ,우량기업부,12760,2,-310,-2.37,13310,13500,12580,181297,2342613565,192404326840,15078709,KSQ
946,033530,KR7033530007,SJG세종,KOSPI,,7100,1,10,0.14,7090,7190,7010,66385,471727655,192071322900,27052299,STK
947,214180,KR7214180002,헥토이노베이션,KOSDAQ,우량기업부,14770,2,-30,-0.2,14970,15150,14650,47099,698328340,191912030590,12993367,KSQ
948,270660,KR7270660004,에브리봇,KOSDAQ,벤처기업부,15120,1,160,1.07,15170,15430,14830,103838,1574513705,191881614960,12690583,KSQ
949,241590,KR7241590009,화승엔터프라이즈,KOSPI,,3165,1,40,1.28,3125,3165,3010,69288,214084353,191765058540,60589276,STK
950,005960,KR7005960000,동부건설,KOSPI,,8280,1,650,8.52,7790,8290,7710,159457,1285652730,189998369640,22946663,STK
951,053300,KR7053300000,한국정보인증,KOSDAQ,우량기업부,4670,1,55,1.19,4620,4725,4590,48439,225183180,189560418320,40591096,KSQ
952,220100,KR7220100002,퓨쳐켐,KOSDAQ,기술성장기업부,8440,2,-230,-2.65,8700,8870,8160,25595,219063005,189287424800,22427420,KSQ
953,066620,KR7066620006,국보디자인,KOSDAQ,우량기업부,25200,1,450,1.82,24750,25300,24550,6768,169116100,189000000000,7500000,KSQ
954,117580,KR7117580001,대성에너지,KOSPI,,6870,1,50,0.73,6820,6900,6780,41087,281342250,188925000000,27500000,STK
955,006805,KR7006801005,미래에셋증권우,KOSPI,,13420,2,-30,-0.22,13450,13560,13150,30822,411024240,188896565000,14075750,STK
956,016580,KR7016580003,환인제약,KOSPI,,10140,2,-30,-0.29,10160,10210,10040,42340,427811970,188604709800,18600070,STK
957,307180,KR7307180000,아이엘,KOSDAQ,벤처기업부,5100,1,70,1.39,5060,5220,4875,337121,1690126615,188269947600,36915676,KSQ
958,102460,KR7102460003,이연제약,KOSPI,,10110,1,30,0.3,10080,10280,10000,39295,396991140,187912659210,18586811,STK
959,012860,KR7012860003,모베이스전자,KOSDAQ,우량기업부,2565,2,-5,-0.19,2560,2685,2460,1011159,2586937069,187843817205,73233457,KSQ
960,138360,KR7138360003,앤로보틱스,KOSDAQ,벤처기업부,2135,1,163,8.27,1999,2460,1978,6645072,15036829376,187824349090,87973934,KSQ
961,176750,KR7176750008,듀켐바이오,KOSDAQ,기술성장기업부,6580,3,0,0.0,6530,6580,6330,17354,112331990,187455777600,28488720,KSQ
962,016790,KR7016790008,현대사료,KOSDAQ,관리종목(소속부없음),994,0,0,0.0,0,0,0,0,0,187340898626,188471729,KSQ
963,126600,KR7126600006,BGF에코머티리얼즈,KOSDAQ,우량기업부,2980,1,20,0.68,2960,3035,2920,33835,99689505,187045359020,62766899,KSQ
964,004560,KR7004560009,현대비앤지스틸,KOSPI,,12390,1,240,1.98,12150,12510,12100,43498,536428670,186826468290,15078811,STK
965,045390,KR7045390002,대아티아이,KOSDAQ,우량기업부,2645,1,55,2.12,2610,2685,2575,274469,718201135,186402082165,70473377,KSQ
966,213500,KR7213500002,한솔제지,KOSPI,,7830,1,190,2.49,7640,7830,7630,66484,514933500,186358510080,23800576,STK
967,064550,KR7064550007,바이오니아,KOSDAQ,중견기업부,7220,2,-90,-1.23,7360,7470,7170,47176,343620065,186350301020,25810291,KSQ
968,004380,KR7004380002,삼익THK,KOSPI,,8990,1,230,2.63,8870,8990,8730,37964,336678560,186093000000,20700000,STK
969,372170,KR7372170001,윤성에프앤씨,KOSDAQ,우량기업부,23300,4,5340,29.73,18250,23300,17840,211628,4558674285,185911818400,7979048,KSQ
970,402030,KR7402030001,코난테크놀로지,KOSDAQ,기술성장기업부,14850,1,280,1.92,15050,15380,14600,60986,914293660,185884696800,12517488,KSQ
971,204610,KR7204610000,티쓰리,KOSDAQ,벤처기업부,3345,1,55,1.67,3290,3355,3210,183568,607942264,185852280900,55561220,KSQ
972,041920,KR7041920000,메디아나,KOSDAQ,우량기업부,9920,2,-150,-1.49,9990,10200,9450,166604,1596514050,184494372160,18598223,KSQ
973,256840,KR7256840000,한국비엔씨,KOSDAQ,우량기업부,2690,3,0,0.0,2695,2760,2645,206793,554692067,183982243340,68394886,KSQ
974,003460,KR7003460003,유화증권,KOSPI,,3240,1,50,1.57,3210,3240,3190,32464,104413350,183715824600,56702415,STK
975,234080,KR7234080000,JW생명과학,KOSPI,,11570,1,130,1.14,11490,11610,11420,19275,221993370,183205789780,15834554,STK
976,143240,KR7143240000,사람인,KOSDAQ,우량기업부,17060,1,70,0.41,17000,17140,16850,6223,105771980,183100390860,10732731,KSQ
977,001780,KR7001780006,알루코,KOSPI,,1890,1,50,2.72,1862,1890,1823,249835,463611285,183008949480,96830132,STK
978,950140,KR8840110108,잉글우드랩,KOSDAQ,외국기업(소속부없음),9200,2,-470,-4.86,9670,9830,9170,86157,809016150,182784367200,19867866,KSQ
979,012210,KR7012210001,삼미금속,KOSDAQ,중견기업부,7920,2,-290,-3.53,8210,8480,7810,244813,1980637625,182568505680,23051579,KSQ
980,082800,KR7082800004,비보존 제약,KOSDAQ,중견기업부,2995,1,125,4.36,2880,3500,2870,336298,1029685630,181855399670,60719666,KSQ
981,002100,KR7002100006,경농,KOSPI,,9270,1,80,0.87,9190,9280,9130,26106,240472030,180974270250,19522575,STK
982,119830,KR7119830008,아이텍,KOSDAQ,중견기업부,6800,3,0,0.0,6840,7050,6530,245426,1657366900,180462044800,26538536,KSQ
983,489460,KR7489460006,바이오비쥬,KOSDAQ,벤처기업부,12210,2,-190,-1.53,12400,12510,11500,175062,2116555450,180137634270,14753287,KSQ
984,464080,KR7464080001,에스오에스랩,KOSDAQ,기술성장기업부,9970,1,70,0.71,9910,10390,9650,139798,1405462335,178932038650,17947045,KSQ
985,494120,KR7494120009,큐리오시스,KOSDAQ,기술성장기업부,11700,2,-180,-1.52,11880,12230,11390,111884,1318527285,178539238800,15259764,KSQ
986,003610,KR7003610003,방림,KOSPI,,5560,2,-10,-0.18,5590,5650,5470,173291,959463310,178535925680,32110778,STK
987,003220,KR7003220001,대원제약,KOSPI,,7960,2,-20,-0.25,8030,8040,7850,29637,233818505,178523560680,22427583,STK
988,487570,KR7487570004,HS효성,KOSPI,,47900,1,600,1.27,47250,47900,46600,3032,143193050,178471903300,3725927,STK
989,199820,KR7199820002,제일일렉트릭,KOSDAQ,우량기업부,7990,2,-150,-1.84,8250,8250,7800,190113,1512909690,177537800000,22220000,KSQ
990,002150,KR7002150001,도화엔지니어링,KOSPI,,5250,1,90,1.74,5270,5320,5160,32120,167752075,177030000000,33720000,STK
991,187870,KR7187870001,디바이스,KOSDAQ,우량기업부,12850,2,-50,-0.39,12900,14090,12460,204535,2703698195,176945271000,13770060,KSQ
992,199430,KR7199430000,케이엔알시스템,KOSDAQ,기술성장기업부,15800,2,-510,-3.13,16210,16730,15300,166030,2653453140,176913279400,11197043,KSQ
993,013890,KR7013890009,지누스,KOSPI,,8060,1,10,0.12,8140,8140,7920,13789,110348980,176722052780,21925813,STK
994,260870,KR7260870001,SK시그넷,KONEX,일반기업부,8150,3,0,0.0,8160,8160,8150,43982,358505360,176649188050,21674747,KNX
995,192440,KR7192440006,슈피겐코리아,KOSDAQ,우량기업부,28400,2,-650,-2.24,29050,29200,28400,8169,233244200,176544709200,6216363,KSQ
996,001080,KR7001080001,만호제강,KOSPI,,4245,1,210,5.2,4035,4690,3975,205025,870832332,176167500000,41500000,STK
997,016450,KR7016450009,한세예스24홀딩스,KOSPI,,4400,1,105,2.44,4295,4400,4270,15409,66762920,176000000000,40000000,STK
998,010580,KR7010580009,에스엠벡셀,KOSPI,,1581,1,14,0.89,1567,1590,1533,50551,79184429,175889032560,111251760,STK
999,108380,KR7108380007,대양전기공업,KOSDAQ,우량기업부,18380,1,310,1.72,18320,18630,17900,28323,517172770,175847580540,9567333,KSQ
1000,475040,KR7475040002,스트라드비젼,KOSDAQ,기술성장기업부,3290,1,10,0.3,3320,3410,3220,762188,2520620548,175209404020,53255138,KSQ
1001,126730,KR7126730001,코칩,KOSDAQ,벤처기업부,19970,2,-480,-2.35,21100,21250,19460,482352,9799357235,175139416220,8770126,KSQ
1002,119610,KR7119610004,인터로조,KOSDAQ,우량기업부,15250,2,-40,-0.26,15290,15360,15120,35584,541182485,174059641750,11413747,KSQ
1003,000300,KR7000300004,DH오토넥스,KOSPI,,4200,0,0,0.0,0,0,0,0,0,174035631000,41437055,STK
1004,080160,KR7080160005,모두투어,KOSDAQ,우량기업부,9200,1,90,0.99,9100,9300,8950,26886,246620450,173880000000,18900000,KSQ
1005,016880,KR7016880007,웅진,KOSPI,,2175,1,55,2.59,2120,2185,2080,123542,265532775,173841399000,79927080,STK
1006,179290,KR7179290002,엠아이텍,KOSDAQ,우량기업부,5370,1,180,3.47,5190,5450,5170,126823,682884285,173803690860,32365678,KSQ
1007,293780,KR7293780003,압타바이오,KOSDAQ,기술성장기업부,6180,1,120,1.98,6290,6300,5990,39128,240508820,173617242900,28093405,KSQ
1008,093190,KR7093190007,빅솔론,KOSDAQ,우량기업부,9020,2,-230,-2.49,9200,9200,8810,45387,406229700,173534923100,19238905,KSQ
1009,092130,KR7092130004,이크레더블,KOSDAQ,중견기업부,14380,2,-90,-0.62,14470,14500,14290,3546,51005485,173186968000,12043600,KSQ
1010,086820,KR7086820008,바이오솔루션,KOSDAQ,기술성장기업부,6670,1,660,10.98,6030,7190,6030,356474,2397225640,172913646950,25924085,KSQ
1011,036170,KR7036170009,에이치엠넥스,KOSDAQ,중견기업부,2815,2,-5,-0.18,2845,2885,2705,285973,792327766,172744237190,61365626,KSQ
1012,000390,KR7000390005,SP삼화,KOSPI,,6310,1,180,2.94,6130,6440,6120,126398,790240900,171653889390,27203469,STK
1013,101530,KR7101530004,해태제과식품,KOSPI,,5880,1,190,3.34,5690,6560,5670,1595761,9753404925,171206913360,29116822,STK
1014,083930,KR7083930008,아바코,KOSDAQ,우량기업부,11650,1,270,2.37,11440,11670,11370,61128,705509675,170989950850,14677249,KSQ
1015,051370,KR7051370005,인터플렉스,KOSDAQ,우량기업부,7320,1,30,0.41,7330,7420,7200,47468,345027110,170757095040,23327472,KSQ
1016,002170,KR7002170009,SYTS,KOSPI,,56800,1,400,0.71,56900,56900,56100,422,23813400,170400000000,3000000,STK
1017,046120,KR7046120002,오르비텍,KOSDAQ,중견기업부,5010,2,-190,-3.65,5310,5310,4970,363884,1849828085,169615719330,33855433,KSQ
1018,014710,KR7014710008,사조씨푸드,KOSPI,,9780,1,460,4.94,9280,9800,8890,39292,368064870,168397350540,17218543,STK
1019,015230,KR7015230006,대창단조,KOSPI,,6200,1,380,6.53,5840,6640,5840,541508,3363378495,168290444000,27143620,STK
1020,143160,KR7143160000,아이디스,KOSDAQ,우량기업부,15700,1,220,1.42,15490,15740,15480,6055,94653980,168247323000,10716390,KSQ
1021,009470,KR7009470006,삼화전기,KOSPI,,25350,2,-200,-0.78,25700,26000,24700,61824,1567863350,167660337000,6613820,STK
1022,126700,KR7126700004,하이비젼시스템,KOSDAQ,우량기업부,11200,1,340,3.13,11080,11210,9960,108204,1157359800,167351654400,14942112,KSQ
1023,245620,KR7245620000,EDGC,KOSDAQ,관리종목(소속부없음),741,0,0,0.0,0,0,0,0,0,167118555474,225531114,KSQ
1024,097955,KR7097951008,CJ제일제당 우,KOSPI,,125800,1,2900,2.36,122900,126200,122900,2796,349259600,166991071400,1327433,STK
1025,001045,KR7001041003,CJ우,KOSPI,,73800,1,300,0.41,73000,73900,72600,1479,108337900,166804457400,2260223,STK
1026,189330,KR7189330004,씨이랩,KOSDAQ,기술성장기업부,17770,1,160,0.91,17570,17920,16800,484138,8434521165,166723186680,9382284,KSQ
1027,212560,KR7212560007,네오오토,KOSDAQ,우량기업부,12330,1,2070,20.18,10540,13050,10520,3608812,44588658260,166286670840,13486348,KSQ
1028,234690,KR7234690006,녹십자웰빙,KOSDAQ,우량기업부,9250,2,-10,-0.11,9300,9310,9020,73633,671738200,166160432500,17963290,KSQ
1029,123860,KR7123860009,아나패스,KOSDAQ,우량기업부,13690,2,-120,-0.87,13800,13800,13310,20296,274658550,165969551350,12123415,KSQ
1030,007570,KR7007570005,일양약품,KOSPI,,8690,2,-10,-0.11,8670,8840,8600,15171,131752680,165854420160,19085664,STK
1031,264450,KR7264450008,유비쿼스,KOSDAQ,우량기업부,11300,1,1010,9.82,10290,11490,10100,143005,1580189860,165720070900,14665493,KSQ
1032,078070,KR7078070000,유비쿼스홀딩스,KOSDAQ,중견기업부,9690,1,330,3.53,9300,9920,9230,27737,266519750,165300188670,17058843,KSQ
1033,038390,KR7038390001,레드캡투어,KOSDAQ,우량기업부,9880,2,-90,-0.9,9980,10030,9880,20178,200806040,165201721360,16720822,KSQ
1034,403850,KR7403850001,더핑크퐁컴퍼니,KOSDAQ,중견기업부,11500,2,-40,-0.35,11520,11660,11150,70899,811798875,165036615000,14351010,KSQ
1035,039840,KR7039840004,디오,KOSDAQ,중견기업부,12290,2,-80,-0.65,12500,12500,12140,15531,190338930,164880526120,13415828,KSQ
1036,092070,KR7092070002,디엔에프,KOSDAQ,중견기업부,14200,2,-160,-1.11,14360,14450,13810,14327,201488340,164320383600,11571858,KSQ
1037,068790,KR7068790005,DMS,KOSDAQ,우량기업부,7280,2,-160,-2.15,7420,7810,7070,209061,1551003490,164311230720,22570224,KSQ
1038,274090,KR7274090000,켄코아에어로스페이스,KOSDAQ,기술성장기업부,11880,1,140,1.19,11930,12100,11610,156938,1858226280,163637579160,13774207,KSQ
1039,013990,KR7013990007,아가방컴퍼니,KOSDAQ,우량기업부,4970,1,70,1.43,4900,5070,4840,160899,802126995,163451053920,32887536,KSQ
1040,260970,KR7260970009,에스앤디,KOSDAQ,우량기업부,56500,2,-300,-0.53,56400,61000,56000,52288,3062602500,163440601000,2892754,KSQ
1041,086670,KR7086670007,비엠티,KOSDAQ,우량기업부,16450,2,-70,-0.42,16690,16690,16290,34146,561540615,163280808250,9925885,KSQ
1042,002210,KR7002210003,동성제약,KOSPI,,1688,1,46,2.8,1659,1719,1600,129697,211730240,163093727816,96619507,STK
1043,000700,KR7000700005,유수홀딩스,KOSPI,,6250,1,90,1.46,6160,6350,6150,35409,220211385,162761325000,26041812,STK
1044,083310,KR7083310003,엘오티베큠,KOSDAQ,우량기업부,9110,1,20,0.22,9100,9310,8680,89035,820211215,162249400630,17810033,KSQ
1045,355150,KR7355150004,코스텍시스,KOSDAQ,벤처기업부,20800,1,150,0.73,20850,21150,19940,99872,2048906010,162184880000,7797350,KSQ
1046,400760,KR7400760005,NH올원리츠,KOSPI,,2945,1,20,0.68,2930,2945,2900,90049,263212645,161766714875,54929275,STK
1047,054800,KR7054800008,아이디스홀딩스,KOSDAQ,중견기업부,15630,1,360,2.36,15290,15740,14900,14923,231337880,161735426280,10347756,KSQ
1048,462520,KR7462520008,조선내화,KOSPI,,13640,2,-40,-0.29,13680,13720,13560,11188,152461940,161704491520,11855168,STK
1049,122990,KR7122990005,와이솔,KOSDAQ,중견기업부,6070,2,-50,-0.82,6110,6180,5920,79305,474850035,161699221670,26639081,KSQ
1050,382900,KR7382900009,범한퓨얼셀,KOSDAQ,벤처기업부,18450,2,-780,-4.06,19030,19040,18020,85023,1567388490,161640450000,8761000,KSQ
1051,123410,KR7123410003,코리아에프티,KOSDAQ,우량기업부,5790,1,220,3.95,5640,5850,5630,82290,472621925,161199760560,27841064,KSQ
1052,460850,KR7460850001,동국씨엠,KOSPI,,5390,1,150,2.86,5290,5880,5270,70124,387057505,161153755840,29898656,STK
1053,024060,KR7024060006,흥구석유,KOSDAQ,중견기업부,10730,2,-150,-1.38,10700,10750,10510,886892,9428802860,160950000000,15000000,KSQ
1054,051160,KR7051160000,지어소프트,KOSDAQ,중견기업부,10400,1,370,3.69,10030,10490,9970,233543,2391399445,160934072000,15474430,KSQ
1055,104480,KR7104480009,티케이케미칼,KOSDAQ,중견기업부,1770,1,153,9.46,1703,1838,1703,1248055,2203979835,160884918180,90895434,KSQ
1056,469610,KR7469610000,이노테크,KOSDAQ,중견기업부,17980,1,250,1.41,19000,19100,17500,411417,7463976830,160793342000,8942900,KSQ
1057,011785,KR7011781002,금호석유화학우,KOSPI,,53000,1,300,0.57,52700,53100,52500,1910,100726550,160244758000,3023486,STK
1058,023910,KR7023910003,대한약품,KOSDAQ,우량기업부,26700,2,-250,-0.93,26950,27050,26600,10602,284188775,160200000000,6000000,KSQ
1059,065660,KR7065660003,안트로젠,KOSDAQ,기술성장기업부,15980,1,460,2.96,15680,15990,15510,32455,510010830,159897478000,10006100,KSQ
1060,079960,KR7079960001,동양이엔피,KOSDAQ,우량기업부,21150,1,1000,4.96,20250,21350,20150,28441,586348700,159717566700,7551658,KSQ
1061,046440,KR7046440004,KG파이낸셜,KOSDAQ,우량기업부,4200,1,40,0.96,4160,4200,4130,67037,279605245,159645368400,38010802,KSQ
1062,066410,KR7066410002,버킷스튜디오,KOSDAQ,투자주의환기종목(소속부없음),1153,0,0,0.0,0,0,0,0,0,159637252154,138453818,KSQ
1063,293480,KR7293480000,하나제약,KOSPI,,8980,1,160,1.81,8810,8980,8770,49720,439922730,159601055080,17772946,STK
1064,088800,KR7088800008,에이스테크,KOSDAQ,중견기업부,2110,2,-10,-0.47,2105,2210,2080,149588,319332097,159318575740,75506434,KSQ
1065,251370,KR7251370003,와이엠티,KOSDAQ,벤처기업부,8840,2,-30,-0.34,9000,9000,8410,58229,503501355,159236802920,18013213,KSQ
1066,032620,KR7032620007,GC메디아이,KOSDAQ,우량기업부,3050,2,-10,-0.33,3050,3110,3040,46743,143091771,159201273950,52197139,KSQ
1067,046070,KR7046070009,코다코,KOSDAQ,관리종목(소속부없음),10280,0,0,0.0,0,0,0,0,0,159196994920,15486089,KSQ
1068,216080,KR7216080002,제테마,KOSDAQ,벤처기업부,4265,2,-15,-0.35,4400,4445,4190,139428,595460944,159029477235,37287099,KSQ
1069,072870,KR7072870009,메가스터디,KOSDAQ,우량기업부,13330,1,260,1.99,13000,13330,12950,25155,328834505,158906383470,11920959,KSQ
1070,000860,KR7000860007,강남제비스코,KOSPI,,12200,1,100,0.83,11910,12200,11910,17086,205422400,158600000000,13000000,STK
1071,389020,KR7389020009,자람테크놀로지,KOSDAQ,기술성장기업부,22950,1,100,0.44,23200,23800,22100,32019,731701800,158471631900,6905082,KSQ
1072,011040,KR7011040003,경동제약,KOSDAQ,중견기업부,5120,2,-20,-0.39,5140,5150,5060,7378,37681715,157536081920,30768766,KSQ
1073,338840,KR7338840002,와이바이오로직스,KOSDAQ,기술성장기업부,10230,2,-530,-4.93,10760,11080,10150,59577,623622400,157201146630,15366681,KSQ
1074,418550,KR7418550000,제이오,KOSDAQ,기술성장기업부,4905,1,55,1.13,4850,4995,4800,83915,411863610,157046686065,32017673,KSQ
1075,090350,KR7090350000,노루페인트,KOSPI,,7850,1,120,1.55,7800,7880,7720,48744,383483545,157000000000,20000000,STK
1076,003830,KR7003830007,대한화섬,KOSPI,,117900,1,1400,1.2,117800,118900,115400,214,25066200,156571200000,1328000,STK
1077,474650,KR7474650009,링크솔루션,KOSDAQ,기술성장기업부,27200,1,700,2.64,26500,27600,26050,46414,1240140925,156455270400,5752032,KSQ
1078,153890,KR7153890009,져스텍,KOSDAQ,기술성장기업부,12980,2,-290,-2.19,13520,14840,12580,3637466,50885585545,156412958900,12050305,KSQ
1079,041520,KR7041520008,이엘씨,KOSDAQ,투자주의환기종목(소속부없음),12740,1,1290,11.27,12030,13450,12030,209350,2702653495,155284420200,12188730,KSQ
1080,114840,KR7114840002,아이패밀리에스씨,KOSDAQ,우량기업부,9300,1,170,1.86,9140,9560,9140,30899,289338735,155136880500,16681385,KSQ
1081,334970,KR7334970001,프레스티지바이오로직스,KOSDAQ,기술성장기업부,1994,1,44,2.26,1950,1995,1910,176203,343230105,155038758178,77752637,KSQ
1082,140610,KR7140610007,엔솔바이오사이언스,KONEX,일반기업부,10780,1,100,0.94,10700,10810,10310,4124,43812030,154977613560,14376402,KNX
1083,126640,KR7126640002,화신정공,KOSDAQ,우량기업부,4415,1,265,6.39,4200,4750,4160,5801122,26019819415,154771842650,35055910,KSQ
1084,00279K,KR700279K010,아모레퍼시픽홀딩스3우C,KOSPI,,21800,1,100,0.46,21900,21900,21400,2253,48789000,154609960000,7092200,STK
1085,001540,KR7001540004,안국약품,KOSDAQ,우량기업부,11830,2,-690,-5.51,12500,12560,11720,232003,2751452215,154291828600,13042420,KSQ
1086,000970,KR7000970004,한국주철관,KOSPI,,6760,1,140,2.11,6630,6910,6600,37553,252464000,154131380000,22800500,STK
1087,041020,KR7041020009,폴라리스오피스,KOSDAQ,벤처기업부,3100,1,35,1.14,3095,3180,3015,212546,655349801,154019758300,49683793,KSQ
1088,054450,KR7054450002,텔레칩스,KOSDAQ,중견기업부,10170,2,-30,-0.29,10200,10340,9980,58127,587748685,154016849610,15144233,KSQ
1089,071840,KR7071840003,롯데하이마트,KOSPI,,6510,1,70,1.09,6430,6560,6430,6447,41796000,153686205120,23607712,STK
1090,039860,KR7039860002,나노엔텍,KOSDAQ,중견기업부,4030,1,30,0.75,4005,4145,3960,163289,656982858,153515003590,38093053,KSQ
1091,0039P0,KR70039P0000,매드업,KOSDAQ,기술성장기업부,8160,2,-1090,-11.78,9670,9740,8090,2914525,25749696725,153468384000,18807400,KSQ
1092,487400,KR7487400004,케이앤에스아이앤씨,KOSDAQ,기술성장기업부,14860,2,-520,-3.38,15750,18500,14250,10846923,182279066920,152476706520,10260882,KSQ
1093,007330,KR7007330004,푸른저축은행,KOSDAQ,투자주의환기종목(소속부없음),10100,2,-10,-0.1,10250,10280,10070,11056,112235480,152336280000,15082800,KSQ
1094,025820,KR7025820002,이구산업,KOSPI,,4550,2,-5,-0.11,4595,4625,4440,200602,909854519,152161100000,33442000,STK
1095,445180,KR7445180003,퓨릿,KOSDAQ,우량기업부,8850,1,120,1.37,9150,9210,8790,100382,903398620,152124313800,17189188,KSQ
1096,024800,KR7024800005,유성티엔에스,KOSDAQ,우량기업부,4310,1,40,0.94,4275,4310,4225,13582,57943765,151821344700,35225370,KSQ
1097,272550,KR7272550005,삼양패키징,KOSPI,,10050,1,160,1.62,9890,10090,9800,33537,333538295,151437480300,15068406,STK
1098,004970,KR7004970000,신라교역,KOSPI,,9460,1,140,1.5,9170,9460,9170,8317,77813620,151360000000,16000000,STK
1099,084990,KR7084990001,헬릭스미스,KOSDAQ,기술성장기업부,3260,2,-50,-1.51,3325,3435,3205,143940,474048913,150262518220,46092797,KSQ
1100,322310,KR7322310004,오로스테크놀로지,KOSDAQ,벤처기업부,15880,1,190,1.21,15750,16000,15140,154246,2417944545,148740686960,9366542,KSQ
1101,067280,KR7067280008,멀티캠퍼스,KOSDAQ,우량기업부,25050,1,50,0.2,24800,25050,24700,1383,34361400,148465813950,5926779,KSQ
1102,000020,KR7000020008,동화약품,KOSPI,,5310,1,170,3.31,5200,5360,5150,171795,901088475,148316105700,27931470,STK
1103,271980,KR7271980005,제일약품,KOSPI,,10070,2,-160,-1.56,10350,10350,10000,17853,180457490,148078061040,14704872,STK
1104,255220,KR7255220006,SG,KOSDAQ,중견기업부,1350,2,-36,-2.6,1399,1413,1325,629538,855879109,147910457700,109563302,KSQ
1105,048870,KR7048870000,시너지이노베이션,KOSDAQ,중견기업부,1673,2,-13,-0.77,1700,1711,1658,245990,413756440,147402949099,88106963,KSQ
1106,077500,KR7077500007,유니퀘스트,KOSPI,,6800,1,170,2.56,6650,7260,6470,232292,1563334215,146880693600,21600102,STK
1107,102120,KR7102120003,어보브반도체,KOSDAQ,벤처기업부,8260,1,70,0.85,8300,8350,7880,190631,1547211275,146869019780,17780753,KSQ
1108,000520,KR7000520007,삼일제약,KOSPI,,6760,2,-30,-0.44,6790,6990,6610,75928,508847440,146636642360,21691811,STK
1109,321550,KR7321550006,티움바이오,KOSDAQ,기술성장기업부,4880,1,20,0.41,4860,4980,4690,125778,609893705,146587758000,30038475,KSQ
1110,462860,KR7462860008,더즌,KOSDAQ,벤처기업부,2040,1,15,0.74,2025,2095,2015,87383,179220665,146383306920,71756523,KSQ
1111,049960,KR7049960008,쎌바이오텍,KOSDAQ,벤처기업부,15540,2,-50,-0.32,15590,15600,15330,9873,152541500,146076000000,9400000,KSQ
1112,310200,KR7310200001,애니플러스,KOSDAQ,중견기업부,2800,2,-25,-0.88,2860,2875,2750,131002,368311580,146055940800,52162836,KSQ
1113,040350,KR7040350001,크레오에스지,KOSDAQ,벤처기업부,7350,2,-70,-0.94,7600,7630,7270,35156,260258720,145943040600,19856196,KSQ
1114,101360,KR7101360006,에코앤드림,KOSDAQ,벤처기업부,8200,1,70,0.86,8130,8430,8000,28676,235723900,145846134800,17786114,KSQ
1115,005160,KR7005160007,동국산업,KOSDAQ,중견기업부,2685,1,35,1.32,2630,2690,2630,19795,52748845,145646434170,54244482,KSQ
1116,405100,KR7405100009,큐알티,KOSDAQ,중견기업부,11830,1,50,0.42,11710,12140,11450,43805,516088540,145382430830,12289301,KSQ
1117,023600,KR7023600000,삼보판지,KOSDAQ,우량기업부,9080,1,360,4.13,8670,9370,8660,40595,367685495,145355364000,16008300,KSQ
1118,147830,KR7147830004,제룡산업,KOSDAQ,벤처기업부,7220,1,210,3.0,7080,7240,6830,242844,1717577940,144400000000,20000000,KSQ
1119,300080,KR7300080009,플리토,KOSDAQ,기술성장기업부,8730,1,260,3.07,8620,8740,8420,51478,444524900,144092587230,16505451,KSQ
1120,003480,KR7003480001,한진중공업홀딩스,KOSPI,,4860,1,85,1.78,4825,4885,4775,32300,156322865,143514886320,29529812,STK
1121,293580,KR7293580007,나우IB,KOSDAQ,중견기업부,1511,2,-36,-2.33,1550,1550,1436,263576,396413856,143439154450,94929950,KSQ
1122,060150,KR7060150000,인선이엔티,KOSDAQ,중견기업부,3145,2,-50,-1.56,3195,3225,3115,65495,206015390,143297559740,45563612,KSQ
1123,005990,KR7005990007,매일홀딩스,KOSDAQ,우량기업부,10770,2,-10,-0.09,10770,10800,10740,868,9348680,143222734080,13298304,KSQ
1124,003100,KR7003100005,선광,KOSDAQ,우량기업부,21650,1,1400,6.91,20250,21800,20100,29270,618222200,142890000000,6600000,KSQ
1125,004150,KR7004150009,한솔홀딩스,KOSPI,,3480,1,230,7.08,3265,3490,3265,384188,1308571519,142772637600,41026620,STK
1126,081000,KR7081000002,일진다이아,KOSPI,,10050,1,80,0.8,10010,10120,9730,42500,421319905,142739898750,14202975,STK
1127,015890,KR7015890007,태경산업,KOSPI,,4880,1,225,4.83,4655,4880,4630,231852,1114049300,142636300000,29228750,STK
1128,101970,KR7101970002,우양에이치씨,KOSDAQ,중견기업부,9640,2,-50,-0.52,9690,9730,9400,4887,46739690,142575686760,14790009,KSQ
1129,020120,KR7020120002,키다리스튜디오,KOSPI,,3840,1,330,9.4,3515,3860,3510,375167,1405618455,142324861440,37063766,STK
1130,457550,KR7457550002,우진엔텍,KOSDAQ,중견기업부,15210,2,-480,-3.06,15920,16150,15030,64752,997818875,141741351180,9318958,KSQ
1131,214420,KR7214420002,토니모리,KOSPI,,5860,1,60,1.03,5900,6070,5770,157019,917970630,140961122140,24054799,STK
1132,012610,KR7012610002,경인양행,KOSPI,,3385,1,165,5.12,3220,3460,3160,513724,1681459460,140871395525,41616365,STK
1133,118990,KR7118990001,모트렉스,KOSDAQ,우량기업부,5730,1,410,7.71,5420,6180,5420,712054,4152005685,140599135830,24537371,KSQ
1134,451760,KR7451760003,컨텍,KOSDAQ,기술성장기업부,8500,2,-190,-2.19,8700,8790,8290,144664,1218575985,140316079000,16507774,KSQ
1135,094280,KR7094280005,효성ITX,KOSPI,,12130,1,120,1.0,12100,12130,12000,5880,71104770,140200966000,11558200,STK
1136,086890,KR7086890001,이수앱지스,KOSDAQ,중견기업부,3430,1,55,1.63,3380,3510,3370,52683,181008045,139858051060,40774942,KSQ
1137,089600,KR7089600001,KT나스미디어,KOSDAQ,우량기업부,12080,1,610,5.32,11400,12100,11400,71527,842981250,139743409040,11568163,KSQ
1138,142210,KR7142210004,유니트론텍,KOSDAQ,우량기업부,6730,1,660,10.87,6000,7370,5970,4853166,33480540285,139656942190,20751403,KSQ
1139,042600,KR7042600007,새로닉스,KOSDAQ,중견기업부,11240,1,540,5.05,10720,11350,10590,15044,165369200,139640971760,12423574,KSQ
1140,038290,KR7038290003,마크로젠,KOSDAQ,중견기업부,12850,1,270,2.15,12500,12970,12500,16251,207076135,139311990000,10841400,KSQ
1141,240550,KR7240550004,동방메디컬,KOSDAQ,중견기업부,6650,2,-40,-0.6,6680,7000,6210,272030,1785738005,139210701000,20933940,KSQ
1142,140670,KR7140670001,알에스오토메이션,KOSDAQ,중견기업부,10840,1,100,0.93,10800,11080,10510,74071,801279680,139183865600,12839840,KSQ
1143,006060,KR7006060008,화승인더,KOSPI,,2515,1,30,1.21,2490,2550,2480,123287,309358750,139129800000,55320000,STK
1144,478340,KR7478340003,나라스페이스테크놀로지,KOSDAQ,기술성장기업부,12000,2,-300,-2.44,12210,12210,11550,109122,1290717985,138841596000,11570133,KSQ
1145,004090,KR7004090007,한국석유,KOSPI,,10930,1,120,1.11,10780,10930,10730,68231,739254050,138746731600,12694120,STK
1146,059120,KR7059120006,아진엑스텍,KOSDAQ,벤처기업부,7570,1,130,1.75,7550,8230,7380,2556552,19978045790,138607199620,18310066,KSQ
1147,093640,KR7093640001,케이알엠,KOSDAQ,벤처기업부,4220,1,45,1.08,4210,4420,4185,40282,173566885,138600481520,32843716,KSQ
1148,0007C0,KR70007C0003,아크릴,KOSDAQ,기술성장기업부,17240,2,-160,-0.92,17500,17900,16900,41563,720439185,138442785760,8030324,KSQ
1149,232680,KR7232680009,라온로보틱스,KOSDAQ,기술성장기업부,10440,1,60,0.58,10490,10790,10020,230202,2405245310,138408300000,13257500,KSQ
1150,011690,KR7011690005,와이투솔루션,KOSPI,,3770,1,5,0.13,3765,3855,3635,110742,411853475,138375565380,36704394,STK
1151,489500,KR7489500009,엘케이켐,KOSDAQ,벤처기업부,21650,2,-1000,-4.42,22650,22850,21300,20880,455144725,138370302700,6391238,KSQ
1152,205500,KR7205500002,넥써쓰,KOSDAQ,중견기업부,1697,1,22,1.31,1672,1698,1636,79817,132992840,138110421365,81385045,KSQ
1153,263860,KR7263860009,지니언스,KOSDAQ,벤처기업부,15180,1,130,0.86,15100,15430,14860,22329,337083245,137828328000,9079600,KSQ
1154,035610,KR7035610005,솔본,KOSDAQ,투자주의환기종목(소속부없음),5040,1,160,3.28,4900,5130,4900,149288,757605985,137823824880,27345997,KSQ
1155,413630,KR7413630005,씨피시스템,KOSDAQ,벤처기업부,3770,2,-125,-3.21,3930,4015,3760,934547,3625682474,137366000850,36436605,KSQ
1156,361390,KR7361390008,제노코,KOSDAQ,벤처기업부,14100,2,-10,-0.07,14110,14460,13230,18838,264529025,137282972100,9736381,KSQ
1157,069510,KR7069510006,에스텍,KOSDAQ,우량기업부,12560,1,90,0.72,12500,12680,12500,1308,16464730,137029600000,10910000,KSQ
1158,264660,KR7264660002,씨앤지하이테크,KOSDAQ,우량기업부,14090,2,-30,-0.21,14130,14670,13800,33426,473276505,136971313480,9721172,KSQ
1159,035080,KR7035080001,그래디언트,KOSDAQ,중견기업부,11980,1,160,1.35,11820,12030,11770,52320,623230080,136946782320,11431284,KSQ
1160,013520,KR7013520002,화승코퍼레이션,KOSPI,,2720,1,60,2.26,2660,2785,2635,157825,425786855,136139405440,50051252,STK
1161,049720,KR7049720006,고려신용정보,KOSDAQ,우량기업부,9510,1,150,1.6,9340,9600,9340,51733,490098800,135993000000,14300000,KSQ
1162,432720,KR7432720001,퀄리타스반도체,KOSDAQ,기술성장기업부,9580,2,-20,-0.21,9840,9840,9040,97454,924835540,135916939760,14187572,KSQ
1163,226590,KR7226590008,엠디바이스,KOSDAQ,기술성장기업부,12670,2,-600,-4.52,13550,13700,12190,94908,1216355580,135781653280,10716784,KSQ
1164,004960,KR7004960001,한신공영,KOSPI,,11690,1,630,5.7,11150,11930,10840,114977,1323971795,135261506380,11570702,STK
1165,032580,KR7032580003,피델릭스,KOSDAQ,중견기업부,4050,2,-485,-10.69,4600,4615,4010,1764643,7376216659,134184859200,33132064,KSQ
1166,408920,KR7408920007,메쎄이상,KOSDAQ,우량기업부,3100,1,30,0.98,3135,3135,3055,14663,45201365,134020610500,43232455,KSQ
1167,371950,KR7371950007,풍원정밀,KOSDAQ,기술성장기업부,5880,1,150,2.62,5690,5900,5610,14884,85306250,133944459600,22779670,KSQ
1168,217950,KR7217950005,파마리서치바이오,KONEX,일반기업부,32000,1,500,1.59,31450,32000,31200,1386,44101900,133863680000,4183240,KNX
1169,322510,KR7322510009,제이엘케이,KOSDAQ,기술성장기업부,5200,2,-300,-5.45,5500,5520,5160,124382,653865640,133774638400,25725892,KSQ
1170,242040,KR7242040004,나무에이엑스,KOSDAQ,기술성장기업부,3860,1,10,0.26,3910,4040,3775,302668,1169699198,133580179040,34606264,KSQ
1171,037560,KR7037560000,LG헬로비전,KOSPI,,1718,1,10,0.59,1720,1742,1707,117756,202085041,133053714070,77446865,STK
1172,340450,KR7340450006,지씨지놈,KOSDAQ,기술성장기업부,5620,2,-70,-1.23,5690,5750,5510,63872,359119810,132917456660,23650793,KSQ
1173,018470,KR7018470005,조일알미늄,KOSPI,,1049,1,15,1.45,1040,1067,1001,1258917,1297483351,132836675329,126631721,STK
1174,008350,KR7008350001,남선알미늄,KOSPI,,1029,2,-2,-0.19,1060,1060,1018,731835,753009812,132822383610,129079090,STK
1175,210540,KR7210540001,디와이파워,KOSPI,,12000,1,400,3.45,11810,12250,11810,45074,541261590,132500496000,11041708,STK
1176,297890,KR7297890006,HB솔루션,KOSDAQ,우량기업부,1810,1,9,0.5,1820,1820,1773,194270,348236730,132385054340,73140914,KSQ
1177,002390,KR7002390003,한독,KOSPI,,9600,1,20,0.21,9580,9600,9290,14540,137525670,132129916800,13763533,STK
1178,418420,KR7418420006,라온텍,KOSDAQ,기술성장기업부,4285,2,-5,-0.12,4330,4360,4050,153449,646829844,131868981030,30774558,KSQ
1179,007540,KR7007540008,샘표,KOSPI,,45850,1,1250,2.8,45450,46150,44700,9331,424423250,131855430000,2875800,STK
1180,289080,KR7289080004,SV인베스트먼트,KOSDAQ,중견기업부,2190,2,-30,-1.35,2250,2250,2130,668247,1456450962,131702730270,60138233,KSQ
1181,048550,KR7048550008,SM C&C,KOSDAQ,중견기업부,1360,1,23,1.72,1337,1377,1306,766444,1034436807,131531883200,96714620,KSQ
1182,014280,KR7014280002,금강공업,KOSPI,,4480,1,260,6.16,4230,4950,4230,1107796,5166523966,131395519360,29329357,STK
1183,136540,KR7136540002,윈스테크넷,KOSDAQ,우량기업부,10680,1,60,0.56,10600,10680,10550,6854,72834240,131147687280,12279746,KSQ
1184,220260,KR7220260004,켐트로스,KOSDAQ,벤처기업부,4085,2,-135,-3.2,4230,4260,3840,87759,359896125,131014344675,32072055,KSQ
1185,024090,KR7024090003,디씨엠,KOSPI,,11460,1,100,0.88,11360,11460,11160,1978,22571960,130644000000,11400000,STK
1186,004080,KR7004080008,신흥,KOSPI,,14040,1,10,0.07,14030,14040,13980,3319,46563350,130572000000,9300000,STK
1187,211270,KR7211270004,AP위성,KOSDAQ,우량기업부,8650,1,20,0.23,8620,8770,8450,62659,540135140,130461929600,15082304,KSQ
1188,109740,KR7109740001,디에스케이,KOSDAQ,벤처기업부,5070,1,340,7.19,4730,5110,4660,16732,79872520,130351677300,25710390,KSQ
1189,146320,KR7146320007,비씨엔씨,KOSDAQ,벤처기업부,10180,2,-300,-2.86,10480,10600,10010,23435,238113460,130282856140,12797923,KSQ
1190,402490,KR7402490007,그린리소스,KOSDAQ,기술성장기업부,7680,2,-20,-0.26,7920,7970,7410,137789,1060973900,130062466560,16935217,KSQ
1191,080420,KR7080420003,모다이노칩,KOSDAQ,중견기업부,1631,2,-49,-2.92,1680,1680,1624,1009,1655151,130025965482,79721622,KSQ
1192,107590,KR7107590002,미원홀딩스,KOSPI,,56000,1,1800,3.32,54300,56000,53800,336,18529300,129920000000,2320000,STK
1193,339950,KR7339950008,아이비김영,KOSDAQ,우량기업부,2875,1,15,0.52,2860,2890,2820,94305,268937547,129221633125,44946655,KSQ
1194,394420,KR7394420004,리센스메디컬,KOSDAQ,기술성장기업부,11730,1,110,0.95,11630,11790,11160,100357,1148717165,129026492730,10999701,KSQ
1195,285490,KR7285490009,노바텍,KOSDAQ,벤처기업부,12200,1,90,0.74,12110,12450,12000,22347,272479320,129025138200,10575831,KSQ
1196,095190,KR7095190005,신화프리텍,KOSDAQ,중견기업부,1976,2,-39,-1.94,2040,2040,1952,117414,232734719,128954672912,65260462,KSQ
1197,089470,KR7089470009,HDC현대EP,KOSPI,,4040,1,160,4.12,3940,4100,3890,160422,641387861,128876000000,31900000,STK
1198,333430,KR7333430007,일승,KOSDAQ,중견기업부,4190,1,5,0.12,4405,4565,4170,2345417,10197661709,128745069930,30726747,KSQ
1199,267320,KR7267320000,나인테크,KOSDAQ,벤처기업부,2240,1,20,0.9,2220,2260,2175,241351,535321389,128610260800,57415295,KSQ
1200,037350,KR7037350006,성도이엔지,KOSDAQ,우량기업부,8440,1,10,0.12,8600,8610,8230,133559,1124809350,128372400000,15210000,KSQ
1201,0088M0,KR70088M0003,메쥬,KOSDAQ,기술성장기업부,12990,1,140,1.09,12770,13700,12570,118354,1537869300,128363932500,9881750,KSQ
1202,388790,KR7388790008,라이콤,KOSDAQ,벤처기업부,4185,2,-115,-2.67,4285,4320,4055,327294,1356454508,128120259600,30614160,KSQ
1203,149950,KR7149950008,아바텍,KOSDAQ,우량기업부,9370,1,130,1.41,9570,9630,8990,77039,721626295,128066377110,13667703,KSQ
1204,086980,KR7086980000,쇼박스,KOSDAQ,중견기업부,2050,2,-65,-3.07,2095,2160,2020,171536,352092250,127997900000,62438000,KSQ
1205,417500,KR7417500006,제이아이테크,KOSDAQ,우량기업부,3900,2,-200,-4.88,4135,4225,3725,454422,1780358664,127860501600,32784744,KSQ
1206,396300,KR7396300006,세아메카닉스,KOSDAQ,우량기업부,4825,1,660,15.85,4180,5200,4180,11743716,56207990483,127811837500,26489500,KSQ
1207,009780,KR7009780008,엠에스씨,KOSDAQ,우량기업부,7260,1,790,12.21,6470,7510,6410,459321,3310210725,127776000000,17600000,KSQ
1208,474170,KR7474170008,루미르,KOSDAQ,기술성장기업부,7170,2,-30,-0.42,7220,7360,6980,54089,385677165,127752880320,17817696,KSQ
1209,267290,KR7267290005,경동도시가스,KOSPI,,21650,1,650,3.1,20850,21800,20850,28263,604884000,127635539900,5895406,STK
1210,073010,KR7073010001,케이에스피,KOSDAQ,우량기업부,3165,1,190,6.39,3050,3350,3000,285827,901313783,127205306250,40191250,KSQ
1211,350520,KR7350520003,이지스레지던스리츠,KOSPI,,3450,3,0,0.0,3455,3455,3385,84459,288445435,127188396900,36866202,STK
1212,458650,KR7458650009,성우,KOSDAQ,벤처기업부,8430,1,60,0.72,8380,8550,8200,10265,86091440,126834998100,15045670,KSQ
1213,282880,KR7282880004,코윈테크,KOSDAQ,우량기업부,10840,1,260,2.46,10580,10880,10520,45812,490109710,126763848880,11694082,KSQ
1214,299030,KR7299030007,하나기술,KOSDAQ,벤처기업부,15820,1,470,3.06,15760,15900,14510,75514,1157217855,126479476200,7994910,KSQ
1215,453450,KR7453450009,그리드위즈,KOSDAQ,중견기업부,15900,2,-70,-0.44,16300,16600,15610,58345,935814190,126289725000,7942750,KSQ
1216,036690,KR7036690006,코맥스,KOSDAQ,관리종목(소속부없음),2885,0,0,0.0,0,0,0,0,0,125692107675,43567455,KSQ
1217,214390,KR7214390007,경보제약,KOSPI,,5250,1,90,1.74,5240,5290,5140,18793,97357890,125511015000,23906860,STK
1218,122450,KR7122450000,KX,KOSDAQ,중견기업부,2800,1,5,0.18,2795,2835,2745,19472,54221070,125495535200,44819834,KSQ
1219,106190,KR7106190002,하이텍팜,KOSDAQ,우량기업부,11750,1,300,2.62,11300,11870,11300,22763,265426480,124939782750,10633173,KSQ
1220,488280,KR7488280009,에스투더블유,KOSDAQ,기술성장기업부,11540,1,110,0.96,11520,11710,11300,73790,849440790,124926108440,10825486,KSQ
1221,307750,KR7307750000,국전,KOSDAQ,중견기업부,2310,1,30,1.32,2305,2360,2265,89483,206013110,124708325280,53986288,KSQ
1222,227840,KR7227840006,현대코퍼레이션홀딩스,KOSPI,,13680,1,1000,7.89,12950,13680,12950,53829,723892700,124499436480,9100836,STK
1223,259630,KR7259630002,엠플러스,KOSDAQ,우량기업부,10170,1,140,1.4,10160,10280,9840,69032,691987770,124301767320,12222396,KSQ
1224,001520,KR7001520006,동양,KOSPI,,1159,1,1,0.09,1160,1173,1142,126983,146247662,124154435088,107122032,STK
1225,473980,KR7473980001,노머스,KOSDAQ,기술성장기업부,11400,2,-210,-1.81,11610,11890,11250,34088,388585105,124063372800,10882752,KSQ
1226,452450,KR7452450000,피아이이,KOSDAQ,벤처기업부,3440,1,65,1.93,3375,3490,3350,65999,226726095,123938040000,36028500,KSQ
1227,308080,KR7308080001,바이젠셀,KOSDAQ,기술성장기업부,6040,2,-90,-1.47,6130,6270,5970,84965,515100080,123815530400,20499260,KSQ
1228,256940,KR7256940008,킵스파마,KOSDAQ,벤처기업부,6140,1,70,1.15,6070,6240,6020,21898,134021450,123279822580,20078147,KSQ
1229,003010,KR7003010006,혜인,KOSPI,,9690,4,2230,29.89,7550,9690,7550,978616,8781715800,123186518430,12712747,STK
1230,021320,KR7021320007,KCC건설,KOSDAQ,우량기업부,5750,1,30,0.52,5720,5840,5660,22193,127458075,123050000000,21400000,KSQ
1231,192410,KR7192410009,오늘이엔엠,KOSDAQ,중견기업부,4885,1,170,3.61,5180,5180,4600,223224,1071732579,123033165465,25185909,KSQ
1232,001360,KR7001360007,삼성제약,KOSPI,,1306,1,11,0.85,1300,1325,1290,218110,283662950,122975675174,94162079,STK
1233,009270,KR7009270000,신원,KOSPI,,1070,1,17,1.61,1053,1080,1053,424716,453138226,122804320510,114770393,STK
1234,246710,KR7246710008,티앤알바이오팹,KOSDAQ,기술성장기업부,2575,2,-70,-2.65,2650,2675,2515,162784,420287516,122736097800,47664504,KSQ
1235,011280,KR7011280005,태림포장,KOSPI,,1728,2,-7,-0.4,1735,1740,1701,36311,62321566,122352664320,70805940,STK
1236,009070,KR7009070004,KCTC,KOSPI,,4075,1,65,1.62,4025,4085,3990,80631,326441820,122250000000,30000000,STK
1237,094840,KR7094840006,슈프리마에이치큐,KOSDAQ,벤처기업부,12460,2,-470,-3.63,12900,12930,11730,100541,1225119450,122184118140,9806109,KSQ
1238,005800,KR7005800008,신영와코루,KOSPI,,13570,1,170,1.27,13570,13570,13150,5009,66694425,122130000000,9000000,STK
1239,053700,KR7053700001,삼보모터스,KOSDAQ,우량기업부,4570,1,490,12.01,4130,4950,4105,4028004,18576791940,122091009490,26715757,KSQ
1240,002620,KR7002620003,제일파마홀딩스,KOSPI,,7640,2,-70,-0.91,7780,7790,7430,3741,28363160,122036432200,15973355,STK
1241,163730,KR7163730005,핑거,KOSDAQ,벤처기업부,10150,2,-10,-0.1,10170,10390,9980,52835,534543330,121959527550,12015717,KSQ
1242,079430,KR7079430005,현대리바트,KOSPI,,6050,1,140,2.37,5910,6050,5850,21426,128124790,121690922100,20114202,STK
1243,217270,KR7217270008,넵튠,KOSDAQ,중견기업부,2600,1,10,0.39,2590,2695,2585,54833,144383841,121512671800,46735643,KSQ
1244,950190,KR8344390008,고스트스튜디오,KOSDAQ,외국기업(소속부없음),9330,1,280,3.09,9140,9650,9020,82175,767615265,121449160470,13017059,KSQ
1245,002460,KR7002460004,HS화성,KOSPI,,11780,2,-40,-0.34,11820,11950,11700,7076,83566010,119567000000,10150000,STK
1246,027710,KR7027710003,팜스토리,KOSDAQ,우량기업부,1073,1,13,1.23,1062,1078,1056,238382,254476060,119550011800,111416600,KSQ
1247,095700,KR7095700001,제넥신,KOSDAQ,기술성장기업부,2620,2,-5,-0.19,2680,2680,2590,77260,202738427,119316094280,45540494,KSQ
1248,052260,KR7052260007,현대바이오랜드,KOSDAQ,우량기업부,3970,1,60,1.53,3910,3970,3905,30933,121688077,119100000000,30000000,KSQ
1249,290720,KR7290720002,푸드나무,KOSDAQ,중견기업부,3120,1,45,1.46,3235,3235,2985,86990,273456700,119025731760,38149273,KSQ
1250,017510,KR7017510009,세명전기,KOSDAQ,벤처기업부,7800,2,-140,-1.76,7960,7980,7550,181935,1412391630,118918800000,15246000,KSQ
1251,013570,KR7013570007,디와이,KOSPI,,4510,1,275,6.49,4330,4535,4290,251261,1117861585,118701544830,26319633,STK
1252,078000,KR7078000007,텔코웨어,KOSPI,,12830,1,100,0.79,12740,12830,12600,3297,42063110,118550187910,9240077,STK
1253,091440,KR7091440008,한울소재과학,KOSDAQ,투자주의환기종목(소속부없음),3460,1,120,3.59,3340,3500,3310,532726,1820764432,118356735540,34207149,KSQ
1254,053080,KR7053080008,케이엔솔,KOSDAQ,중견기업부,9100,1,150,1.68,9000,9200,8820,61196,550429100,118298243700,12999807,KSQ
1255,158430,KR7158430009,아톤,KOSDAQ,벤처기업부,4825,1,260,5.7,4580,4850,4480,260983,1223695586,118126093900,24482092,KSQ
1256,047310,KR7047310008,파워로직스,KOSDAQ,우량기업부,3225,1,60,1.9,3170,3295,3155,146659,471501395,118069684875,36610755,KSQ
1257,012200,KR7012200002,계양전기,KOSPI,,4335,1,65,1.52,4275,4475,4200,353637,1530633767,118010963715,27222829,STK
1258,090850,KR7090850009,현대이지웰,KOSDAQ,우량기업부,5250,1,250,5.0,5020,5300,5000,221627,1149223015,118008990750,22477903,KSQ
1259,038540,KR7038540001,상상인,KOSDAQ,중견기업부,2130,1,25,1.19,2110,2155,2070,86847,183449497,117849306690,55328313,KSQ
1260,010100,KR7010100006,한국무브넥스,KOSPI,,3865,1,115,3.07,3755,3875,3680,130450,498599935,117690873300,30450420,STK
1261,067290,KR7067290007,JW신약,KOSDAQ,중견기업부,2100,2,-50,-2.33,2170,2185,2055,2834446,5999962970,117677916300,56037103,KSQ
1262,101170,KR7101170009,우림피티에스,KOSDAQ,벤처기업부,8710,1,360,4.31,8350,9000,8300,146894,1270009140,117585000000,13500000,KSQ
1263,019180,KR7019180009,티에이치엔,KOSPI,,6520,1,80,1.24,6490,6590,6400,117054,755227340,117360000000,18000000,STK
1264,051980,KR7051980001,중앙첨단소재,KOSDAQ,중견기업부,1054,1,3,0.29,1051,1080,1025,698734,732905892,117090661286,111091709,KSQ
1265,008970,KR7008970006,KBI동양철관,KOSPI,,1127,1,4,0.36,1134,1160,1111,428858,482342988,116945304189,103766907,STK
1266,017550,KR7017550005,수산세보틱스,KOSPI,,1874,2,-11,-0.58,1890,1908,1825,174263,323366288,116935969620,62399130,STK
1267,115310,KR7115310005,인포바인,KOSDAQ,벤처기업부,7880,1,100,1.29,7780,8080,7700,3306,26031470,116872606120,14831549,KSQ
1268,034590,KR7034590000,인천도시가스,KOSPI,,26700,1,200,0.75,26650,26700,26400,2054,54624800,116805931800,4374754,STK
1269,417010,KR7417010006,나노팀,KOSDAQ,벤처기업부,5790,1,100,1.76,5800,5860,5520,81678,462966545,116800095120,20172728,KSQ
1270,148150,KR7148150006,세경하이테크,KOSDAQ,우량기업부,3285,1,10,0.31,3275,3320,3250,53799,176438065,116758157130,35542818,KSQ
1271,049520,KR7049520000,유아이엘,KOSDAQ,우량기업부,3785,2,-15,-0.39,3790,3830,3775,49751,189156209,116739335625,30842625,KSQ
1272,129920,KR7129920005,대성하이텍,KOSDAQ,벤처기업부,7170,1,600,9.13,6570,7420,6440,269504,1874262730,116503150320,16248696,KSQ
1273,012320,KR7012320008,경동인베스트,KOSPI,,49150,1,550,1.13,48550,49200,48350,3818,186426650,116240880450,2365023,STK
1274,041590,KR7041590001,플래스크,KOSDAQ,관리종목(소속부없음),2370,0,0,0.0,0,0,0,0,0,116064014460,48972158,KSQ
1275,238540,KR7238540009,나노솔루션,KONEX,일반기업부,103800,0,0,0.0,0,0,0,0,0,116011032000,1117640,KNX
1276,041440,KR7041440009,현대에버다임,KOSDAQ,우량기업부,6500,1,20,0.31,6560,6610,6370,49494,321472940,115971128000,17841712,KSQ
1277,108230,KR7108230004,톱텍,KOSDAQ,우량기업부,3035,2,-150,-4.71,3235,3235,3025,68203,209057805,115400548575,38023245,KSQ
1278,166480,KR7166480004,코아스템켐온,KOSDAQ,벤처기업부,2175,2,-5,-0.23,2200,2280,2150,115610,254142612,114993067800,52870376,KSQ
1279,059210,KR7059210005,메타바이오메드,KOSDAQ,우량기업부,4230,1,250,6.28,4000,4275,3975,291803,1222295993,114935212350,27171445,KSQ
1280,056090,KR7056090004,시지메드텍,KOSDAQ,벤처기업부,1112,2,-8,-0.71,1120,1142,1084,459185,503594411,114824048032,103259036,KSQ
1281,083420,KR7083420000,그린케미칼,KOSPI,,4780,1,25,0.53,4710,5580,4710,1638227,8462806052,114720000000,24000000,STK
1282,115500,KR7115500001,케이씨에스,KOSDAQ,중견기업부,9550,2,-150,-1.55,9700,9770,9370,74544,711683420,114600000000,12000000,KSQ
1283,021080,KR7021080007,에이티넘인베스트,KOSDAQ,우량기업부,2385,1,25,1.06,2370,2415,2340,113605,268931240,114480000000,48000000,KSQ
1284,063570,KR7063570006,NICE인프라,KOSDAQ,우량기업부,3350,1,25,0.75,3300,3360,3250,24374,80654696,114394888800,34147728,KSQ
1285,037070,KR7037070000,파세코,KOSDAQ,중견기업부,5690,1,80,1.43,5660,6220,5630,720467,4240072470,113800000000,20000000,KSQ
1286,014580,KR7014580005,태경비케이,KOSPI,,4125,1,30,0.73,4095,4125,4070,62410,255592068,113780287500,27583100,STK
1287,002780,KR7002780005,진흥기업,KOSPI,,782,0,0,0.0,0,0,0,0,0,113758904590,145471745,STK
1288,016710,KR7016710006,대성홀딩스,KOSPI,,7070,2,-10,-0.14,7070,7070,6960,10033,70348200,113752475130,16089459,STK
1289,032940,KR7032940009,원익,KOSDAQ,우량기업부,6250,1,110,1.79,6200,6400,6040,64219,400350720,113707687500,18193230,KSQ
1290,014530,KR7014530000,극동유화,KOSPI,,3260,1,115,3.66,3145,3380,3120,186857,599813245,113674309200,34869420,STK
1291,051360,KR7051360006,토비스,KOSDAQ,우량기업부,11780,2,-1010,-7.9,12770,12880,11720,104541,1276288555,113578849040,9641668,KSQ
1292,078935,KR7078931003,GS우,KOSPI,,63600,1,2400,3.92,62000,64100,61500,16870,1066378200,113187393600,1779676,STK
1293,475580,KR7475580007,에이럭스,KOSDAQ,벤처기업부,8280,1,760,10.11,8630,8800,7900,441528,3710690950,112814172000,13624900,KSQ
1294,067990,KR7067990002,도이치모터스,KOSDAQ,우량기업부,3865,1,15,0.39,3850,3900,3815,96118,368564506,112786690750,29181550,KSQ
1295,035000,KR7035000009,HS애드,KOSPI,,6930,1,80,1.17,6900,6970,6850,31474,217896870,112318972920,16207644,STK
1296,474610,KR7474610003,RF시스템즈,KOSDAQ,벤처기업부,7770,2,-240,-3.0,8050,8050,7600,103415,800320040,112006259400,14415220,KSQ
1297,006620,KR7006620009,동구바이오제약,KOSDAQ,우량기업부,3915,2,-20,-0.51,3935,4005,3890,117696,462117462,111440443680,28464992,KSQ
1298,018120,KR7018120006,진로발효,KOSDAQ,우량기업부,16800,1,40,0.24,16890,16890,16580,1114,18572250,111234816000,6621120,KSQ
1299,141000,KR7141000000,비아트론,KOSDAQ,벤처기업부,9150,1,200,2.23,9090,9150,8640,39147,351275830,110849596500,12114710,KSQ
1300,001290,KR7001290006,상상인증권,KOSPI,,1023,2,-4,-0.39,1027,1042,1010,892735,914966395,110828873760,108337120,STK
1301,054050,KR7054050000,NH농우바이오,KOSDAQ,우량기업부,6910,2,-20,-0.29,6930,6960,6880,22141,153278205,110771176510,16030561,KSQ
1302,012800,KR7012800009,대창,KOSPI,,1213,1,17,1.42,1210,1226,1178,437641,526310575,110553425287,91140499,STK
1303,265740,KR7265740001,엔에프씨,KOSDAQ,벤처기업부,6180,2,-160,-2.52,6440,6720,6050,557295,3546908980,110397048000,17863600,KSQ
1304,297090,KR7297090003,씨에스베어링,KOSDAQ,투자주의환기종목(소속부없음),4035,1,40,1.0,3995,4090,3955,47557,191278950,110034450000,27270000,KSQ
1305,331920,KR7331920009,셀레믹스,KOSDAQ,기술성장기업부,9840,2,-20,-0.2,9860,10260,9610,25748,255442620,110026501200,11181555,KSQ
1306,366030,KR7366030005,나인앤컴퍼니,KOSDAQ,중견기업부,4850,1,280,6.13,4525,4940,4525,73448,346819380,109871172500,22653850,KSQ
1307,248170,KR7248170003,샘표식품,KOSPI,,24050,1,600,2.56,23850,24950,23600,15039,364673175,109867278300,4568286,STK
1308,092220,KR7092220003,KEC,KOSPI,,2735,2,-60,-2.15,2820,2835,2680,229758,629988187,109817437580,40152628,STK
1309,362320,KR7362320004,청담글로벌,KOSDAQ,중견기업부,5190,3,0,0.0,5200,5255,5020,154911,795134735,109775195100,21151290,KSQ
1310,067900,KR7067900001,와이엔텍,KOSDAQ,우량기업부,6030,1,10,0.17,6060,6130,6000,20332,123072630,109743943770,18199659,KSQ
1311,123040,KR7123040008,엠에스오토텍,KOSDAQ,중견기업부,1750,1,66,3.92,1723,2010,1673,1634248,2975655269,109599523250,62628299,KSQ
1312,052460,KR7052460003,아이크래프트,KOSDAQ,벤처기업부,7500,1,450,6.38,7180,7500,6760,549923,3928116645,109559520000,14607936,KSQ
1313,011810,KR7011810009,STX,KOSPI,,3530,0,0,0.0,0,0,0,0,0,109493282310,31017927,STK
1314,083500,KR7083500009,에프엔에스테크,KOSDAQ,우량기업부,13180,1,380,2.97,12800,13290,12560,78974,1016752530,109478048860,8306377,KSQ
1315,105330,KR7105330005,케이엔더블유,KOSDAQ,중견기업부,6830,1,110,1.64,6890,6950,6620,27943,189601305,109413321600,16019520,KSQ
1316,054920,KR7054920004,한컴위드,KOSDAQ,중견기업부,3870,2,-15,-0.39,3895,3955,3790,114288,440525513,109200103470,28217081,KSQ
1317,338220,KR7338220007,뷰노,KOSDAQ,기술성장기업부,7780,2,-130,-1.64,7990,8070,7700,25316,198011565,108934182940,14001823,KSQ
1318,039560,KR7039560008,다산네트웍스,KOSDAQ,중견기업부,2535,1,5,0.2,2575,2630,2495,107667,273083259,108722266380,42888468,KSQ
1319,380550,KR7380550004,뉴로핏,KOSDAQ,기술성장기업부,8890,1,50,0.57,8970,9180,8690,43354,385705040,108447918740,12198866,KSQ
1320,107600,KR7107600009,새빗켐,KOSDAQ,벤처기업부,19180,4,4420,29.95,15700,19180,15360,197888,3593588200,108368035720,5650054,KSQ
1321,004250,KR7004250007,NPC,KOSPI,,2940,1,60,2.08,2890,2955,2890,16652,48720275,107956800000,36720000,STK
1322,071280,KR7071280002,로체시스템즈,KOSDAQ,우량기업부,7050,1,230,3.37,6900,7050,6600,225797,1542189150,107841051150,15296603,KSQ
1323,073560,KR7073560005,우리손에프앤지,KOSDAQ,우량기업부,1555,1,27,1.77,1526,1558,1523,139810,216017902,107664534865,69237643,KSQ
1324,039340,KR7039340005,한국경제TV,KOSDAQ,우량기업부,4890,1,55,1.14,4810,4895,4810,34422,166454805,107580000000,22000000,KSQ
1325,0015N0,KR70015N0000,아로마티카,KOSDAQ,벤처기업부,8550,2,-150,-1.72,8900,9070,8340,276493,2393727925,107532683100,12576922,KSQ
1326,357880,KR7357880004,SKAI,KOSDAQ,기술성장기업부,2010,2,-40,-1.95,2075,2100,1999,690376,1401256112,107450945820,53458182,KSQ
1327,131030,KR7131030009,옵투스제약,KOSDAQ,우량기업부,6080,1,80,1.33,5950,6110,5910,63503,382203440,107291267200,17646590,KSQ
1328,009580,KR7009580002,무림P&P,KOSPI,,1720,1,11,0.64,1720,1730,1693,39879,68090708,107273517280,62368324,STK
1329,120240,KR7120240007,대정화금,KOSDAQ,우량기업부,14890,1,580,4.05,14310,15120,14300,38718,573286400,107064921990,7190391,KSQ
1330,123690,KR7123690000,한국화장품,KOSPI,,6660,2,-110,-1.62,6770,6810,6590,107778,719472185,107012880000,16068000,STK
1331,066590,KR7066590001,스모트로닉,KOSDAQ,중견기업부,2765,1,60,2.22,2710,2815,2695,174593,480119460,106944495805,38677937,KSQ
1332,053260,KR7053260006,금강철강,KOSDAQ,우량기업부,5710,1,10,0.18,5730,6090,5570,268532,1550910290,106891200000,18720000,KSQ
1333,120030,KR7120030002,조선선재,KOSPI,,84800,1,100,0.12,83500,84800,83400,356,30029000,106648804800,1257651,STK
1334,013310,KR7013310008,아진산업,KOSDAQ,우량기업부,2745,1,70,2.62,2675,2810,2675,318605,868620770,106524067590,38806582,KSQ
1335,023450,KR7023450000,동남합성,KOSPI,,30400,1,250,0.83,30150,30700,29800,1026,30948300,106400000000,3500000,STK
1336,021820,KR7021820006,세원정공,KOSPI,,10620,1,30,0.28,10510,11120,10460,17117,180570940,106200000000,10000000,STK
1337,267850,KR7267850006,아시아나IDT,KOSPI,,9560,1,20,0.21,9540,9700,9490,5950,56821370,106116000000,11100000,STK
1338,070960,KR7070960000,모나용평,KOSPI,,2195,1,5,0.23,2185,2400,2165,81100,183459590,105652665935,48133333,STK
1339,307930,KR7307930008,컴퍼니케이,KOSDAQ,중견기업부,6760,1,10,0.15,6720,7030,6630,60968,414327440,105523600000,15610000,KSQ
1340,209640,KR7209640002,와이제이링크,KOSDAQ,중견기업부,3705,1,15,0.41,3815,3885,3615,184105,687528429,105381855930,28443146,KSQ
1341,049950,KR7049950009,미래컴퍼니,KOSDAQ,중견기업부,11930,1,150,1.27,11810,12540,11520,77479,926856545,105197356120,8817884,KSQ
1342,309960,KR7309960003,LB인베스트먼트,KOSDAQ,중견기업부,4530,2,-115,-2.48,4660,4660,4430,82368,372163220,105174092670,23217239,KSQ
1343,013700,KR7013700000,까뮤이앤씨,KOSPI,,1759,2,-90,-4.87,1850,1909,1720,696238,1254440854,105101709970,59750830,STK
1344,311320,KR7311320006,지오엘리먼트,KOSDAQ,기술성장기업부,8300,1,10,0.12,8290,8650,7810,88171,720037845,104700848000,12614560,KSQ
1345,027970,KR7027970003,한국제지,KOSPI,,2750,1,70,2.61,2750,2750,2655,35792,96884066,104582896000,38030144,STK
1346,100700,KR7100700004,세운메디칼,KOSDAQ,우량기업부,2375,1,75,3.26,2315,2385,2300,126174,295550100,104025000000,43800000,KSQ
1347,264900,KR7264900002,크라운제과,KOSPI,,8270,1,130,1.6,8130,8650,8090,58145,484950115,103572239500,12523850,STK
1348,336680,KR7336680004,탑런토탈솔루션,KOSDAQ,중견기업부,2645,2,-25,-0.94,2670,2690,2605,9797,25847377,103540000910,39145558,KSQ
1349,125210,KR7125210005,아모그린텍,KOSDAQ,우량기업부,6270,1,50,0.8,6300,6350,6100,50359,312358580,103434873300,16496790,KSQ
1350,37550L,KR737550K029,DL이앤씨2우(전환),KOSPI,,48950,2,-150,-0.31,49100,49150,47650,2558,123961650,103380001450,2111951,STK
1351,419050,KR7419050000,삼기에너지솔루션즈,KOSDAQ,중견기업부,1804,2,-34,-1.85,1857,1995,1800,20335371,38818518114,103182016960,57196240,KSQ
1352,067830,KR7067830000,세이브존I&C,KOSPI,,2495,1,90,3.74,2385,2495,2385,63226,154445588,102397033025,41040895,STK
1353,063170,KR7063170005,서울옥션,KOSDAQ,중견기업부,5750,1,220,3.98,5530,5760,5500,44592,253074890,102202035250,17774267,KSQ
1354,047770,KR7047770003,코데즈컴바인,KOSDAQ,중견기업부,2700,1,85,3.25,2665,2765,2605,620502,1669050640,102175025400,37842602,KSQ
1355,002450,KR7002450005,삼익악기,KOSPI,,1125,3,0,0.0,1139,1139,1110,253385,283852446,101847279375,90530915,STK
1356,348350,KR7348350000,위드텍,KOSDAQ,벤처기업부,10160,1,60,0.59,10010,10500,9840,31399,316634020,101382576000,9978600,KSQ
1357,483350,KR7483350005,딜리셔스,KOSDAQ,기술성장기업부,4625,2,-40,-0.86,4665,4875,4480,5875476,27420358695,101190190000,21878960,KSQ
1358,036010,KR7036010007,아비코전자,KOSDAQ,중견기업부,7610,1,980,14.78,6800,8610,6500,776413,5812859145,101159227740,13292934,KSQ
1359,036580,KR7036580009,팜스코,KOSPI,,2750,1,75,2.8,2675,2800,2635,232096,633052485,101001843250,36727943,STK
1360,119650,KR7119650000,KC코트렐,KOSPI,,918,0,0,0.0,0,0,0,0,0,100782913662,109785309,STK
1361,036220,KR7036220002,오상헬스케어,KOSDAQ,우량기업부,7030,1,130,1.88,6900,7050,6880,4936,34391645,100595194480,14309416,KSQ
1362,187790,KR7187790001,나노,KOSDAQ,벤처기업부,3260,2,-125,-3.69,3390,3445,3160,208594,677317397,100541105800,30840830,KSQ
1363,002230,KR7002230001,피에스텍,KOSDAQ,우량기업부,5450,1,60,1.11,5400,5550,5320,72498,393522310,100394831500,18421070,KSQ
1364,036630,KR7036630002,세종텔레콤,KOSDAQ,우량기업부,7160,1,160,2.29,7200,7270,7060,8262,59393960,100240000000,14000000,KSQ
1365,074430,KR7074430000,아미노로직스,KOSDAQ,중견기업부,1135,1,10,0.89,1158,1158,1075,145358,159685977,100039265470,88140322,KSQ
1366,037030,KR7037030004,파워넷,KOSDAQ,우량기업부,3920,3,0,0.0,3980,4050,3817,181190,709712866,100010928640,25512992,KSQ
1367,330350,KR7330350000,위더스제약,KOSDAQ,우량기업부,7560,2,-10,-0.13,7690,7690,7400,86469,649596660,99789580800,13199680,KSQ
1368,008830,KR7008830002,대동기어,KOSDAQ,중견기업부,6760,1,120,1.81,6650,7040,6630,705784,4790623955,99745963200,14755320,KSQ
1369,088130,KR7088130000,동아엘텍,KOSDAQ,우량기업부,5700,2,-30,-0.52,5660,5890,5530,59561,335652825,99666289800,17485314,KSQ
1370,172670,KR7172670002,에이엘티,KOSDAQ,벤처기업부,11110,2,-210,-1.86,11320,11590,10860,43468,484517910,99548477490,8960259,KSQ
1371,228850,KR7228850004,레이언스,KOSDAQ,우량기업부,6000,1,60,1.01,5940,6050,5920,12379,74053840,99546084000,16591014,KSQ
1372,396470,KR7396470007,워트,KOSDAQ,중견기업부,6170,2,-150,-2.37,6300,6400,6060,54530,337669145,99460400000,16120000,KSQ
1373,086710,KR7086710001,선진뷰티사이언스,KOSDAQ,우량기업부,8150,2,-50,-0.61,8250,8490,8150,41346,343955280,99456732000,12203280,KSQ
1374,246720,KR7246720007,아스타,KOSDAQ,관리종목(소속부없음),6070,0,0,0.0,0,0,0,0,0,99434491000,16381300,KSQ
1375,323990,KR7323990002,박셀바이오,KOSDAQ,기술성장기업부,4270,2,-80,-1.84,4400,4490,4220,52091,225463140,99308863150,23257345,KSQ
1376,044990,KR7044990000,에이치엔에스하이텍,KOSDAQ,기술성장기업부,12900,1,250,1.98,12900,13270,12820,17318,224871600,99141982500,7685425,KSQ
1377,317770,KR7317770006,엑스페릭스,KOSDAQ,벤처기업부,2705,1,60,2.27,2645,2730,2640,89108,238746950,99122409520,36644144,KSQ
1378,079650,KR7079650008,서산,KOSDAQ,중견기업부,4945,2,-295,-5.63,5330,5400,4845,2621869,13228828076,98900000000,20000000,KSQ
1379,322180,KR7322180001,LS티라유텍,KOSDAQ,벤처기업부,4600,1,65,1.43,4535,4780,4500,112203,517015170,98882087600,21496106,KSQ
1380,226400,KR7226400000,오스테오닉,KOSDAQ,기술성장기업부,4780,1,15,0.31,4800,4875,4700,163214,774624234,98762452780,20661601,KSQ
1381,007210,KR7007210008,벽산,KOSPI,,1506,1,11,0.74,1493,1506,1479,102371,152799471,98432160000,65360000,STK
1382,250060,KR7250060001,모비스,KOSDAQ,기술성장기업부,3055,3,0,0.0,3055,3090,2965,166402,505012368,98283364270,32171314,KSQ
1383,058820,KR7058820002,CMG제약,KOSDAQ,관리종목(소속부없음),662,2,-9,-1.34,672,700,642,1452829,969349336,98057794072,148123556,KSQ
1384,134580,KR7134580000,탑코미디어,KOSDAQ,중견기업부,1989,1,300,17.76,1689,2170,1632,2471461,4866050150,98046062361,49294149,KSQ
1385,040300,KR7040300006,YTN,KOSDAQ,중견기업부,2050,2,-5,-0.24,2070,2070,2025,14475,29610156,97737809000,47676980,KSQ
1386,066430,KR7066430000,아이로보틱스,KOSDAQ,중견기업부,2495,1,305,13.93,2245,2845,2235,17184954,46336226425,97687922620,39153476,KSQ
1387,006840,KR7006840003,AK홀딩스,KOSPI,,7360,1,80,1.1,7280,7490,7200,4944,36169190,97502048960,13247561,STK
1388,016740,KR7016740003,두올,KOSPI,,3400,1,100,3.03,3285,3400,3285,19101,64211275,97491681600,28674024,STK
1389,014790,KR7014790000,HL D&I,KOSPI,,2575,1,40,1.58,2545,2575,2500,37062,94203295,97485897575,37858601,STK
1390,493330,KR7493330005,지에프아이,KOSDAQ,벤처기업부,12110,2,-130,-1.06,12300,12300,11230,29460,352098860,97358502430,8039513,KSQ
1391,066790,KR7066790007,씨씨에스,KOSDAQ,관리종목(소속부없음),2205,0,0,0.0,0,0,0,0,0,97355245995,44152039,KSQ
1392,032560,KR7032560005,황금에스티,KOSPI,,5720,1,260,4.76,5460,5840,5460,107456,611864780,97240000000,17000000,STK
1393,298540,KR7298540006,더네이쳐홀딩스,KOSDAQ,우량기업부,6680,1,50,0.75,6590,6720,6590,7981,53295045,96769058480,14486386,KSQ
1394,047560,KR7047560008,이스트소프트,KOSDAQ,중견기업부,8220,1,80,0.98,8340,8340,8020,25780,210493200,96610334040,11753082,KSQ
1395,068240,KR7068240001,다원시스,KOSDAQ,관리종목(소속부없음),2530,0,0,0.0,0,0,0,0,0,96553495610,38163437,KSQ
1396,109610,KR7109610006,에스와이,KOSDAQ,중견기업부,1974,1,8,0.41,1971,2035,1934,181836,358643478,96543207600,48907400,KSQ
1397,005860,KR7005860002,한일사료,KOSDAQ,우량기업부,2450,2,-45,-1.8,2480,2500,2425,380314,936482815,96539028250,39403685,KSQ
1398,214680,KR7214680001,디알텍,KOSDAQ,벤처기업부,1155,1,110,10.53,1102,1358,1065,8656004,10512303068,96415999680,83477056,KSQ
1399,282720,KR7282720002,금양그린파워,KOSDAQ,중견기업부,7940,2,-50,-0.63,8010,8160,7740,22937,181012570,96228830000,12119500,KSQ
1400,025950,KR7025950007,동신건설,KOSDAQ,우량기업부,11450,2,-270,-2.3,11990,11990,11300,45479,522042240,96180000000,8400000,KSQ
1401,023900,KR7023900004,풍국주정,KOSDAQ,우량기업부,7590,1,90,1.2,7510,8010,7460,28654,220085540,95634000000,12600000,KSQ
1402,217820,KR7217820000,원익피앤이,KOSDAQ,중견기업부,2015,1,16,0.8,2020,2060,1976,156147,312235614,95620936385,47454559,KSQ
1403,452190,KR7452190002,한빛레이저,KOSDAQ,벤처기업부,3985,1,25,0.63,3965,4080,3865,138394,546897745,95323419645,23920557,KSQ
1404,205100,KR7205100001,엑셈,KOSDAQ,벤처기업부,1347,1,17,1.28,1350,1360,1319,149712,200459126,95214611781,70686423,KSQ
1405,357230,KR7357230002,에이치피오,KOSDAQ,우량기업부,2300,2,-10,-0.43,2310,2330,2270,29115,66837870,94974994800,41293476,KSQ
1406,008700,KR7008700007,아남전자,KOSPI,,1229,1,2,0.16,1230,1247,1191,280664,345870891,94786403780,77124820,STK
1407,352090,KR7352090005,스톰테크,KOSDAQ,우량기업부,3525,2,-25,-0.7,3560,3560,3505,40635,143457689,94727317950,26872998,KSQ
1408,149980,KR7149980005,하이로닉,KOSDAQ,중견기업부,5500,2,-50,-0.9,5450,5500,5220,26148,140647340,94594753000,17199046,KSQ
1409,006660,KR7006660005,삼성공조,KOSPI,,11630,2,-100,-0.85,11800,11890,11550,193863,2270544400,94509031820,8126314,STK
1410,263720,KR7263720005,디앤씨미디어,KOSDAQ,우량기업부,7610,1,150,2.01,7500,7640,7350,10729,80739190,94459817510,12412591,KSQ
1411,078140,KR7078140001,대봉엘에스,KOSDAQ,우량기업부,8520,2,-60,-0.7,8610,8610,8370,21369,181637980,94457653080,11086579,KSQ
1412,053580,KR7053580007,웹케시,KOSDAQ,우량기업부,7290,1,110,1.53,7170,7300,7170,27960,202002575,94437838440,12954436,KSQ
1413,487580,KR7487580003,폴레드,KOSDAQ,벤처기업부,3745,1,115,3.17,3500,3860,3235,1628406,5863757692,94309814445,25182861,KSQ
1414,052900,KR7052900008,KX하이텍,KOSDAQ,우량기업부,1230,1,5,0.41,1230,1285,1182,2255326,2780517235,94301750700,76668090,KSQ
1415,0011A0,KR70011A0009,액스비스,KOSDAQ,벤처기업부,10100,1,570,5.98,9660,10340,9600,88699,886721895,94270774000,9333740,KSQ
1416,058850,KR7058850009,KTcs,KOSPI,,2270,1,15,0.67,2265,2280,2250,53411,120993361,93988101500,41404450,STK
1417,099750,KR7099750002,이지케어텍,KOSDAQ,벤처기업부,6880,2,-80,-1.15,6960,7110,6840,11274,77723230,93975110240,13659173,KSQ
1418,042500,KR7042500009,링네트,KOSDAQ,우량기업부,4215,2,-80,-1.86,4300,4375,4125,138596,584664255,93957171960,22291144,KSQ
1419,289930,KR7289930000,웨이비스,KOSDAQ,기술성장기업부,7120,2,-260,-3.52,7620,7620,7060,125232,907352820,93620951200,13149010,KSQ
1420,263800,KR7263800005,데이타솔루션,KOSDAQ,중견기업부,5770,1,30,0.52,5840,6000,5650,480669,2791331020,93620442600,16225380,KSQ
1421,054540,KR7054540000,삼영엠텍,KOSDAQ,우량기업부,7200,2,-20,-0.28,7460,7550,7000,127074,914847310,93600000000,13000000,KSQ
1422,104460,KR7104460001,디와이피엔에프,KOSDAQ,우량기업부,8890,1,30,0.34,8940,8975,8820,4211,37543020,93505917890,10518101,KSQ
1423,014440,KR7014440002,영보화학,KOSPI,,4670,1,40,0.86,4625,4690,4595,25461,118486260,93400000000,20000000,STK
1424,029480,KR7029480001,광무,KOSDAQ,중견기업부,1557,1,69,4.64,1503,1597,1501,146170,226702709,92982688524,59719132,KSQ
1425,0017J0,KR70017J0004,세미티에스,KOSDAQ,벤처기업부,3080,2,-160,-4.94,3300,3340,3020,601941,1871952482,92820798840,30136623,KSQ
1426,302550,KR7302550009,리메드,KOSDAQ,기술성장기업부,3000,1,45,1.52,3005,3040,2950,57972,174131840,92721450000,30907150,KSQ
1427,025620,KR7025620006,차AI헬스케어,KOSPI,,5080,1,40,0.79,5010,5270,5010,12865,65266010,92476182840,18203973,STK
1428,008260,KR7008260002,NI스틸,KOSPI,,3230,1,75,2.38,3195,3230,3145,81023,258133685,92378377910,28600117,STK
1429,330730,KR7330730003,스톤브릿지벤처스,KOSDAQ,벤처기업부,5070,2,-60,-1.17,5090,5180,4860,39974,201097500,92364398100,18217830,KSQ
1430,008040,KR7008040008,사조동아원,KOSPI,,654,0,0,0.0,0,0,0,0,0,92308568400,141144600,STK
1431,235980,KR7235980000,메드팩토,KOSDAQ,기술성장기업부,2690,2,-40,-1.47,2730,2800,2645,87804,236925442,92200075490,34275121,KSQ
1432,0218L0,KR70218L0007,네오뷰,KOSDAQ,중견기업부,17470,1,370,2.16,17010,17470,16720,41049,702023790,92174777250,5276175,KSQ
1433,139990,KR7139990006,아주스틸,KOSPI,,2375,1,25,1.06,2350,2375,2310,22520,52736355,92044108250,38755414,STK
1434,019540,KR7019540004,일지테크,KOSDAQ,우량기업부,6800,1,50,0.74,6750,6860,6720,43919,293152810,91891800000,13513500,KSQ
1435,475230,KR7475230009,엔알비,KOSDAQ,벤처기업부,8430,2,-140,-1.63,8600,8610,7800,126202,1030152840,91875897690,10898683,KSQ
1436,001275,KR7001271006,부국증권우,KOSPI,,30600,1,250,0.82,30350,30600,30350,849,25927000,91800000000,3000000,STK
1437,156100,KR7156100000,엘앤케이바이오,KOSDAQ,벤처기업부,4105,1,90,2.24,3985,4490,3945,91745,376152450,91751483065,22351153,KSQ
1438,042510,KR7042510008,라온시큐어,KOSDAQ,벤처기업부,8260,1,70,0.85,8130,8320,7970,55926,455211950,91734139280,11105828,KSQ
1439,040420,KR7040420002,정상제이엘에스,KOSDAQ,우량기업부,5850,1,40,0.69,5790,5850,5760,17536,101993590,91713679200,15677552,KSQ
1440,093920,KR7093920007,서원인텍,KOSDAQ,우량기업부,4925,1,15,0.31,4935,4935,4845,18688,91193255,91605000000,18600000,KSQ
1441,052420,KR7052420007,오성첨단소재,KOSDAQ,우량기업부,9400,2,-20,-0.21,9350,9480,9240,25231,236036870,91574884600,9742009,KSQ
1442,017650,KR7017650003,대림제지,KOSDAQ,우량기업부,10380,1,540,5.49,9940,10380,9940,56619,576892170,91188300000,8785000,KSQ
1443,306620,KR7306620006,지아이에스,KOSDAQ,벤처기업부,1899,1,31,1.66,1971,2070,1861,654180,1272621815,91042207416,47942184,KSQ
1444,066980,KR7066980004,한성크린텍,KOSDAQ,벤처기업부,1697,2,-40,-2.3,1763,1800,1670,506929,875765327,91024962144,53638752,KSQ
1445,255440,KR7255440000,야스,KOSDAQ,벤처기업부,6970,2,-10,-0.14,6960,7350,6900,268217,1890753045,91014260000,13058000,KSQ
1446,182360,KR7182360008,큐브엔터,KOSDAQ,우량기업부,5840,2,-60,-1.02,5900,6000,5770,33709,197671500,90780382240,15544586,KSQ
1447,215100,KR7215100009,로보로보,KOSDAQ,벤처기업부,4460,1,95,2.18,4395,4600,4365,335687,1507226541,90754104840,20348454,KSQ
1448,004140,KR7004140000,동방,KOSPI,,1891,1,22,1.18,1870,1900,1841,123112,230836035,90714609506,47971766,STK
1449,109070,KR7109070003,주성코퍼레이션,KOSPI,,1710,2,-72,-4.04,1784,1800,1697,568593,980062116,90305493300,52810230,STK
1450,463020,KR7463020008,뉴엔AI,KOSDAQ,기술성장기업부,10030,2,-880,-8.07,10910,10930,10030,287751,2958507095,90141616000,8987200,KSQ
1451,210980,KR7210980009,SK디앤디,KOSPI,,4825,2,-40,-0.82,4875,4955,4745,73527,356159262,89828868150,18617382,STK
1452,337930,KR7337930002,젝시믹스,KOSDAQ,우량기업부,3020,1,20,0.67,2990,3055,2990,36300,109525112,89622954500,29676475,KSQ
1453,950250,KR8826050005,테라뷰,KOSDAQ,기술성장기업부,2520,1,40,1.61,2550,2585,2450,54645,137383734,89504682120,35517731,KSQ
1454,045970,KR7045970001,코아시아,KOSDAQ,중견기업부,3400,2,-75,-2.16,3475,3480,3280,81733,273574344,89470578400,26314876,KSQ
1455,033290,KR7033290008,로젠,KOSDAQ,우량기업부,1593,1,4,0.25,1588,1598,1579,5855,9300870,89456987493,56156301,KSQ
1456,023000,KR7023000003,삼원강재,KOSPI,,2250,1,25,1.12,2220,2270,2210,31151,69659618,89414901000,39739956,STK
1457,065450,KR7065450009,빅텍,KOSDAQ,벤처기업부,3030,2,-5,-0.16,3055,3060,2970,172853,519374148,89372283090,29495803,KSQ
1458,007980,KR7007980006,TP,KOSPI,,1904,1,26,1.38,1897,1914,1875,326629,619965935,89292554400,46897350,STK
1459,005740,KR7005740006,크라운해태홀딩스,KOSPI,,6010,1,150,2.56,5860,6250,5860,60868,368018170,89232555470,14847347,STK
1460,381620,KR7381620004,제닉스로보틱스,KOSDAQ,중견기업부,6800,1,110,1.64,6690,7150,6660,352327,2432537550,89201856000,13117920,KSQ
1461,007820,KR7007820004,엠엑스로보틱스,KOSDAQ,중견기업부,4450,2,-150,-3.26,4485,5350,4340,10328044,50324859091,89151059700,20033946,KSQ
1462,058860,KR7058860008,KTis,KOSPI,,2555,1,15,0.59,2525,2555,2525,35928,91117598,88919110000,34802000,STK
1463,032300,KR7032300006,한국파마,KOSDAQ,중견기업부,8140,1,100,1.24,8090,8210,8000,13211,107548150,88780546140,10906701,KSQ
1464,002220,KR7002220002,한일철강,KOSPI,,3320,2,-285,-7.91,3605,3685,3180,614094,2061784102,88635567200,26697460,STK
1465,096240,KR7096240007,크레버스,KOSDAQ,우량기업부,8650,1,120,1.41,8530,8820,8530,27147,235569870,88560257000,10238180,KSQ
1466,111380,KR7111380002,동인기연,KOSPI,,14410,1,1160,8.75,13260,14410,13040,75774,1060683775,88304480000,6128000,STK
1467,004100,KR7004100004,태양금속,KOSPI,,2400,1,25,1.05,2400,2445,2365,178420,427028281,88080000000,36700000,STK
1468,223250,KR7223250002,드림씨아이에스,KOSDAQ,벤처기업부,3580,1,135,3.92,3485,3600,3445,62139,219465380,88069589520,24600444,KSQ
1469,086960,KR7086960002,MDS테크,KOSDAQ,우량기업부,2060,1,15,0.73,2045,2085,2005,170847,350135045,87609060200,42528670,KSQ
1470,363280,KR7363280009,티와이홀딩스,KOSPI,,1925,1,11,0.57,1914,1938,1900,25985,49850433,87582366025,45497333,STK
1471,389030,KR7389030008,지니너스,KOSDAQ,기술성장기업부,2215,2,-105,-4.53,2320,2390,2200,208013,469321855,87253880265,39392271,KSQ
1472,185490,KR7185490000,아이진,KOSDAQ,벤처기업부,2015,2,-15,-0.74,2025,2150,2010,171592,354812845,87108014760,43229784,KSQ
1473,015590,KR7015590003,DKME,KOSPI,,1628,2,-32,-1.93,1659,1659,1623,24918,40928415,86929189424,53396308,STK
1474,100130,KR7100130004,동국S&C,KOSDAQ,중견기업부,1517,2,-51,-3.25,1532,1569,1505,108830,166004563,86685931000,57143000,KSQ
1475,078890,KR7078890001,가온그룹,KOSDAQ,중견기업부,4700,1,115,2.51,4590,4900,4590,142097,669839824,86597232100,18424943,KSQ
1476,004650,KR7004650008,창해에탄올,KOSDAQ,우량기업부,9420,1,70,0.75,9350,9450,9260,28541,266487310,86578136700,9190885,KSQ
1477,009300,KR7009300005,삼아제약,KOSDAQ,우량기업부,13580,1,80,0.59,13630,13630,13360,3328,44892120,86504600000,6370000,KSQ
1478,004890,KR7004890000,동일산업,KOSPI,,35650,1,1350,3.94,34300,35650,34050,549,19261900,86458914750,2425215,STK
1479,004840,KR7004840005,DRB동일,KOSPI,,4485,1,5,0.11,4550,4600,4460,21546,96511135,86436552540,19272364,STK
1480,072020,KR7072020001,중앙백신,KOSDAQ,벤처기업부,9320,3,0,0.0,9320,9350,9260,11664,108718990,86273198920,9256781,KSQ
1481,052860,KR7052860004,아이앤씨,KOSDAQ,벤처기업부,4825,3,0,0.0,4825,4945,4635,12033,57414215,86207570550,17866854,KSQ
1482,101330,KR7101330009,모베이스,KOSDAQ,중견기업부,3715,1,65,1.78,3740,3790,3635,53088,196471561,85991212735,23147029,KSQ
1483,069730,KR7069730000,DSR제강,KOSPI,,5970,1,80,1.36,5890,6050,5840,136169,809136945,85968000000,14400000,STK
1484,023800,KR7023800006,인지컨트롤스,KOSPI,,5430,1,90,1.69,5430,5450,5310,15332,82588200,85843939710,15809197,STK
1485,102370,KR7102370004,케이옥션,KOSDAQ,기술성장기업부,3305,1,10,0.3,3265,3320,3210,38371,125160220,85560798450,25888290,KSQ
1486,019550,KR7019550003,SBI인베스트먼트,KOSDAQ,중견기업부,1055,1,2,0.19,1053,1064,1031,274905,287690331,85490117785,81033287,KSQ
1487,004590,KR7004590006,한국가구,KOSDAQ,중견기업부,5690,1,190,3.45,5460,5690,5410,34729,190786480,85350000000,15000000,KSQ
1488,039980,KR7039980008,폴라리스AI,KOSDAQ,중견기업부,5930,2,-100,-1.66,6030,6150,5820,200712,1195357230,85280599020,14381214,KSQ
1489,115440,KR7115440000,우리넷,KOSDAQ,우량기업부,7870,1,40,0.51,7850,8000,7640,65952,515797625,84951078040,10794292,KSQ
1490,063080,KR7063080006,컴투스홀딩스,KOSDAQ,중견기업부,12880,2,-20,-0.16,12900,13270,12610,16427,211159200,84946072960,6595192,KSQ
1491,163560,KR7163560006,동일고무벨트,KOSPI,,6110,1,100,1.66,6010,6130,6000,10184,61871770,84929000000,13900000,STK
1492,054670,KR7054670005,대한뉴팜,KOSDAQ,우량기업부,5900,1,80,1.37,5820,5920,5750,24240,142157140,84694028000,14354920,KSQ
1493,002200,KR7002200004,한국수출포장,KOSPI,,2525,1,85,3.48,2490,2525,2410,48204,119921432,84587351025,33499941,STK
1494,011700,KR7011700002,한신기계,KOSPI,,2605,1,5,0.19,2640,2670,2555,126856,329854065,84522223355,32446151,STK
1495,387690,KR7387690001,레메디,KOSDAQ,기술성장기업부,11070,1,730,7.06,10390,11550,9760,3127131,34437844635,84417506370,7625791,KSQ
1496,418470,KR7418470001,KT밀리의서재,KOSDAQ,우량기업부,9850,2,-150,-1.5,9920,10040,9780,107846,1062321150,84373021650,8565789,KSQ
1497,130580,KR7130580004,나이스디앤비,KOSDAQ,우량기업부,5470,1,40,0.74,5450,5480,5400,13996,76072360,84238000000,15400000,KSQ
1498,003580,KR7003580008,HLB글로벌,KOSPI,,1660,1,15,0.91,1612,1690,1612,158170,261163347,84101418300,50663505,STK
1499,228670,KR7228670006,레이,KOSDAQ,벤처기업부,5370,1,220,4.27,5140,5580,4940,367668,1928255305,83986912770,15640021,KSQ
1500,049180,KR7049180003,셀루메드,KOSDAQ,투자주의환기종목(소속부없음),1009,0,0,0.0,0,0,0,0,0,83975227728,83226192,KSQ
1501,040910,KR7040910002,아이씨디,KOSDAQ,중견기업부,4615,2,-35,-0.75,4650,4650,4470,6582,30000351,83874279125,18174275,KSQ
1502,183490,KR7183490002,엔지켐생명과학,KOSDAQ,관리종목(소속부없음),990,0,0,0.0,0,0,0,0,0,83793832650,84640235,KSQ
1503,058630,KR7058630005,엠게임,KOSDAQ,우량기업부,4455,1,95,2.18,4420,4475,4295,40485,177746248,83631817170,18772574,KSQ
1504,038110,KR7038110003,에코플라스틱,KOSDAQ,우량기업부,2030,1,38,1.91,2010,2060,1995,172297,348872861,83573821100,41169370,KSQ
1505,331380,KR7331380006,포커스에이아이,KOSDAQ,투자주의환기종목(소속부없음),2285,1,45,2.01,2295,2300,2185,107323,241796919,83541578810,36560866,KSQ
1506,000105,KR7000101006,유한양행우,KOSPI,,70700,1,1100,1.58,69600,71000,69600,898,63374550,83492458000,1180940,STK
1507,096775,KR7096771001,SK이노베이션우,KOSPI,,66800,1,1800,2.77,65000,67300,64900,5444,361823650,83394856800,1248426,STK
1508,013360,KR7013360003,일성건설,KOSPI,,1541,2,-14,-0.9,1591,1600,1510,364167,562911103,83252340080,54024880,STK
1509,053350,KR7053350005,이니텍,KOSDAQ,중견기업부,3780,2,-55,-1.43,3835,3870,3755,33484,126760000,83239625700,22021065,KSQ
1510,002600,KR7002600005,조흥,KOSPI,,138600,1,600,0.43,138200,140200,138200,24,3324900,83160000000,600000,STK
1511,067000,KR7067000000,조이시티,KOSDAQ,중견기업부,1188,2,-35,-2.86,1220,1220,1150,209072,245743222,83045293848,69903446,KSQ
1512,217330,KR7217330000,싸이토젠,KOSDAQ,기술성장기업부,3590,2,-25,-0.69,3615,3715,3470,74277,265515986,83035073730,23129547,KSQ
1513,357580,KR7357580000,아모센스,KOSDAQ,기술성장기업부,6990,2,-360,-4.9,7400,7400,6780,81279,567467040,82410436380,11789762,KSQ
1514,413390,KR7413390006,엠오티,KOSDAQ,중견기업부,7110,1,10,0.14,7070,7130,7000,18078,128505050,82335079800,11580180,KSQ
1515,090470,KR7090470006,제이스로보틱스,KOSDAQ,벤처기업부,4700,1,160,3.52,4550,4745,4525,25218,117933610,82139991800,17476594,KSQ
1516,131370,KR7131370009,알서포트,KOSDAQ,벤처기업부,1540,1,21,1.38,1519,1541,1512,86608,132446803,82031307820,53267083,KSQ
1517,475430,KR7475430005,키스트론,KOSDAQ,중견기업부,4575,3,0,0.0,4615,4685,4240,302455,1378480720,81655103250,17848110,KSQ
1518,175250,KR7175250000,아이큐어,KOSDAQ,관리종목(소속부없음),2170,0,0,0.0,0,0,0,0,0,81501658560,37558368,KSQ
1519,053280,KR7053280004,예스24,KOSDAQ,중견기업부,3260,1,45,1.4,3220,3270,3215,7284,23671875,81500000000,25000000,KSQ
1520,007610,KR7007610009,선도전기,KOSPI,,4525,2,-105,-2.27,4605,4620,4395,249244,1119051924,81450000000,18000000,STK
1521,048530,KR7048530000,인트론바이오,KOSDAQ,기술성장기업부,2635,2,-65,-2.41,2695,2795,2635,22013,58410125,81399782330,30891758,KSQ
1522,950130,KR8840090003,엑세스바이오,KOSDAQ,외국기업(소속부없음),2310,3,0,0.0,2370,2370,2230,29280,67396495,81251556540,35173834,KSQ
1523,225190,KR7225190008,LK삼양,KOSDAQ,중견기업부,1152,2,-93,-7.47,1246,1360,1118,7040537,8895109790,81179642880,70468440,KSQ
1524,412540,KR7412540007,제일엠앤에스,KOSDAQ,관리종목(소속부없음),3935,0,0,0.0,0,0,0,0,0,81063616775,20600665,KSQ
1525,251120,KR7251120002,바이오에프디엔씨,KOSDAQ,기술성장기업부,9290,1,430,4.85,8990,9360,8680,23259,209008670,80783053000,8695700,KSQ
1526,006090,KR7006090005,사조오양,KOSPI,,8560,1,120,1.42,8380,8560,8380,6491,54849070,80658645840,9422739,STK
1527,012700,KR7012700001,리드코프,KOSDAQ,우량기업부,3075,1,45,1.49,3080,3080,3025,10843,33163895,80549169900,26194852,KSQ
1528,072950,KR7072950009,빛샘전자,KOSDAQ,벤처기업부,10000,2,-370,-3.57,10430,10570,9750,480083,4849233495,80526100000,8052610,KSQ
1529,019680,KR7019680008,대교,KOSPI,,1000,0,0,0.0,0,0,0,0,0,80467700000,80467700,STK
1530,036640,KR7036640001,HRS,KOSDAQ,우량기업부,4920,1,40,0.82,4895,4960,4880,27660,136013670,80465616000,16354800,KSQ
1531,001210,KR7001210004,금호전기,KOSPI,,6490,2,-400,-5.81,7940,8170,6480,23913143,172340571205,80320343840,12376016,STK
1532,347890,KR7347890006,엠엑스온,KOSDAQ,벤처기업부,4720,2,-15,-0.32,4695,5080,4695,202410,979133730,80302322880,17013204,KSQ
1533,066700,KR7066700006,테라젠이텍스,KOSDAQ,중견기업부,2160,1,5,0.23,2190,2190,2090,54491,115588107,80249132160,37152376,KSQ
1534,265560,KR7265560003,영화테크,KOSDAQ,우량기업부,7490,1,30,0.4,7460,7580,7420,4534,33905460,80069448200,10690180,KSQ
1535,037760,KR7037760006,쎄니트,KOSDAQ,중견기업부,2365,2,-50,-2.07,2325,2400,2280,47742,111502420,80014858165,33832921,KSQ
1536,001470,KR7001470004,삼부토건,KOSPI,,347,0,0,0.0,0,0,0,0,0,79699592928,229681824,STK
1537,080010,KR7080010002,이상네트웍스,KOSDAQ,중견기업부,8100,2,-60,-0.74,8190,8200,7950,2624,21176000,79664075100,9835071,KSQ
1538,270520,KR7270520000,앱튼,KOSDAQ,투자주의환기종목(소속부없음),4050,3,0,0.0,4100,4100,3810,160896,635779370,79618601700,19658914,KSQ
1539,451250,KR7451250005,삐아,KOSDAQ,벤처기업부,7780,2,-130,-1.64,7910,8140,7760,29097,230834190,79557323060,10225877,KSQ
1540,054040,KR7054040001,한국컴퓨터,KOSDAQ,우량기업부,4950,3,0,0.0,4950,4965,4890,80350,392971800,79552885500,16071290,KSQ
1541,047820,KR7047820006,초록뱀미디어,KOSDAQ,중견기업부,3250,2,-50,-1.52,3300,3300,3200,8632,28004400,79475272500,24453930,KSQ
1542,382840,KR7382840007,원준,KOSDAQ,중견기업부,5200,1,40,0.78,5190,5330,5070,29404,151979755,79412221200,15271581,KSQ
1543,000590,KR7000590000,CS홀딩스,KOSPI,,68700,1,300,0.44,68000,69100,67400,611,41755200,79312913400,1154482,STK
1544,290740,KR7290740000,액트로,KOSDAQ,벤처기업부,7880,2,-450,-5.4,8330,8740,7050,198230,1553102740,79312286680,10065011,KSQ
1545,009180,KR7009180001,한솔로지스틱스,KOSPI,,2815,1,10,0.36,2800,2815,2770,50552,141290475,79258647375,28155825,STK
1546,005750,KR7005750005,대림바스,KOSPI,,4770,2,-25,-0.52,4770,4790,4650,51205,240566525,79144984800,16592240,STK
1547,010960,KR7010960003,삼호개발,KOSPI,,3280,1,5,0.15,3295,3295,3185,160496,519980615,79113600000,24120000,STK
1548,089230,KR7089230007,THE E&M,KOSDAQ,중견기업부,2005,2,-115,-5.42,2045,2180,1991,273307,555718787,79039814770,39421354,KSQ
1549,011370,KR7011370004,서한,KOSDAQ,우량기업부,783,0,0,0.0,0,0,0,0,0,79000679295,100894865,KSQ
1550,217190,KR7217190008,제너셈,KOSDAQ,벤처기업부,6000,1,140,2.39,5980,6100,5710,188911,1114849720,78922566000,13153761,KSQ
1551,085670,KR7085670008,뉴프렉스,KOSDAQ,우량기업부,3220,1,70,2.22,3220,3250,3095,78065,248820143,78892450420,24500761,KSQ
1552,377480,KR7377480009,마음AI,KOSDAQ,기술성장기업부,11080,1,100,0.91,10980,11330,10840,57220,636558180,78781847000,7110275,KSQ
1553,076610,KR7076610005,해성옵틱스,KOSDAQ,벤처기업부,1328,2,-26,-1.92,1400,1445,1310,2471814,3405781817,78665647040,59236180,KSQ
1554,033560,KR7033560004,블루콤,KOSDAQ,중견기업부,4580,1,155,3.5,4425,4675,4210,50696,224691190,78318000000,17100000,KSQ
1555,105740,KR7105740005,디케이락,KOSDAQ,우량기업부,7700,2,-130,-1.66,7820,7890,7590,38861,299550755,78297550100,10168513,KSQ
1556,067370,KR7067370007,선바이오,KOSDAQ,기술성장기업부,6410,2,-80,-1.23,6320,6500,6250,15749,100494880,78290720810,12213841,KSQ
1557,024880,KR7024880007,케이피에프,KOSDAQ,우량기업부,3925,1,45,1.16,3920,3925,3845,57252,222780915,78270874200,19941624,KSQ
1558,170030,KR7170030001,현대공업,KOSDAQ,우량기업부,5090,1,50,0.99,5050,5280,5050,130524,672935825,78080600000,15340000,KSQ
1559,365330,KR7365330000,에스와이스틸텍,KOSDAQ,우량기업부,1555,2,-8,-0.51,1576,1593,1530,305220,474740355,78015905000,50171000,KSQ
1560,212710,KR7212710008,아이에스티이,KOSDAQ,기술성장기업부,8020,2,-330,-3.95,8380,8430,7730,113604,904035330,77914123560,9714978,KSQ
1561,063160,KR7063160006,종근당바이오,KOSPI,,14190,1,30,0.21,13780,14290,13780,2474,34625855,77845800780,5485962,STK
1562,320000,KR7320000003,한울반도체,KOSDAQ,중견기업부,11250,2,-20,-0.18,11550,11550,10860,140543,1575086105,77778787500,6913670,KSQ
1563,460940,KR7460940000,피앤에스로보틱스,KOSDAQ,기술성장기업부,5780,2,-10,-0.17,5730,6030,5600,196373,1146292145,77771518400,13455280,KSQ
1564,234030,KR7234030005,싸이닉솔루션,KOSDAQ,중견기업부,3290,2,-15,-0.45,3340,3355,3180,73356,240187672,77660450000,23605000,KSQ
1565,060590,KR7060590007,씨티씨바이오,KOSDAQ,중견기업부,3210,1,10,0.31,3180,3220,3105,67244,212317030,77621074200,24181020,KSQ
1566,0117P0,KR70117P0005,피스피스스튜디오,KOSDAQ,중견기업부,5470,1,10,0.18,5520,5520,5350,127373,689745410,77503943170,14168911,KSQ
1567,214260,KR7214260002,라파스,KOSDAQ,기술성장기업부,8660,2,-280,-3.13,9250,9250,8580,10092,88198075,77268529580,8922463,KSQ
1568,294630,KR7294630009,서남,KOSDAQ,기술성장기업부,2915,1,20,0.69,2950,2960,2800,127281,365793459,77245106785,26499179,KSQ
1569,443670,KR7443670005,에스피소프트,KOSDAQ,중견기업부,3205,1,20,0.63,3205,3275,3125,49162,156039163,76953857620,24010564,KSQ
1570,198440,KR7198440000,강동씨앤엘,KOSDAQ,중견기업부,1262,2,-28,-2.17,1292,1330,1260,470550,597278190,76896052752,60931896,KSQ
1571,009190,KR7009190000,대양금속,KOSPI,,1746,2,-144,-7.62,1879,1885,1735,344426,615069132,76800036150,43986275,STK
1572,360070,KR7360070007,탑머티리얼,KOSDAQ,중견기업부,9370,1,90,0.97,9450,9450,8650,29319,269352935,76759442910,8192043,KSQ
1573,155660,KR7155660004,DSR,KOSPI,,4790,1,185,4.02,4605,4795,4605,43539,205566720,76640000000,16000000,STK
1574,0004V0,KR70004V0003,엔비알모션,KOSDAQ,기술성장기업부,6960,1,770,12.44,6270,7420,6250,1276297,8817456130,76632272640,11010384,KSQ
1575,451220,KR7451220008,아이엠티,KOSDAQ,기술성장기업부,9730,2,-620,-5.99,10410,10540,9440,107248,1062539910,76619965030,7874611,KSQ
1576,013870,KR7013870001,지엠비코리아,KOSPI,,4015,1,115,2.95,3880,4030,3880,17819,70670290,76575204200,19072280,STK
1577,201490,KR7201490000,미투온,KOSDAQ,중견기업부,2340,3,0,0.0,2340,2390,2300,283434,662690090,76573518840,32723726,KSQ
1578,096250,KR7096250006,와이즈넛,KOSDAQ,기술성장기업부,6480,1,90,1.41,6390,6500,6290,20038,128381450,76560428880,11814881,KSQ
1579,000440,KR7000440008,중앙에너비스,KOSDAQ,중견기업부,12280,2,-60,-0.49,12370,12370,12100,13741,167825950,76469156400,6227130,KSQ
1580,084670,KR7084670009,동양고속,KOSPI,,26400,2,-250,-0.94,26650,26700,25500,17032,442245600,76443021600,2895569,STK
1581,054620,KR7054620000,APS,KOSDAQ,중견기업부,4155,2,-25,-0.6,4160,4230,4070,30707,126083490,76427988255,18394221,KSQ
1582,014160,KR7014160006,대영포장,KOSPI,,705,2,-6,-0.84,650,710,586,4600312,2912153147,76418157045,108394549,STK
1583,456570,KR7456570001,아이엠지티,KONEX,일반기업부,14490,3,0,0.0,14500,14800,14000,1930,27583040,76287009960,5264804,KNX
1584,007590,KR7007590003,동방아그로,KOSPI,,5600,1,20,0.36,5640,5650,5580,2945,16466545,76258431200,13617577,STK
1585,290660,KR7290660000,다이나믹솔루션,KOSDAQ,기술성장기업부,1780,2,-85,-4.56,1865,1865,1734,512295,913380707,76251440640,42837888,KSQ
1586,017480,KR7017480005,삼현철강,KOSDAQ,우량기업부,4930,1,75,1.54,4840,5120,4770,99741,492644054,76133447700,15442890,KSQ
1587,011320,KR7011320009,유니크,KOSDAQ,우량기업부,3940,1,50,1.29,3890,3945,3875,30967,121081565,76123538300,19320695,KSQ
1588,073640,KR7073640005,테라사이언스,KOSDAQ,관리종목(소속부없음),654,0,0,0.0,0,0,0,0,0,76111715580,116378770,KSQ
1589,038680,KR7038680005,에스넷,KOSDAQ,우량기업부,3820,1,20,0.53,3810,3865,3725,58907,223486000,76066292440,19912642,KSQ
1590,225530,KR7225530005,HC보광산업,KOSDAQ,우량기업부,2090,1,5,0.24,2065,2100,2015,13167,27050850,75947939430,36338727,KSQ
1591,173130,KR7173130006,오파스넷,KOSDAQ,중견기업부,5820,1,10,0.17,5840,5900,5760,29699,172543580,75930472860,13046473,KSQ
1592,000180,KR7000180000,성창기업지주,KOSPI,,5440,1,10,0.18,5410,5450,5400,8295,45066220,75889740800,13950320,STK
1593,001260,KR7001260009,남광토건,KOSPI,,7710,2,-280,-3.5,7990,8200,7640,105123,819340875,75809130120,9832572,STK
1594,303810,KR7303810006,동국생명과학,KOSDAQ,중견기업부,2370,2,-30,-1.25,2410,2455,2355,122341,292561695,75802411800,31984140,KSQ
1595,079810,KR7079810008,APS이노베이션,KOSDAQ,우량기업부,3520,1,50,1.44,3460,3605,3405,76932,267950492,75778890880,21528094,KSQ
1596,041930,KR7041930009,SY동아,KOSDAQ,우량기업부,4975,1,100,2.05,4875,4975,4800,36758,180501912,75620000000,15200000,KSQ
1597,067570,KR7067570002,엔브이에이치코리아,KOSDAQ,중견기업부,1788,1,3,0.17,1787,1804,1771,117043,209476292,75399960000,42170000,KSQ
1598,900260,HK0000295359,로스웰,KOSDAQ,외국기업(소속부없음),1638,2,-10,-0.61,1649,1699,1636,10203,16886737,75396658428,46029706,KSQ
1599,234300,KR7234300002,에스트래픽,KOSDAQ,우량기업부,2770,1,20,0.73,2795,2825,2730,83486,230726350,75365550600,27207780,KSQ
1600,006140,KR7006140008,피제이전자,KOSDAQ,우량기업부,5070,1,60,1.2,5010,5160,4965,33378,168096110,75365550000,14865000,KSQ
1601,396270,KR7396270001,넥스트칩,KOSDAQ,벤처기업부,2290,2,-95,-3.98,2385,2425,2250,199246,462512147,75312216990,32887431,KSQ
1602,044340,KR7044340008,위닉스,KOSDAQ,중견기업부,4210,1,205,5.12,4010,4650,4010,1608307,7017731635,75247119250,17873425,KSQ
1603,000230,KR7000230003,일동홀딩스,KOSPI,,6520,1,70,1.09,6450,6730,6350,9461,60881040,75243408000,11540400,STK
1604,084680,KR7084680008,이월드,KOSPI,,530,1,11,2.12,527,598,520,658856,357645276,75157282290,141806193,STK
1605,000850,KR7000850008,화천기공,KOSPI,,34150,1,150,0.44,34000,34550,33450,10585,360440350,75130000000,2200000,STK
1606,389140,KR7389140005,포바이포,KOSDAQ,벤처기업부,5250,1,30,0.57,5340,5370,5150,43050,225399440,74916108750,14269735,KSQ
1607,091590,KR7091590000,남화토건,KOSDAQ,중견기업부,6380,2,-120,-1.85,6660,6790,6120,981372,6279832535,74901200000,11740000,KSQ
1608,004720,KR7004720009,팜젠사이언스,KOSPI,,3305,1,85,2.64,3240,3315,3220,18676,61186425,74872676325,22654365,STK
1609,171120,KR7171120009,라이온켐텍,KOSDAQ,우량기업부,2085,1,15,0.72,2070,2095,2000,93194,191759755,74855169600,35901760,KSQ
1610,124560,KR7124560004,태웅로직스,KOSDAQ,우량기업부,1929,1,71,3.82,1856,1929,1825,128400,243243509,74692444419,38720811,KSQ
1611,417970,KR7417970001,모델솔루션,KOSDAQ,우량기업부,11670,2,-10,-0.09,11720,12150,11460,20858,245766440,74649489000,6396700,KSQ
1612,024830,KR7024830002,세원물산,KOSDAQ,중견기업부,8940,1,60,0.68,8880,9000,8860,1251,11196770,74649000000,8350000,KSQ
1613,208140,KR7208140004,정다운,KOSDAQ,우량기업부,2280,2,-10,-0.44,2290,2290,2260,6134,13960737,74520080880,32684246,KSQ
1614,061250,KR7061250007,화일약품,KOSDAQ,우량기업부,8840,1,260,3.03,8590,8980,8590,9793,86997720,74411442560,8417584,KSQ
1615,058730,KR7058730003,다스코,KOSPI,,3670,2,-25,-0.68,3750,3800,3615,783516,2880141171,74322091170,20251251,STK
1616,065510,KR7065510000,휴비츠,KOSDAQ,우량기업부,6820,2,-30,-0.44,6840,6860,6730,28977,196752190,74187243900,10877895,KSQ
1617,128660,KR7128660008,피제이메탈,KOSDAQ,우량기업부,2990,2,-55,-1.81,3045,3065,2975,243063,732280381,74162073310,24803369,KSQ
1618,084730,KR7084730001,팅크웨어,KOSDAQ,중견기업부,6670,1,20,0.3,6700,6700,6610,2189,14580150,74099858080,11109424,KSQ
1619,062970,KR7062970009,한국첨단소재,KOSDAQ,중견기업부,2595,2,-270,-9.42,2835,2850,2515,2127975,5595315660,74072476665,28544307,KSQ
1620,030960,KR7030960009,양지사,KOSDAQ,중견기업부,4635,1,20,0.43,4640,4690,4550,47469,219316370,74067300000,15980000,KSQ
1621,137950,KR7137950002,제이씨케미칼,KOSDAQ,우량기업부,3325,1,85,2.62,3410,3410,3245,90580,299452194,74040481550,22267814,KSQ
1622,104040,KR7104040001,디에스엠,KOSDAQ,벤처기업부,2760,2,-20,-0.72,2780,2825,2675,49449,135888600,74005439400,26813565,KSQ
1623,0156T0,KR70156T0003,에이치엘지노믹스,KOSDAQ,중견기업부,9490,2,-370,-3.75,9900,9960,9280,398806,3779742270,73852707890,7782161,KSQ
1624,017370,KR7017370008,우신시스템,KOSPI,,4030,1,40,1.0,4030,4167,3980,15742,63521461,73805637620,18314054,STK
1625,031820,KR7031820004,아이티센씨티에스,KOSPI,,6090,1,180,3.05,5900,6090,5820,40390,240651060,73720339140,12105146,STK
1626,049080,KR7049080005,기가레인,KOSDAQ,벤처기업부,8660,2,-360,-3.99,9040,9190,8630,291900,2564230430,73508972440,8488334,KSQ
1627,011150,KR7011150000,CJ씨푸드,KOSPI,,2045,1,5,0.25,2020,2050,2010,27709,56208500,73478430785,35930773,STK
1628,250030,KR7250030004,진코스텍,KONEX,일반기업부,25400,1,900,3.67,25500,25600,24600,8045,204414850,73455098200,2891933,KNX
1629,388870,KR7388870008,파로스아이바이오,KOSDAQ,기술성장기업부,5670,2,-130,-2.24,6000,6000,5670,34333,197368410,73403434440,12945932,KSQ
1630,020710,KR7020710000,시공테크,KOSDAQ,우량기업부,3660,1,10,0.27,3635,3720,3600,164534,601350622,73375570200,20047970,KSQ
1631,041910,KR7041910001,폴라리스AI파마,KOSDAQ,우량기업부,5520,1,40,0.73,5490,5570,5420,12188,66743020,73324092000,13283350,KSQ
1632,088390,KR7088390000,이녹스,KOSDAQ,중견기업부,7810,2,-10,-0.13,7910,7910,7610,4642,36003280,73303441640,9385844,KSQ
1633,307870,KR7307870006,비투엔,KOSDAQ,벤처기업부,986,1,35,3.68,955,1018,900,923664,892288034,73259095010,74299285,KSQ
1634,432470,KR7432470003,케이엔에스,KOSDAQ,벤처기업부,8350,2,-10,-0.12,8780,8780,8260,35200,296645630,73242492600,8771556,KSQ
1635,365660,KR7365660000,레몬헬스케어,KOSDAQ,기술성장기업부,5430,1,50,0.93,5460,5710,5310,1041015,5727205550,73063685370,13455559,KSQ
1636,162300,KR7162300008,신스틸,KOSDAQ,우량기업부,1757,2,-153,-8.01,1924,1924,1757,717730,1310558542,72865218174,41471382,KSQ
1637,091120,KR7091120006,이엠텍,KOSDAQ,중견기업부,4250,1,65,1.55,4185,4250,4135,22230,93115555,72814978000,17132936,KSQ
1638,038460,KR7038460002,바이오스마트,KOSDAQ,우량기업부,2880,1,20,0.7,2870,2920,2820,85359,243111610,72790680960,25274542,KSQ
1639,332370,KR7332370006,아이디피,KOSDAQ,벤처기업부,5480,2,-150,-2.66,5630,5630,5440,18598,101670940,72740018480,13273726,KSQ
1640,33626K,KR733626K013,두산퓨얼셀1우,KOSPI,,5410,1,30,0.56,5380,5470,5280,12467,66592250,72300322000,13364200,STK
1641,066310,KR7066310004,큐에스아이,KOSDAQ,벤처기업부,7780,2,-30,-0.38,7810,8060,7620,19903,155096380,72133211380,9271621,KSQ
1642,277880,KR7277880001,티에스아이,KOSDAQ,우량기업부,3635,1,265,7.86,3400,3790,3270,279767,1005318473,72130075620,19843212,KSQ
1643,0015S0,KR70015S0005,페스카로,KOSDAQ,기술성장기업부,7310,2,-180,-2.4,7490,7490,7100,22872,165553020,72125796300,9866730,KSQ
1644,033130,KR7033130006,디지틀조선,KOSDAQ,중견기업부,1943,1,23,1.2,1920,1958,1909,54038,104417922,72114963781,37115267,KSQ
1645,079980,KR7079980009,휴비스,KOSPI,,2090,1,50,2.45,2065,2105,2040,50678,105028915,72105000000,34500000,STK
1646,382480,KR7382480002,지아이텍,KOSDAQ,벤처기업부,1829,2,-21,-1.14,1840,1873,1811,65751,120371351,71984209060,39357140,KSQ
1647,095720,KR7095720009,웅진씽크빅,KOSPI,,1266,1,33,2.68,1236,1280,1229,28525,35728790,71943089610,56827085,STK
1648,234920,KR7234920007,자이글,KOSDAQ,관리종목(소속부없음),5310,0,0,0.0,0,0,0,0,0,71849132100,13530910,KSQ
1649,338100,KR7338100001,NH프라임리츠,KOSPI,,3845,1,65,1.72,3780,3860,3775,41075,157126934,71747700000,18660000,STK
1650,043610,KR7043610005,KT지니뮤직,KOSDAQ,중견기업부,1234,2,-31,-2.45,1234,1255,1222,276907,342332052,71714450492,58115438,KSQ
1651,058400,KR7058400003,KNN,KOSDAQ,우량기업부,5410,1,30,0.56,5390,5490,5370,5118,27733345,71644478520,13242972,KSQ
1652,012790,KR7012790002,신일제약,KOSDAQ,우량기업부,5970,1,120,2.05,5840,5980,5810,27528,162976035,71558897550,11986415,KSQ
1653,010280,KR7010280006,아이티센엔텍,KOSDAQ,우량기업부,5490,1,90,1.67,5600,5630,5250,60585,331950610,71505915930,13024757,KSQ
1654,048430,KR7048430003,유라테크,KOSDAQ,우량기업부,6200,1,260,4.38,5930,6300,5920,51891,318385150,71424000000,11520000,KSQ
1655,457370,KR7457370005,한켐,KOSDAQ,중견기업부,8850,2,-180,-1.99,9060,9250,8630,368165,3274930295,71394135900,8067134,KSQ
1656,024740,KR7024740003,한일단조,KOSDAQ,우량기업부,2170,1,15,0.7,2155,2200,2125,92573,200140583,71386596330,32897049,KSQ
1657,009770,KR7009770009,삼정펄프,KOSPI,,28500,1,150,0.53,28350,28500,27800,5960,167383325,71249173500,2499971,STK
1658,018500,KR7018500009,동원모빌리티,KOSPI,,1519,1,30,2.01,1499,1530,1491,91972,139029246,71020743227,46754933,STK
1659,002720,KR7002720001,국제약품,KOSPI,,3355,2,-25,-0.74,3400,3400,3305,30292,100940990,70991236360,21159832,STK
1660,085310,KR7085310001,엔케이,KOSPI,,9570,1,250,2.68,9320,9600,9270,41191,388436435,70990968180,7418074,STK
1661,100590,KR7100590009,머큐리,KOSDAQ,중견기업부,4140,1,40,0.98,4130,4205,3970,256172,1051610104,70957716300,17139545,KSQ
1662,120115,KR7120111000,코오롱인더우,KOSPI,,25600,1,500,1.99,25200,25600,25100,4922,124453350,70857216000,2767860,STK
1663,010040,KR7010040004,한국내화,KOSPI,,1725,1,38,2.25,1745,1745,1667,8816,14964818,70840681950,41067062,STK
1664,002795,KR7002791002,아모레퍼시픽홀딩스우,KOSPI,,11080,3,0,0.0,11080,11100,10950,1770,19561270,70703385760,6381172,STK
1665,059270,KR7059270009,해성에어로보틱스,KOSDAQ,기술성장기업부,6330,1,90,1.44,6220,6520,6190,72280,458682175,70676342670,11165299,KSQ
1666,153710,KR7153710009,옵티팜,KOSDAQ,기술성장기업부,4815,2,-25,-0.52,4840,4850,4760,2585,12446405,70635847770,14669958,KSQ
1667,229500,KR7229500004,노브메타파마,KONEX,일반기업부,5430,1,30,0.56,5600,5750,5220,5803,30981300,70538344410,12990487,KNX
1668,205470,KR7205470008,휴마시스,KOSDAQ,중견기업부,2855,1,125,4.58,2730,2895,2725,117228,329721112,70447127855,24675001,KSQ
1669,096350,KR7096350004,대창솔루션,KOSDAQ,벤처기업부,1908,1,28,1.49,1909,1950,1882,180126,346100764,70318885896,36854762,KSQ
1670,048910,KR7048910004,대원미디어,KOSDAQ,우량기업부,5570,1,510,10.08,5090,5630,5010,167128,906082130,70064729220,12578946,KSQ
1671,055490,KR7055490007,테이팩스,KOSPI,,14620,2,-590,-3.88,15210,15210,14330,28505,418499065,69980823000,4786650,STK
1672,253840,KR7253840003,수젠텍,KOSDAQ,중견기업부,4175,2,-35,-0.83,4210,4310,4100,93186,388108163,69902860000,16743200,KSQ
1673,001020,KR7001020007,페이퍼코리아,KOSPI,,1963,1,10,0.51,2000,2000,1932,12608,24601152,69876247506,35596662,STK
1674,478560,KR7478560006,블랙야크아이앤씨,KOSDAQ,벤처기업부,2705,2,-90,-3.22,2795,2870,2650,61067,165637250,69870956090,25830298,KSQ
1675,323350,KR7323350009,다원넥스뷰,KOSDAQ,기술성장기업부,8720,2,-210,-2.35,8950,9350,8480,75468,657365080,69853931840,8010772,KSQ
1676,221800,KR7221800006,지구홀딩스,KOSDAQ,투자주의환기종목(소속부없음),4280,1,25,0.59,4260,4440,4095,41797,178064377,69844682280,16318851,KSQ
1677,045660,KR7045660008,에이텍,KOSDAQ,우량기업부,8450,1,50,0.6,8390,8490,8360,8465,71250290,69797000000,8260000,KSQ
1678,002700,KR7002700003,신일전자,KOSPI,,1018,1,22,2.21,1007,1040,999,1385299,1404792060,69781376378,68547521,STK
1679,419080,KR7419080007,엔젯,KOSDAQ,기술성장기업부,6400,1,600,10.34,6000,6550,5790,229067,1433832285,69579628800,10871817,KSQ
1680,137080,KR7137080008,나래나노텍,KOSDAQ,중견기업부,6490,1,450,7.45,6040,6560,6040,117402,744255765,69507569010,10709949,KSQ
1681,208370,KR7208370007,셀바스헬스케어,KOSDAQ,벤처기업부,2700,2,-65,-2.35,2765,2780,2650,120193,323628555,69499522800,25740564,KSQ
1682,443250,KR7443250006,레뷰코퍼레이션,KOSDAQ,벤처기업부,6420,2,-50,-0.77,6470,6500,6310,1632,10492650,69399025140,10809817,KSQ
1683,032850,KR7032850000,비트컴퓨터,KOSDAQ,벤처기업부,4160,2,-10,-0.24,4175,4240,4150,32163,134383675,69152898880,16623293,KSQ
1684,196490,KR7196490007,디에이테크놀로지,KOSDAQ,투자주의환기종목(소속부없음),6090,0,0,0.0,0,0,0,0,0,69131518050,11351645,KSQ
1685,347000,KR7347000002,센코,KOSDAQ,기술성장기업부,1828,1,8,0.44,1820,1830,1799,42670,77295443,69118226488,37810846,KSQ
1686,241690,KR7241690007,유니테크노,KOSDAQ,우량기업부,2820,1,20,0.71,2835,2870,2755,38141,107538800,69007390920,24470706,KSQ
1687,191420,KR7191420009,테고사이언스,KOSDAQ,벤처기업부,8500,1,290,3.53,8210,8680,8180,4104,34223210,68925089000,8108834,KSQ
1688,002800,KR7002800001,신신제약,KOSDAQ,우량기업부,4540,1,110,2.48,4440,4645,4380,101382,457200155,68874070000,15170500,KSQ
1689,026150,KR7026150003,특수건설,KOSDAQ,중견기업부,3925,1,25,0.64,3920,4025,3855,20002,77875345,68869349175,17546331,KSQ
1690,049550,KR7049550007,잉크테크,KOSDAQ,우량기업부,3500,3,0,0.0,3580,3580,3480,4733,16596665,68621969500,19606277,KSQ
1691,424960,KR7424960003,스마트레이더시스템,KOSDAQ,기술성장기업부,4160,1,105,2.59,4130,4275,4055,31656,131491507,68578057600,16485110,KSQ
1692,092040,KR7092040005,아미코젠,KOSDAQ,기술성장기업부,970,2,-80,-7.62,1047,1057,926,2077828,2053102084,68535725390,70655387,KSQ
1693,331740,KR7331740001,아우토크립트,KOSDAQ,기술성장기업부,7000,2,-100,-1.41,7100,7300,6890,7902,55756175,68256937000,9750991,KSQ
1694,123420,KR7123420002,위메이드플레이,KOSDAQ,우량기업부,6560,3,0,0.0,6560,6670,6350,22612,146504335,68230828960,10401041,KSQ
1695,136150,KR7136150000,원일티엔아이,KOSDAQ,벤처기업부,8130,2,-60,-0.73,8190,8250,7940,12112,97715520,68137773900,8381030,KSQ
1696,110790,KR7110790003,크리스에프앤씨,KOSDAQ,우량기업부,2900,2,-75,-2.52,2975,3235,2895,67880,206172815,67949784000,23430960,KSQ
1697,456070,KR7456070002,이엔셀,KOSDAQ,기술성장기업부,6160,2,-90,-1.44,6250,6380,6050,30620,188649780,67941824720,11029517,KSQ
1698,140070,KR7140070004,서플러스글로벌,KOSDAQ,벤처기업부,1834,2,-11,-0.6,1844,1848,1771,213971,388855125,67835992000,36988000,KSQ
1699,001560,KR7001560002,제일연마,KOSPI,,8910,3,0,0.0,8910,8910,8700,1948,17144710,67716000000,7600000,STK
1700,094860,KR7094860004,네오리진,KOSDAQ,중견기업부,1273,2,-11,-0.86,1284,1284,1218,48827,60377312,67609047822,53110014,KSQ
1701,222110,KR7222110009,팬젠,KOSDAQ,기술성장기업부,5000,2,-50,-0.99,5050,5090,4900,11937,59121860,67572545000,13514509,KSQ
1702,100220,KR7100220003,비상교육,KOSPI,,5170,1,270,5.51,4900,5300,4890,146423,751968450,67193150970,12996741,STK
1703,168330,KR7168330009,내츄럴엔도텍,KOSDAQ,투자주의환기종목(소속부없음),2115,2,-10,-0.47,2150,2230,2090,13419,28488055,67161613500,31754900,KSQ
1704,412350,KR7412350001,레이저쎌,KOSDAQ,기술성장기업부,4595,1,50,1.1,4690,4900,4505,265353,1250467317,67100982585,14603043,KSQ
1705,411080,KR7411080005,샌즈랩,KOSDAQ,기술성장기업부,4390,2,-145,-3.2,4640,4645,4295,99866,439923233,67024930820,15267638,KSQ
1706,147760,KR7147760003,피엠티,KOSDAQ,벤처기업부,3350,2,-15,-0.45,3385,3510,3220,112905,381250792,67000000000,20000000,KSQ
1707,464490,KR7464490002,쿼드메디슨,KOSDAQ,기술성장기업부,5830,2,-80,-1.35,5950,6060,5710,24502,142772210,66940718790,11482113,KSQ
1708,040160,KR7040160004,누리플렉스,KOSDAQ,중견기업부,5550,1,30,0.54,5660,5990,5530,48811,278902970,66908219250,12055535,KSQ
1709,005670,KR7005670005,푸드웰,KOSDAQ,우량기업부,6690,2,-80,-1.18,6850,7230,6570,136086,924261840,66900000000,10000000,KSQ
1710,100030,KR7100030006,인지소프트,KOSDAQ,중견기업부,20350,1,580,2.93,19800,20350,19520,25135,502308110,66823579900,3283714,KSQ
1711,321370,KR7321370009,센서뷰,KOSDAQ,기술성장기업부,1289,2,-118,-8.39,1430,1430,1288,2150192,2867515323,66596063834,51664906,KSQ
1712,417790,KR7417790003,트루엔,KOSDAQ,벤처기업부,6360,1,210,3.41,6200,6550,6120,52795,336995835,66578966760,10468391,KSQ
1713,109860,KR7109860007,동일금속,KOSDAQ,우량기업부,7290,2,-110,-1.49,7370,7370,7250,4319,31619975,66339000000,9100000,KSQ
1714,014970,KR7014970008,삼륭물산,KOSDAQ,중견기업부,4470,2,-30,-0.67,4495,4505,4355,18145,80082777,66267750000,14825000,KSQ
1715,246960,KR7246960009,SCL사이언스,KOSDAQ,기술성장기업부,1948,1,95,5.13,1853,1948,1751,110399,201747795,66265207556,34017047,KSQ
1716,081150,KR7081150005,티플랙스,KOSDAQ,중견기업부,2730,2,-20,-0.73,2755,2775,2655,49796,134726283,66252737460,24268402,KSQ
1717,043650,KR7043650001,국순당,KOSDAQ,중견기업부,3695,2,-10,-0.27,3700,3705,3650,24244,89036630,65986433280,17858304,KSQ
1718,261780,KR7261780001,아리바이오랩,KOSDAQ,기술성장기업부,2355,2,-20,-0.84,2380,2465,2300,255583,603524815,65972765115,28013913,KSQ
1719,111710,KR7111710000,남화산업,KOSDAQ,중견기업부,3200,2,-25,-0.78,3260,3280,3125,104522,332056728,65881600000,20588000,KSQ
1720,291230,KR7291230001,컴투스엔,KOSDAQ,중견기업부,2740,2,-200,-6.8,2700,2925,2645,206447,561734144,65790772940,24011231,KSQ
1721,007280,KR7007280001,한국특강,KOSPI,,2295,1,55,2.46,2300,2310,2205,27448,62588870,65743809300,28646540,STK
1722,039420,KR7039420005,케이엘넷,KOSDAQ,중견기업부,2865,1,15,0.53,2845,2880,2800,23836,67633832,65743137810,22946994,KSQ
1723,126880,KR7126880004,제이엔케이글로벌,KOSDAQ,우량기업부,2830,2,-50,-1.74,2835,2870,2780,123751,348944660,65669875490,23204903,KSQ
1724,142280,KR7142280007,녹십자엠에스,KOSDAQ,중견기업부,2740,2,-75,-2.66,2815,2845,2715,125323,344762510,65658704940,23963031,KSQ
1725,016090,KR7016090003,대현,KOSPI,,1482,1,31,2.14,1451,1497,1451,276912,408123909,65626383420,44282310,STK
1726,032540,KR7032540007,TJ미디어,KOSDAQ,우량기업부,3135,1,70,2.28,3065,3135,3000,14098,43066618,65513389755,20897413,KSQ
1727,187420,KR7187420005,HLB제넥스,KOSDAQ,기술성장기업부,2000,1,40,2.04,1941,2045,1941,201564,398932861,65289894000,32644947,KSQ
1728,318160,KR7318160009,셀바이오휴먼텍,KOSDAQ,벤처기업부,6980,1,10,0.14,6970,7180,6810,48726,340263220,65175840740,9337513,KSQ
1729,036000,KR7036000008,예림당,KOSDAQ,중견기업부,2825,1,10,0.36,2795,2840,2795,18485,52027020,65071832525,23034277,KSQ
1730,010660,KR7010660009,화천기계,KOSPI,,2955,1,75,2.6,2950,2955,2870,82370,240099662,65010000000,22000000,STK
1731,0007J0,KR70007J0006,인벤테라,KOSDAQ,기술성장기업부,8260,2,-90,-1.08,8480,8590,8220,11564,97199050,64970797640,7865714,KSQ
1732,004780,KR7004780003,대륙제관,KOSDAQ,우량기업부,4085,1,85,2.13,4000,4085,3960,30672,123615000,64964567915,15903199,KSQ
1733,459550,KR7459550000,알트,KOSDAQ,중견기업부,2575,4,594,29.98,1995,2575,1930,24126347,56835313270,64943459575,25220761,KSQ
1734,214270,KR7214270001,FSN,KOSDAQ,중견기업부,1435,2,-14,-0.97,1449,1473,1401,121746,173298010,64940329475,45254585,KSQ
1735,005870,KR7005870001,휴니드,KOSPI,,4595,1,35,0.77,4580,4680,4500,36435,166234415,64863088925,14116015,STK
1736,010240,KR7010240000,흥국,KOSDAQ,우량기업부,5540,1,110,2.03,5430,5600,5430,31446,174334540,64851240000,11706000,KSQ
1737,043710,KR7043710003,코스리거글로벌,KOSDAQ,중견기업부,3745,3,0,0.0,3705,4005,3455,30005,110542162,64835319990,17312502,KSQ
1738,216050,KR7216050005,인크로스,KOSDAQ,중견기업부,5310,1,70,1.34,5320,5340,5190,28773,151882250,64774682820,12198622,KSQ
1739,041460,KR7041460007,한국전자인증,KOSDAQ,중견기업부,3405,2,-15,-0.44,3420,3445,3355,21741,73858745,64695000000,19000000,KSQ
1740,009200,KR7009200007,무림페이퍼,KOSPI,,1550,2,-1,-0.06,1538,1560,1530,24773,38243842,64494430500,41609310,STK
1741,039010,KR7039010004,현대에이치티,KOSDAQ,우량기업부,7470,2,-340,-4.35,7780,7860,7200,95976,718788290,64428750000,8625000,KSQ
1742,004440,KR7004440004,삼일씨엔에스,KOSPI,,5060,2,-60,-1.17,5120,5180,4960,25817,129741010,64423651820,12731947,STK
1743,068290,KR7068290006,삼성출판사,KOSPI,,6430,1,40,0.63,6270,6440,6270,6704,42560350,64300000000,10000000,STK
1744,083790,KR7083790006,CG인바이츠,KOSDAQ,벤처기업부,835,2,-29,-3.36,889,889,834,89380,75657526,64206641970,76894182,KSQ
1745,006890,KR7006890008,태경케미컬,KOSPI,,5530,1,110,2.03,5450,5540,5380,27162,147996175,64148000000,11600000,STK
1746,065530,KR7065530008,와이어블,KOSDAQ,우량기업부,1340,2,-14,-1.03,1354,1368,1318,124565,165541621,64103937060,47838759,KSQ
1747,215360,KR7215360009,우리산업,KOSDAQ,우량기업부,7010,2,-80,-1.13,7080,7200,6900,22184,155439470,64016462630,9132163,KSQ
1748,122350,KR7122350002,삼기,KOSDAQ,중견기업부,1667,1,58,3.6,1609,1845,1605,12014963,20857511948,63911826476,38339428,KSQ
1749,204840,KR7204840003,지엘팜텍,KOSDAQ,기술성장기업부,4120,2,-20,-0.48,4270,4270,4055,22073,90206370,63900380120,15509801,KSQ
1750,288180,KR7288180003,케이피항공산업,KOSDAQ,중견기업부,8600,1,70,0.82,8520,8600,8300,16559,140138630,63582053200,7393262,KSQ
1751,095270,KR7095270005,웨이브일렉트로,KOSDAQ,벤처기업부,4420,2,-20,-0.45,4665,4665,4300,40864,180274207,63526034520,14372406,KSQ
1752,071090,KR7071090005,하이스틸,KOSPI,,3145,1,25,0.8,3135,3200,3110,75962,238967740,63502176295,20191471,STK
1753,303360,KR7303360002,프로티아,KOSDAQ,기술성장기업부,4920,2,-30,-0.61,4950,4950,4845,12908,62898670,63368197800,12879715,KSQ
1754,396690,KR7396690000,미래에셋글로벌리츠,KOSPI,,1595,1,6,0.38,1600,1628,1589,99992,160094559,63171474300,39605940,STK
1755,333620,KR7333620003,엔시스,KOSDAQ,벤처기업부,5740,1,110,1.95,5630,5760,5590,9033,51561020,63128003400,10997910,KSQ
1756,089850,KR7089850002,유비벨록스,KOSDAQ,우량기업부,4270,2,-5,-0.12,4280,4330,4200,4242,18064310,62897949730,14730199,KSQ
1757,348150,KR7348150004,고바이오랩,KOSDAQ,기술성장기업부,3235,2,-15,-0.46,3240,3250,3105,22826,72067327,62820105915,19418889,KSQ
1758,065170,KR7065170003,비엘팜텍,KOSDAQ,투자주의환기종목(소속부없음),2250,2,-40,-1.75,2270,2325,2155,487957,1081610704,62806034250,27913793,KSQ
1759,067170,KR7067170001,오텍,KOSDAQ,중견기업부,2280,1,5,0.22,2275,2390,2165,338634,762385836,62608302960,27459782,KSQ
1760,263600,KR7263600009,덕우전자,KOSDAQ,중견기업부,3930,1,135,3.56,3840,3930,3780,28291,109320470,62606118300,15930310,KSQ
1761,001840,KR7001840008,이화공영,KOSDAQ,관리종목(소속부없음),2215,0,0,0.0,0,0,0,0,0,62588831935,28256809,KSQ
1762,226340,KR7226340008,본느,KOSDAQ,중견기업부,7450,1,920,14.09,6490,7450,6080,4212897,28105832655,62509105800,8390484,KSQ
1763,294090,KR7294090006,이오플로우,KOSDAQ,관리종목(소속부없음),1490,0,0,0.0,0,0,0,0,0,62295566450,41809105,KSQ
1764,448710,KR7448710004,코츠테크놀로지,KOSDAQ,벤처기업부,11760,2,-230,-1.92,12120,12120,11620,14518,171178070,62155033920,5285292,KSQ
1765,011300,KR7011300001,우성머티리얼스,KOSPI,,3605,3,0,0.0,3585,3850,3340,267256,936806505,62146252525,17238905,STK
1766,072130,KR7072130008,유엔젤,KOSPI,,4895,2,-5,-0.1,4860,4980,4840,47189,230687790,62144247330,12695454,STK
1767,228340,KR7228340006,동양파일,KOSDAQ,중견기업부,3100,2,-80,-2.52,3245,3305,2970,533009,1660114307,62000000000,20000000,KSQ
1768,459100,KR7459100004,위츠,KOSDAQ,중견기업부,4600,2,-10,-0.22,4610,4685,4375,29623,132786440,61944060000,13466100,KSQ
1769,097800,KR7097800007,윈팩,KOSDAQ,중견기업부,2265,2,-145,-6.02,2410,2485,2200,731978,1671057456,61811951925,27290045,KSQ
1770,070300,KR7070300009,퀀텀레일,KOSDAQ,벤처기업부,1738,2,-1,-0.06,1705,1770,1685,114568,197093922,61741979002,35524729,KSQ
1771,082210,KR7082210006,옵트론텍,KOSDAQ,중견기업부,1762,1,30,1.73,1735,1789,1709,50113,87046948,61605387460,34963330,KSQ
1772,016250,KR7016250003,SGC E&C,KOSDAQ,중견기업부,12220,2,-70,-0.57,12600,12600,11990,4804,58216870,61551968920,5036986,KSQ
1773,408470,KR7408470003,한패스,KOSDAQ,중견기업부,5820,1,20,0.34,5790,5960,5640,25996,149888425,61529040000,10572000,KSQ
1774,251630,KR7251630000,브이원텍,KOSDAQ,벤처기업부,3840,2,-55,-1.41,3900,4000,3840,24203,93828244,61220682240,15942886,KSQ
1775,049480,KR7049480007,오픈베이스,KOSDAQ,우량기업부,1948,2,-3,-0.15,1965,1981,1920,102020,197492068,61210802084,31422383,KSQ
1776,111110,KR7111110003,호전실업,KOSPI,,6740,2,-60,-0.88,6820,6840,6710,9099,61379960,61104840000,9066000,STK
1777,238090,KR7238090005,앤디포스,KOSDAQ,벤처기업부,1999,2,-96,-4.58,2095,2095,1900,20455,41229414,60950389560,30490440,KSQ
1778,203400,KR7203400007,에이비온,KOSDAQ,관리종목(소속부없음),676,2,-14,-2.03,711,784,650,2169199,1542006633,60908481504,90101304,KSQ
1779,214330,KR7214330003,금호에이치티,KOSPI,,5810,2,-50,-0.85,5960,5990,5670,102907,595020505,60754757490,10456929,STK
1780,039020,KR7039020003,이건홀딩스,KOSDAQ,중견기업부,2690,1,45,1.7,2665,2720,2645,51029,136499948,60752867210,22584709,KSQ
1781,007460,KR7007460009,에이프로젠,KOSPI,,2570,2,-30,-1.15,2640,2665,2540,106239,276008246,60638977810,23594933,STK
1782,002760,KR7002760007,보락,KOSPI,,1012,1,10,1.0,1003,1019,1000,81873,82884520,60618800000,59900000,STK
1783,033320,KR7033320003,제이씨현시스템,KOSDAQ,벤처기업부,3170,1,55,1.77,3400,3725,3145,1091236,3641240161,60592749440,19114432,KSQ
1784,347740,KR7347740003,피엔케이피부임상연구센타,KOSDAQ,벤처기업부,2015,1,65,3.33,1950,2030,1936,48278,96399317,60471310640,30010576,KSQ
1785,453860,KR7453860009,에이에스텍,KOSDAQ,벤처기업부,9380,2,-40,-0.42,9420,9520,9280,6927,65142270,60448687740,6444423,KSQ
1786,027050,KR7027050004,코리아나,KOSDAQ,중견기업부,1509,2,-4,-0.26,1528,1542,1500,93298,141317366,60360000000,40000000,KSQ
1787,004770,KR7004770004,써니전자,KOSPI,,1698,3,0,0.0,1691,1729,1691,161226,275307805,60291629724,35507438,STK
1788,067920,KR7067920009,이글루,KOSDAQ,우량기업부,5480,2,-20,-0.36,5500,5610,5410,35555,194672005,60258732120,10996119,KSQ
1789,457600,KR7457600005,벡트,KOSDAQ,벤처기업부,4390,1,430,10.86,3960,4450,3855,366460,1544244665,60175925000,13707500,KSQ
1790,003310,KR7003310000,대주산업,KOSDAQ,우량기업부,1700,1,15,0.89,1685,1705,1672,186540,314811008,60166995000,35392350,KSQ
1791,000220,KR7000220004,유유제약,KOSPI,,3820,1,70,1.87,3770,3860,3750,73137,278353440,60155304840,15747462,STK
1792,014470,KR7014470009,부방,KOSDAQ,벤처기업부,997,1,2,0.2,995,1006,985,40991,40780139,59872103220,60052260,KSQ
1793,002630,KR7002630002,오리엔트바이오,KOSPI,,1009,3,0,0.0,1004,1031,992,134533,134765008,59825125518,59291502,STK
1794,092440,KR7092440007,기신정기,KOSPI,,2045,1,54,2.71,1990,2055,1981,137988,278841106,59714000000,29200000,STK
1795,054300,KR7054300009,팬스타엔터프라이즈,KOSDAQ,벤처기업부,1030,1,15,1.48,1007,1030,982,189318,189846804,59607073350,57870945,KSQ
1796,008370,KR7008370009,원풍,KOSDAQ,우량기업부,4965,1,70,1.43,4970,4970,4810,6957,34192740,59580000000,12000000,KSQ
1797,050960,KR7050960004,수산아이앤티,KOSDAQ,벤처기업부,8800,1,220,2.56,8610,8810,8600,4303,37600870,59408800000,6751000,KSQ
1798,347860,KR7347860009,알체라,KOSDAQ,중견기업부,1407,2,-9,-0.64,1416,1458,1370,180592,251705062,59310181329,42153647,KSQ
1799,175140,KR7175140003,아고스,KOSDAQ,투자주의환기종목(소속부없음),2375,2,-65,-2.66,2440,2515,2320,30239,72731825,59242600875,24944253,KSQ
1800,155650,KR7155650005,와이엠씨,KOSDAQ,우량기업부,3115,1,40,1.3,3080,3120,3045,15979,49425040,59105125170,18974358,KSQ
1801,460870,KR7460870009,에스엠씨지,KOSDAQ,벤처기업부,2940,1,15,0.51,2905,2955,2765,99572,284470244,59015513760,20073304,KSQ
1802,370090,KR7370090003,퓨런티어,KOSDAQ,기술성장기업부,6890,2,-20,-0.29,6910,7090,6710,15516,106567210,58956558700,8556830,KSQ
1803,263690,KR7263690000,디알젬,KOSDAQ,우량기업부,5190,3,0,0.0,5190,5290,5090,17011,88463010,58779915900,11325610,KSQ
1804,094850,KR7094850005,참좋은여행,KOSDAQ,우량기업부,4195,1,40,0.96,4195,4225,4160,12575,52653055,58730000000,14000000,KSQ
1805,004450,KR7004450003,삼화왕관,KOSPI,,27250,1,950,3.61,26400,27400,26100,2847,75960850,58706827750,2154379,STK
1806,056360,KR7056360001,코위버,KOSDAQ,벤처기업부,5990,2,-100,-1.64,6030,6140,5810,127593,759043150,58682832000,9796800,KSQ
1807,003925,KR7003921004,남양유업우,KOSPI,,31000,1,50,0.16,31000,31150,30800,1118,34613950,58625619000,1891149,STK
1808,439580,KR7439580002,블루엠텍,KOSDAQ,기술성장기업부,1731,1,21,1.23,1721,1770,1700,64546,111762562,58588372857,33846547,KSQ
1809,024900,KR7024900003,디와이덕양,KOSPI,,1799,1,37,2.1,1798,1799,1766,83247,148574043,58584399020,32564980,STK
1810,900300,HK0000312568,오가닉티코스메틱,KOSDAQ,외국기업(소속부없음),2845,2,-155,-5.17,3000,3070,2765,306453,889215817,58550375965,20580097,KSQ
1811,037440,KR7037440005,희림,KOSDAQ,우량기업부,4205,3,0,0.0,4205,4255,4080,186546,775783678,58544007375,13922475,KSQ
1812,241790,KR7241790005,티이엠씨씨엔에스,KOSDAQ,우량기업부,5840,1,40,0.69,5790,5870,5650,46125,264358740,58415382560,10002634,KSQ
1813,090080,KR7090080003,평화산업,KOSPI,,1062,1,18,1.72,1043,1065,1030,282855,297824347,58306199058,54902259,STK
1814,129260,KR7129260006,인터지스,KOSPI,,1959,1,1,0.05,1958,1965,1946,10092,19759000,58276085166,29747874,STK
1815,061040,KR7061040002,알에프텍,KOSDAQ,중견기업부,6440,1,60,0.94,6500,6500,6300,7308,46423340,58270556120,9048223,KSQ
1816,273640,KR7273640003,와이엠텍,KOSDAQ,벤처기업부,5310,1,50,0.95,5260,5410,5240,16875,89638145,58229460000,10966000,KSQ
1817,317830,KR7317830008,에스피시스템스,KOSDAQ,벤처기업부,5400,1,70,1.31,5400,5700,5270,46492,253754815,58178617200,10773818,KSQ
1818,099520,KR7099520009,DGI,KOSDAQ,관리종목(소속부없음),1284,0,0,0.0,0,0,0,0,0,58141862016,45281824,KSQ
1819,010470,KR7010470003,오리콤,KOSDAQ,우량기업부,4850,3,0,0.0,4855,4860,4825,5435,26321275,58078992500,11975050,KSQ
1820,053620,KR7053620001,태양,KOSDAQ,우량기업부,6730,1,150,2.28,6570,6830,6550,12661,84171850,57878000000,8600000,KSQ
1821,036120,KR7036120004,서울평가정보,KOSDAQ,중견기업부,1646,1,25,1.54,1621,1648,1606,97143,157816679,57848670000,35145000,KSQ
1822,039610,KR7039610001,화성밸브,KOSDAQ,우량기업부,5540,1,60,1.09,5510,5680,5420,59567,329586580,57673616000,10410400,KSQ
1823,060310,KR7060310000,3S,KOSDAQ,벤처기업부,1086,2,-28,-2.51,1114,1144,1070,129310,142119591,57622117440,53059040,KSQ
1824,117670,KR7117670000,알파칩스,KOSDAQ,벤처기업부,8640,2,-90,-1.03,8730,8880,8510,6397,55060940,57557450880,6661742,KSQ
1825,007815,KR7007811003,코리아써우,KOSPI,,19400,2,-370,-1.87,19990,19990,19090,758,14915430,57514986000,2964690,STK
1826,378850,KR7378850002,화승알앤에이,KOSPI,,3025,1,195,6.89,2830,3110,2790,232563,702750649,57455709575,18993623,STK
1827,007370,KR7007370000,진양제약,KOSDAQ,우량기업부,4050,1,50,1.25,4000,4080,3995,21625,86979040,57245077350,14134587,KSQ
1828,001465,KR7001461003,BYC우,KOSPI,,26500,1,600,2.32,25750,26600,25750,3276,86434850,57077025000,2153850,STK
1829,046940,KR7046940003,우원개발,KOSDAQ,우량기업부,3155,1,70,2.27,3090,3165,3060,150075,469696523,57024574250,18074350,KSQ
1830,391710,KR7391710001,코닉오토메이션,KOSDAQ,벤처기업부,1337,1,12,0.91,1325,1399,1301,73943,98904258,56983568390,42620470,KSQ
1831,104540,KR7104540000,코렌텍,KOSDAQ,기술성장기업부,4250,1,30,0.71,4220,4250,4125,26055,109417110,56981492500,13407410,KSQ
1832,011230,KR7011230000,삼화전자,KOSPI,,2970,1,10,0.34,3020,3040,2850,611031,1791799870,56922381450,19165785,STK
1833,045340,KR7045340007,토탈소프트,KOSDAQ,벤처기업부,6650,2,-50,-0.75,6690,6770,6600,12204,81406660,56910966000,8558040,KSQ
1834,075180,KR7075180000,새론오토모티브,KOSPI,,2960,1,20,0.68,2990,3000,2920,44767,132111895,56832000000,19200000,STK
1835,066670,KR7066670001,디티씨,KOSDAQ,중견기업부,3030,1,170,5.94,2860,3030,2815,29208,87112039,56636511540,18691918,KSQ
1836,179530,KR7179530001,애드바이오텍,KOSDAQ,기술성장기업부,2100,1,194,10.18,1900,2175,1898,169277,348718451,56595627900,26950299,KSQ
1837,053160,KR7053160008,프리엠스,KOSDAQ,중견기업부,9430,2,-20,-0.21,9450,9500,9060,5540,51897535,56580000000,6000000,KSQ
1838,192250,KR7192250009,케이사인,KOSDAQ,벤처기업부,8000,2,-60,-0.74,8080,8120,7810,21663,173236330,56537000000,7067125,KSQ
1839,010770,KR7010770006,평화홀딩스,KOSPI,,3860,1,100,2.66,3800,3895,3770,42450,162907210,56454298760,14625466,STK
1840,025550,KR7025550005,한국선재,KOSDAQ,중견기업부,2210,2,-20,-0.9,2230,2255,2195,59979,133040585,56385948840,25514004,KSQ
1841,420570,KR7420570004,제이투케이바이오,KOSDAQ,벤처기업부,9630,2,-130,-1.33,9900,10040,9560,130719,1272955160,56311261290,5847483,KSQ
1842,088910,KR7088910005,동우팜투테이블,KOSDAQ,우량기업부,2185,1,10,0.46,2180,2220,2135,98831,215157187,56202054340,25721764,KSQ
1843,092300,KR7092300003,현우산업,KOSDAQ,우량기업부,2780,1,270,10.76,2590,2965,2545,468934,1302151047,56016641380,20149871,KSQ
1844,950200,KR8840150005,소마젠,KOSDAQ,외국기업(소속부없음),2910,1,25,0.87,2885,2960,2880,7040,20487345,55976914230,19236053,KSQ
1845,003475,KR7003471000,유안타증권우,KOSPI,,4365,1,70,1.63,4300,4390,4295,20246,87650575,55921630050,12811370,STK
1846,012690,KR7012690004,모나리자,KOSPI,,1527,1,24,1.6,1504,1529,1493,289699,440005031,55844306385,36571255,STK
1847,036090,KR7036090009,위지트,KOSDAQ,중견기업부,1310,2,-14,-1.06,1320,1353,1296,113209,148794437,55741173340,42550514,KSQ
1848,170790,KR7170790000,파이오링크,KOSDAQ,우량기업부,8710,2,-280,-3.11,8990,8990,8250,25523,222075130,55720787850,6397335,KSQ
1849,036670,KR7036670008,삼양케이씨아이,KOSDAQ,우량기업부,5160,1,60,1.18,5100,5190,5100,14533,74750595,55522632000,10760200,KSQ
1850,340930,KR7340930007,성원에너텍,KOSDAQ,관리종목(소속부없음),806,0,0,0.0,0,0,0,0,0,55513882710,68875785,KSQ
1851,020760,KR7020760005,일진디스플,KOSPI,,902,0,0,0.0,0,0,0,0,0,55503470462,61533781,STK
1852,950220,KR8840140006,네오이뮨텍,KOSDAQ,기술성장기업부,1621,1,70,4.51,1551,1706,1550,195814,318351759,55457392640,34211840,KSQ
1853,000725,KR7000721001,현대건설우,KOSPI,,52500,1,500,0.96,52400,53100,52000,1890,99261000,55371382500,1054693,STK
1854,053270,KR7053270005,구영테크,KOSDAQ,우량기업부,2020,3,0,0.0,2030,2040,1998,33041,66565681,55369018100,27410405,KSQ
1855,064800,KR7064800006,포니링크,KOSDAQ,중견기업부,2165,1,35,1.64,2140,2220,2100,6197,13315245,55340558735,25561459,KSQ
1856,299170,KR7299170001,더블유에스아이,KOSDAQ,중견기업부,1327,1,2,0.15,1404,1404,1297,203068,269284176,55085479176,41511288,KSQ
1857,452400,KR7452400005,이닉스,KOSDAQ,우량기업부,6060,3,0,0.0,6090,6090,5920,2635,15870110,54972853680,9071428,KSQ
1858,179900,KR7179900006,유티아이,KOSDAQ,투자주의환기종목(소속부없음),2775,4,640,29.98,2140,2775,2140,1277905,3303005972,54918393300,19790412,KSQ
1859,023810,KR7023810005,인팩,KOSPI,,5490,1,60,1.1,5430,5540,5360,14672,79876160,54900000000,10000000,STK
1860,003465,KR7003461001,유화증권우,KOSPI,,3140,1,25,0.8,3050,3140,3050,326,1023460,54875974500,17476425,STK
1861,006880,KR7006880009,신송홀딩스,KOSPI,,4635,1,35,0.76,4600,4740,4555,15019,69130755,54826756830,11828858,STK
1862,071670,KR7071670004,에이테크솔루션,KOSDAQ,중견기업부,5480,1,30,0.55,5450,5650,5400,22810,124460600,54800000000,10000000,KSQ
1863,014950,KR7014950000,삼익제약,KOSDAQ,벤처기업부,5440,2,-160,-2.86,5650,5690,5340,176291,966259890,54767678720,10067588,KSQ
1864,217480,KR7217480003,에스디생명공학,KOSDAQ,투자주의환기종목(소속부없음),499,0,0,0.0,0,0,0,0,0,54756837359,109733141,KSQ
1865,042110,KR7042110007,에스씨디,KOSDAQ,우량기업부,1132,1,14,1.25,1116,1136,1113,224895,252241930,54709066448,48329564,KSQ
1866,302430,KR7302430004,이노메트리,KOSDAQ,벤처기업부,5550,2,-10,-0.18,5690,5690,5410,10141,55717490,54574304400,9833208,KSQ
1867,033310,KR7033310004,엠투엔,KOSDAQ,중견기업부,1365,1,25,1.87,1359,1370,1329,32519,43875452,54562402440,39972456,KSQ
1868,027830,KR7027830009,대성창투,KOSDAQ,중견기업부,1010,2,-3,-0.3,1016,1016,997,78178,78381672,54540000000,54000000,KSQ
1869,015710,KR7015710007,코콤,KOSDAQ,우량기업부,3105,1,185,6.34,3050,3150,3015,76092,235476034,54432202500,17530500,KSQ
1870,094940,KR7094940004,푸른로보틱스,KOSDAQ,벤처기업부,6500,1,100,1.56,6370,6680,6330,58085,378024600,54349009000,8361386,KSQ
1871,131400,KR7131400004,이브이첨단소재,KOSDAQ,벤처기업부,912,2,-24,-2.56,1001,1200,912,18975655,19908954026,54347796384,59591882,KSQ
1872,435570,KR7435570007,에르코스,KOSDAQ,벤처기업부,7130,2,-10,-0.14,7270,7270,6930,1544,10834520,54309088790,7616983,KSQ
1873,040610,KR7040610008,SG&G,KOSDAQ,중견기업부,3185,2,-10,-0.31,3220,3220,3090,58043,183260350,54283859630,17043598,KSQ
1874,217500,KR7217500008,러셀,KOSDAQ,벤처기업부,1704,1,14,0.83,1690,1748,1622,79984,136176541,54207648000,31812000,KSQ
1875,476040,KR7476040001,오가노이드사이언스,KOSDAQ,기술성장기업부,8230,2,-180,-2.14,8470,8680,8070,23454,193844900,54200804800,6585760,KSQ
1876,002140,KR7002140002,고려산업,KOSPI,,2165,1,15,0.7,2135,2200,2090,1098730,2354355702,53993855125,24939425,STK
1877,046210,KR7046210001,HLB파나진,KOSDAQ,벤처기업부,1185,1,9,0.77,1176,1209,1166,92602,109963512,53950632600,45527960,KSQ
1878,060570,KR7060570009,드림어스컴퍼니,KOSDAQ,중견기업부,728,0,0,0.0,0,0,0,0,0,53945945144,74101573,KSQ
1879,081180,KR7081180002,쎄크,KOSDAQ,기술성장기업부,6110,1,190,3.21,6110,6140,5830,30794,185258670,53924018850,8825535,KSQ
1880,123700,KR7123700007,SJM,KOSPI,,3450,1,30,0.88,3405,3455,3400,10562,36172186,53836898100,15604898,STK
1881,314140,KR7314140005,알피바이오,KOSDAQ,우량기업부,6200,2,-110,-1.74,6310,6570,6080,80932,507816140,53731438200,8666361,KSQ
1882,463480,KR7463480004,모티브링크,KOSDAQ,중견기업부,4335,1,30,0.7,4315,4605,4250,37114,164725855,53712201930,12390358,KSQ
1883,299660,KR7299660001,셀리드,KOSDAQ,기술성장기업부,1820,2,-98,-5.11,1937,1937,1785,468517,863289307,53695418140,29502977,KSQ
1884,054930,KR7054930003,유신,KOSDAQ,우량기업부,17870,2,-60,-0.33,17930,18290,17870,7623,137208470,53610000000,3000000,KSQ
1885,000950,KR7000950006,전방,KOSPI,,31900,3,0,0.0,31550,32050,31500,1130,35704250,53592000000,1680000,STK
1886,033230,KR7033230004,인성정보,KOSDAQ,중견기업부,1060,1,91,9.39,970,1086,970,540870,559462206,53546302800,50515380,KSQ
1887,005305,KR7005301007,롯데칠성우,KOSPI,,69000,1,1000,1.47,68100,69000,68000,925,63241600,53496390000,775310,STK
1888,0013V0,KR70013V0002,삼진식품,KOSDAQ,중견기업부,5390,1,10,0.19,5340,5480,5280,29398,158451100,53461555840,9918656,KSQ
1889,101140,KR7101140002,인바이오젠,KOSPI,,5320,1,50,0.95,5270,5320,4855,3589,18743610,53435229120,10044216,STK
1890,136410,KR7136410008,아셈스,KOSDAQ,벤처기업부,4845,2,-105,-2.12,5000,5060,4720,10978,52996515,53387568570,11019106,KSQ
1891,024950,KR7024950008,삼천리자전거,KOSDAQ,중견기업부,4290,1,200,4.89,4080,4300,4080,89638,389471238,53196000000,12400000,KSQ
1892,260930,KR7260930003,씨티케이,KOSDAQ,중견기업부,2750,2,-90,-3.17,2820,2910,2720,50065,137940995,53189375250,19341591,KSQ
1893,006370,KR7006370001,대구백화점,KOSPI,,4915,1,405,8.98,4555,5100,4555,51007,246136622,53188218065,10821611,STK
1894,002410,KR7002410009,범양건영,KOSPI,,1935,0,0,0.0,0,0,0,0,0,53173451700,27479820,STK
1895,064240,KR7064240005,홈캐스트,KOSDAQ,벤처기업부,1530,2,-9,-0.58,1580,1588,1501,69759,106613032,53082204030,34694251,KSQ
1896,37550K,KR737550K011,DL이앤씨우,KOSPI,,25050,2,-50,-0.2,25100,25800,24700,4339,109367650,52952819250,2113885,STK
1897,004830,KR7004830006,덕성,KOSPI,,3375,1,50,1.5,3400,3400,3300,41928,140552590,52920000000,15680000,STK
1898,053050,KR7053050001,지에스이,KOSDAQ,우량기업부,1764,2,-19,-1.07,1795,1795,1757,56846,100291062,52898121108,29987597,KSQ
1899,025530,KR7025530007,SJM홀딩스,KOSPI,,3540,1,15,0.43,3525,3540,3490,11667,41027140,52866388320,14934008,STK
1900,024910,KR7024910002,경창산업,KOSDAQ,중견기업부,1475,1,44,3.07,1422,1529,1422,67896,101265655,52833032375,35819005,KSQ
1901,104620,KR7104620000,노랑풍선,KOSDAQ,중견기업부,3135,3,0,0.0,3195,3195,3125,15243,47998035,52701080520,16810552,KSQ
1902,294140,KR7294140009,레몬,KOSDAQ,관리종목(소속부없음),2115,1,65,3.17,2065,2120,1975,17769,36849943,52694840070,24914818,KSQ
1903,021050,KR7021050000,서원,KOSPI,,1109,1,56,5.32,1053,1150,1020,982147,1073500742,52649320310,47474590,STK
1904,048770,KR7048770002,TPC로보틱스,KOSDAQ,벤처기업부,3350,3,0,0.0,3345,3520,3280,193832,657239180,52588269850,15697991,KSQ
1905,039240,KR7039240007,경남스틸,KOSDAQ,우량기업부,1942,1,2,0.1,1937,1957,1921,38969,75480145,52394390968,26979604,KSQ
1906,317690,KR7317690006,퀀타매트릭스,KOSDAQ,기술성장기업부,2595,2,-105,-3.89,2670,2780,2540,95626,249766410,52250400255,20135029,KSQ
1907,053450,KR7053450003,세코닉스,KOSDAQ,우량기업부,3530,2,-15,-0.42,3540,3585,3465,95988,337143215,52218594590,14792803,KSQ
1908,372910,KR7372910000,한컴라이프케어,KOSPI,,1885,1,82,4.55,1850,2030,1850,1065718,2057804356,52166255310,27674406,STK
1909,340810,KR7340810001,시선AI,KOSDAQ,기술성장기업부,3820,1,195,5.38,3600,3870,3600,312838,1178232255,52123808320,13644976,KSQ
1910,35320K,KR735320K011,대덕전자1우,KOSPI,,24800,1,400,1.64,24550,24850,23700,10069,243576275,51968871200,2095519,STK
1911,311690,KR7311690002,CJ 바이오사이언스,KOSDAQ,기술성장기업부,3975,2,-75,-1.85,4040,4070,3935,9087,36327620,51935211450,13065462,KSQ
1912,001550,KR7001550003,조비,KOSPI,,9980,1,120,1.22,9860,10020,9750,8892,87873230,51818545220,5192239,STK
1913,198080,KR7198080004,캐프,KOSDAQ,우량기업부,2400,1,30,1.27,2370,2400,2330,19969,47203075,51684444000,21535185,KSQ
1914,037950,KR7037950003,엘컴텍,KOSDAQ,중견기업부,3060,2,-10,-0.33,3070,3180,2950,36969,113609985,51681879180,16889503,KSQ
1915,096610,KR7096610001,알에프세미,KOSDAQ,투자주의환기종목(소속부없음),2965,0,0,0.0,0,0,0,0,0,51550708615,17386411,KSQ
1916,009320,KR7009320003,아진전자부품,KOSPI,,1042,2,-22,-2.07,1026,1064,1026,79093,82466328,51370360340,49299770,STK
1917,376290,KR7376290003,씨유테크,KOSDAQ,벤처기업부,2905,1,20,0.69,2900,2940,2865,35217,102354325,51295037500,17657500,KSQ
1918,109080,KR7109080002,옵티시스,KOSDAQ,벤처기업부,9080,2,-50,-0.55,9130,9190,8910,6959,62934190,51174880000,5636000,KSQ
1919,291650,KR7291650000,츌립앤사이언스,KOSDAQ,기술성장기업부,1676,2,-40,-2.33,1726,1800,1625,30462,51712847,51150884796,30519621,KSQ
1920,019990,KR7019990001,에너토크,KOSDAQ,중견기업부,5240,3,0,0.0,5310,5310,5120,34417,179148940,51121901120,9756088,KSQ
1921,001620,KR7001620004,케이비아이동국실업,KOSPI,,2295,1,25,1.1,2270,2295,2225,15787,35509715,51083500770,22258606,STK
1922,317530,KR7317530004,에피소드컴퍼니,KOSDAQ,기술성장기업부,2915,1,30,1.04,2900,3000,2860,2766,8080080,50997581030,17494882,KSQ
1923,384470,KR7384470001,코어라인소프트,KOSDAQ,기술성장기업부,2840,2,-50,-1.73,2870,2870,2745,47230,131523070,50968605280,17946692,KSQ
1924,317850,KR7317850006,대모,KOSDAQ,벤처기업부,6080,1,30,0.5,6050,6150,5920,18388,110678930,50612473600,8324420,KSQ
1925,003780,KR7003780004,진양산업,KOSPI,,3890,2,-10,-0.26,3900,3920,3800,45003,173900987,50570000000,13000000,STK
1926,072470,KR7072470008,우리산업홀딩스,KOSDAQ,중견기업부,2675,1,70,2.69,2605,2675,2575,12023,31537315,50523637175,18887341,KSQ
1927,315640,KR7315640003,딥노이드,KOSDAQ,기술성장기업부,1719,2,-11,-0.64,1730,1771,1665,117720,199980250,50490866808,29372232,KSQ
1928,262260,KR7262260003,에이프로,KOSDAQ,우량기업부,3345,2,-40,-1.18,3385,3505,3310,56932,192335814,50434772700,15077660,KSQ
1929,393970,KR7393970009,대진첨단소재,KOSDAQ,관리종목(소속부없음),2825,0,0,0.0,0,0,0,0,0,50428566500,17850820,KSQ
1930,006980,KR7006980007,우성,KOSPI,,16310,2,-300,-1.81,16700,16960,16270,1941,31809050,50397900000,3090000,STK
1931,060560,KR7060560000,HC홈센타,KOSDAQ,중견기업부,1981,2,-18,-0.9,1999,1999,1954,17281,34007858,50293629981,25388001,KSQ
1932,28513K,KR728513K010,SK케미칼우,KOSPI,,23750,1,1400,6.26,22750,23750,22750,11433,268279950,50241438750,2115429,STK
1933,122310,KR7122310006,제노레이,KOSDAQ,우량기업부,3440,2,-35,-1.01,3500,3500,3405,4827,16693755,50065223360,14553844,KSQ
1934,256630,KR7256630005,포인트엔지니어링,KOSDAQ,벤처기업부,4315,2,-50,-1.15,4370,4370,4250,6291,27090295,50051471410,11599414,KSQ
1935,321260,KR7321260002,프로이천,KOSDAQ,벤처기업부,1775,2,-3,-0.17,1808,1808,1729,114539,202665468,50040949100,28192084,KSQ
1936,038010,KR7038010005,제일테크노스,KOSDAQ,우량기업부,5560,1,80,1.46,5540,5560,5410,7602,41605960,50040000000,9000000,KSQ
1937,004060,KR7004060000,SG세계물산,KOSPI,,2470,2,-20,-0.8,2525,2585,2460,247582,620091555,49998965120,20242496,STK
1938,145170,KR7145170007,노브랜드,KOSDAQ,중견기업부,2955,3,0,0.0,2985,3000,2890,22582,66979530,49964336775,16908405,KSQ
1939,053980,KR7053980009,오상자이엘,KOSDAQ,우량기업부,2630,1,15,0.57,2590,2630,2585,13295,34605827,49924719290,18982783,KSQ
1940,063440,KR7063440002,SM Life Design,KOSDAQ,중견기업부,1100,2,-10,-0.9,1119,1123,1095,134734,148821399,49851300400,45319364,KSQ
1941,317870,KR7317870004,엔바이오니아,KOSDAQ,기술성장기업부,5610,1,170,3.13,5600,5610,5410,15169,84107900,49603030950,8841895,KSQ
1942,004920,KR7004920005,씨아이테크,KOSPI,,939,1,22,2.4,935,955,921,171015,159504986,48996899808,52179872,STK
1943,440290,KR7440290005,HB인베스트먼트,KOSDAQ,중견기업부,1777,1,5,0.28,1770,1777,1754,58103,102537175,48878926110,27506430,KSQ
1944,084650,KR7084650001,랩지노믹스,KOSDAQ,관리종목(소속부없음),658,1,24,3.79,645,721,643,2202457,1492543539,48849913420,74239990,KSQ
1945,355690,KR7355690009,에이텀,KOSDAQ,기술성장기업부,5100,2,-60,-1.16,5170,5380,5100,127835,667911375,48808983900,9570389,KSQ
1946,461030,KR7461030009,아이엠비디엑스,KOSDAQ,기술성장기업부,3395,2,-105,-3.0,3575,3575,3350,9859,33648230,48665685215,14334517,KSQ
1947,219550,KR7219550001,디와이디,KOSDAQ,관리종목(소속부없음),1257,2,-36,-2.78,1310,1320,1257,32389,41406468,48612282792,38673256,KSQ
1948,094970,KR7094970001,제이엠티,KOSDAQ,벤처기업부,2900,2,-290,-9.09,3190,3190,2830,484143,1441208270,48569896000,16748240,KSQ
1949,011000,KR7011000007,진원생명과학,KOSPI,,2670,0,0,0.0,0,0,0,0,0,48531471270,18176581,STK
1950,105760,KR7105760003,포스뱅크,KOSDAQ,우량기업부,4760,2,-25,-0.52,4745,4785,4695,56775,268928419,48508622120,10190887,KSQ
1951,066130,KR7066130006,하츠,KOSDAQ,우량기업부,3785,1,15,0.4,3790,3800,3700,19806,74679292,48448000000,12800000,KSQ
1952,099410,KR7099410003,동방선기,KOSDAQ,벤처기업부,3460,1,315,10.02,3360,3800,3325,401002,1404789500,48440000000,14000000,KSQ
1953,041650,KR7041650003,상신브레이크,KOSPI,,2250,1,25,1.12,2210,2250,2175,8982,19805733,48310762500,21471450,STK
1954,382150,KR7382150001,온코크로스,KOSDAQ,기술성장기업부,3700,2,-105,-2.76,3875,3900,3670,32733,121743440,48271509800,13046354,KSQ
1955,002920,KR7002920007,유성기업,KOSPI,,1860,2,-15,-0.8,1876,1877,1839,31423,58492000,48262350000,25947500,STK
1956,006125,KR7006121008,SK디스커버리우,KOSPI,,39000,1,750,1.96,38300,39050,38250,1739,67324000,48036495000,1231705,STK
1957,340360,KR7340360007,다보링크,KOSDAQ,투자주의환기종목(소속부없음),922,3,0,0.0,941,943,859,435274,388039381,48001875784,52062772,KSQ
1958,227950,KR7227950003,엔투텍,KOSDAQ,벤처기업부,1391,1,141,11.28,1263,1625,1237,1762081,2613242691,48000918719,34508209,KSQ
1959,065130,KR7065130007,탑엔지니어링,KOSDAQ,중견기업부,2995,1,180,6.39,2825,3042,2825,126594,370250572,47931980000,16004000,KSQ
1960,072990,KR7072990005,에이치시티,KOSDAQ,우량기업부,3305,2,-115,-3.36,3415,3450,3220,32572,107516895,47916570830,14498206,KSQ
1961,373200,KR7373200005,엑스플러스,KOSDAQ,벤처기업부,1913,1,91,4.99,1822,1969,1760,72275,135539776,47907712381,25043237,KSQ
1962,082660,KR7082660002,코스나인,KOSDAQ,관리종목(소속부없음),480,0,0,0.0,0,0,0,0,0,47827617120,99640869,KSQ
1963,009835,KR7009831009,한화솔루션우,KOSPI,,18550,2,-250,-1.33,18820,18850,18220,7242,133656650,47772723950,2575349,STK
1964,092780,KR7092780006,DYP,KOSPI,,3620,1,145,4.17,3475,3650,3425,25757,91376573,47669825200,13168460,STK
1965,418250,KR7418250007,시큐레터,KOSDAQ,관리종목(소속부없음),6550,0,0,0.0,0,0,0,0,0,47629012750,7271605,KSQ
1966,357250,KR7357250000,미래에셋맵스리츠,KOSPI,,1900,1,10,0.53,1901,1916,1880,45125,85412307,47490699500,24995105,STK
1967,480370,KR7480370006,씨케이솔루션,KOSPI,,1458,2,-54,-3.57,1567,1619,1412,244085,373184464,47357892864,32481408,STK
1968,051390,KR7051390003,YW,KOSDAQ,중견기업부,4165,1,75,1.83,4090,4200,4035,1757,7216035,47295107720,11355368,KSQ
1969,004910,KR7004910006,조광페인트,KOSPI,,3685,1,45,1.24,3640,3685,3600,9979,36256955,47168000000,12800000,STK
1970,023440,KR7023440001,제이스코홀딩스,KOSDAQ,관리종목(소속부없음),521,0,0,0.0,0,0,0,0,0,46964378481,90142761,KSQ
1971,189980,KR7189980006,흥국에프엔비,KOSDAQ,우량기업부,1168,1,5,0.43,1163,1172,1140,13424,15551729,46880981936,40137827,KSQ
1972,413640,KR7413640004,비아이매트릭스,KOSDAQ,벤처기업부,6500,2,-30,-0.46,6440,6570,6330,9149,58743600,46845110000,7206940,KSQ
1973,479960,KR7479960007,위너스일렉,KOSDAQ,중견기업부,6570,1,70,1.08,6450,6580,6450,4824,31380270,46817820000,7126000,KSQ
1974,050120,KR7050120005,ES큐브,KOSDAQ,중견기업부,3450,1,165,5.02,3285,3495,3200,19229,64173211,46796096700,13564086,KSQ
1975,003080,KR7003080009,SB성보,KOSPI,,2335,1,10,0.43,2340,2340,2320,16459,38328045,46746700000,20020000,STK
1976,180060,KR7180060006,탑선,KONEX,일반기업부,4990,1,15,0.3,5000,5090,4900,825,4084050,46644853340,9347666,KNX
1977,471820,KR7471820001,셀로맥스사이언스,KOSDAQ,벤처기업부,4120,1,10,0.24,4255,4255,4020,1113,4565135,46567861480,11302879,KSQ
1978,361570,KR7361570005,알비더블유,KOSDAQ,중견기업부,1615,1,135,9.12,1480,1619,1474,209466,328036573,46420414965,28743291,KSQ
1979,112190,KR7112190004,KC산업,KONEX,일반기업부,1299,1,2,0.15,1299,1299,1299,1,1299,46347627633,35679467,KNX
1980,069460,KR7069460004,대호에이엘,KOSPI,,2660,0,0,0.0,0,0,0,0,0,46322277400,17414390,STK
1981,163280,KR7163280001,에어레인,KOSDAQ,기술성장기업부,3395,2,-5,-0.15,3450,3465,3345,36855,124790971,46182449810,13603078,KSQ
1982,460470,KR7460470008,아이빔테크놀로지,KOSDAQ,기술성장기업부,3050,3,0,0.0,3050,3080,2990,18490,55807755,46114078500,15119370,KSQ
1983,143540,KR7143540003,영우디에스피,KOSDAQ,벤처기업부,1031,1,4,0.39,1027,1039,1018,98446,100780058,45982491745,44599895,KSQ
1984,007680,KR7007680002,대원,KOSDAQ,중견기업부,3475,1,5,0.14,3500,3695,3470,13779,48647460,45949014550,13222738,KSQ
1985,008420,KR7008420002,문배철강,KOSPI,,2240,1,10,0.45,2250,2255,2205,28113,62561824,45927851200,20503505,STK
1986,000910,KR7000910000,유니온,KOSPI,,2940,1,5,0.17,2995,2995,2930,14691,43343241,45898159860,15611619,STK
1987,189860,KR7189860000,서전기전,KOSDAQ,벤처기업부,4720,2,-170,-3.48,4980,4985,4665,148296,711711106,45778241600,9698780,KSQ
1988,004540,KR7004540001,깨끗한나라,KOSPI,,1229,2,-3,-0.24,1232,1232,1208,44745,54501342,45768811697,37240693,STK
1989,286750,KR7286750005,나노실리칸첨단소재,KOSDAQ,투자주의환기종목(소속부없음),1425,0,0,0.0,0,0,0,0,0,45641121225,32028857,KSQ
1990,004410,KR7004410007,서울식품,KOSPI,,1151,1,29,2.58,1139,1174,1122,271662,312091455,45412719963,39455013,STK
1991,089790,KR7089790000,제이티,KOSDAQ,벤처기업부,4400,1,125,2.92,4275,4480,4240,58121,253740509,45388257200,10315513,KSQ
1992,042040,KR7042040006,케이피엠테크,KOSDAQ,중견기업부,5230,2,-70,-1.32,5270,5350,5070,18965,97745360,45349282930,8670991,KSQ
1993,0010V0,KR70010V0005,제이피아이헬스케어,KOSDAQ,벤처기업부,8880,2,-480,-5.13,9420,9420,8860,8952,80887830,45335952000,5105400,KSQ
1994,159580,KR7159580000,제로투세븐,KOSDAQ,중견기업부,2260,1,20,0.89,2240,2285,2195,23943,53473425,45273757360,20032636,KSQ
1995,307280,KR7307280008,원바이오젠,KOSDAQ,벤처기업부,6380,1,290,4.76,6090,6570,5960,58710,375193900,45263720260,7094627,KSQ
1996,127710,KR7127710002,아시아경제,KOSDAQ,중견기업부,1027,1,10,0.98,1027,1027,1004,13449,13712817,45238538670,44049210,KSQ
1997,114450,KR7114450000,그린생명과학,KOSDAQ,벤처기업부,2260,2,-5,-0.22,2290,2290,2180,85573,190634615,45200000000,20000000,KSQ
1998,162120,KR7162120000,루켄테크놀러지스,KONEX,일반기업부,4050,1,5,0.12,4050,4165,3880,7307,29372080,45184238100,11156602,KNX
1999,466410,KR7466410008,사이냅소프트,KOSDAQ,벤처기업부,8970,2,-80,-0.88,9000,9090,8790,7767,69644500,45182096310,5037023,KSQ
2000,005030,KR7005030002,부산주공,KOSPI,,486,0,0,0.0,0,0,0,0,0,45092532168,92782988,STK
2001,023350,KR7023350002,한국종합기술,KOSPI,,4110,1,75,1.86,4035,4120,3995,18868,76634784,45004500000,10950000,STK
2002,088280,KR7088280003,쏘닉스,KOSDAQ,기술성장기업부,2600,2,-100,-3.7,2700,2830,2565,42789,113732442,44996874000,17306490,KSQ
2003,424980,KR7424980001,마이크로투나노,KOSDAQ,기술성장기업부,7600,1,200,2.7,7400,7740,7300,8514,63345630,44983564000,5918890,KSQ
2004,222420,KR7222420002,쎄노텍,KOSDAQ,벤처기업부,928,2,-14,-1.49,940,955,912,106755,98523755,44932389344,48418523,KSQ
2005,263020,KR7263020000,디케이앤디,KOSDAQ,벤처기업부,3245,1,155,5.02,3200,3300,3150,249478,807461926,44898293770,13836146,KSQ
2006,074610,KR7074610007,이엔플러스,KOSPI,,5110,0,0,0.0,0,0,0,0,0,44815400070,8770137,STK
2007,026940,KR7026940007,부국철강,KOSPI,,2230,2,-25,-1.11,2250,2255,2165,489103,1080795237,44600000000,20000000,STK
2008,224110,KR7224110007,에이텍모빌리티,KOSDAQ,벤처기업부,8770,2,-130,-1.46,8920,8920,8500,12100,104611150,44554985220,5080386,KSQ
2009,084870,KR7084870005,TBH글로벌,KOSPI,,2175,3,0,0.0,2180,2195,2105,80322,173344450,44496706800,20458256,STK
2010,238120,KR7238120000,얼라인드,KOSDAQ,기술성장기업부,3125,2,-40,-1.26,3175,3210,3080,5300,16607215,44432106250,14218274,KSQ
2011,196300,KR7196300008,HLB펩,KOSDAQ,관리종목(소속부없음),4735,3,0,0.0,4730,4845,4595,17232,81311620,44397438665,9376439,KSQ
2012,278650,KR7278650007,HLB바이오스텝,KOSDAQ,중견기업부,2540,1,90,3.67,2565,2625,2465,61307,155324385,44278285840,17432396,KSQ
2013,014910,KR7014910004,성문전자,KOSPI,,2025,1,100,5.19,1950,2050,1893,365113,723851208,44260945425,21857257,STK
2014,007110,KR7007110000,일신석재,KOSPI,,571,2,-93,-14.01,600,632,500,4982802,2763919260,44227724310,77456610,STK
2015,129890,KR7129890000,앱코,KOSDAQ,벤처기업부,970,2,-7,-0.72,977,985,965,72452,70454777,44179233940,45545602,KSQ
2016,288330,KR7288330004,파라택시스코리아,KOSDAQ,관리종목(소속부없음),416,0,0,0.0,0,0,0,0,0,44129674368,106080948,KSQ
2017,052790,KR7052790003,액토즈소프트,KOSDAQ,중견기업부,4030,1,20,0.5,4015,4135,3980,53891,217116713,44025924410,10924547,KSQ
2018,011330,KR7011330008,유니켐,KOSPI,,4865,1,10,0.21,4860,5100,4805,289597,1423425445,43876379295,9018783,STK
2019,481850,KR7481850006,신한글로벌액티브리츠,KOSPI,,1009,1,4,0.4,998,1017,997,30470,30545856,43868962976,43477664,STK
2020,150900,KR7150900009,파수AI,KOSDAQ,벤처기업부,3745,1,45,1.22,3700,3810,3605,26609,97659585,43831187890,11703922,KSQ
2021,190650,KR7190650002,코리아에셋투자증권,KOSDAQ,우량기업부,6860,1,70,1.03,6800,6960,6770,15042,103255990,43821680000,6388000,KSQ
2022,068330,KR7068330000,일신바이오,KOSDAQ,중견기업부,990,1,12,1.23,998,1018,976,118191,117180892,43773978600,44216140,KSQ
2023,352910,KR7352910004,오비고,KOSDAQ,기술성장기업부,3460,2,-45,-1.28,3505,3695,3450,7623,26536750,43726794920,12637802,KSQ
2024,290670,KR7290670009,대보마그네틱,KOSDAQ,중견기업부,5550,2,-150,-2.63,5750,5880,5470,11512,64756170,43610013000,7857660,KSQ
2025,065500,KR7065500001,오리엔트정공,KOSDAQ,중견기업부,1220,1,19,1.58,1201,1225,1194,65247,78778017,43606352640,35742912,KSQ
2026,025880,KR7025880006,케이씨피드,KOSDAQ,우량기업부,2605,2,-20,-0.76,2630,2640,2590,32128,84197945,43544810090,16715858,KSQ
2027,900250,KYG2115T1076,크리스탈신소재,KOSDAQ,외국기업(소속부없음),1215,1,5,0.41,1195,1244,1195,140158,169244015,43515226215,35815001,KSQ
2028,073110,KR7073110009,엘엠에스,KOSDAQ,벤처기업부,4890,2,-55,-1.11,4850,5000,4850,889,4349610,43500241950,8895755,KSQ
2029,082850,KR7082850009,우리바이오,KOSDAQ,중견기업부,897,0,0,0.0,0,0,0,0,0,43465550466,48456578,KSQ
2030,246690,KR7246690002,TS인베스트먼트,KOSDAQ,중견기업부,1826,1,31,1.73,1820,1828,1761,66382,119058233,43418945724,23778174,KSQ
2031,011390,KR7011390002,부산산업,KOSPI,,41100,1,400,0.98,40450,41250,40000,1284,52195700,43401600000,1056000,STK
2032,153460,KR7153460001,네이블,KOSDAQ,중견기업부,6630,1,210,3.27,6450,6670,6350,6998,45192900,43293992820,6530014,KSQ
2033,105550,KR7105550008,엣지파운드리,KOSDAQ,중견기업부,2735,2,-615,-18.36,3680,3820,2590,1757392,5163961639,42833956350,15661410,KSQ
2034,234100,KR7234100006,폴라리스세원,KOSDAQ,우량기업부,2930,1,40,1.38,2870,2940,2770,23276,66234190,42782793480,14601636,KSQ
2035,059100,KR7059100008,아이컴포넌트,KOSDAQ,벤처기업부,6050,1,30,0.5,6100,6100,5900,15155,90492710,42778703000,7070860,KSQ
2036,083550,KR7083550004,케이엠,KOSDAQ,중견기업부,3155,1,155,5.17,3000,3155,2990,35640,110629020,42769700575,13556165,KSQ
2037,450330,KR7450330006,하스,KOSDAQ,기술성장기업부,5220,1,50,0.97,5200,5350,5090,9901,51688210,42735320460,8186843,KSQ
2038,261520,KR7261520001,이지스,KOSDAQ,기술성장기업부,4155,2,-45,-1.07,4300,4310,4085,16499,68459135,42704259000,10277800,KSQ
2039,042940,KR7042940007,상지건설,KOSDAQ,중견기업부,6240,2,-110,-1.73,6360,6500,6160,79498,500091110,42611162880,6828712,KSQ
2040,038060,KR7038060000,루멘스,KOSDAQ,중견기업부,885,2,-37,-4.01,934,948,863,568763,508481699,42571216065,48103069,KSQ
2041,017180,KR7017180001,명문제약,KOSPI,,1253,1,9,0.72,1250,1275,1234,88349,110693159,42543677862,33953454,STK
2042,104200,KR7104200001,NHN벅스,KOSDAQ,중견기업부,2865,2,-20,-0.69,2890,3000,2800,76968,220317703,42480930750,14827550,KSQ
2043,229000,KR7229000005,젠큐릭스,KOSDAQ,기술성장기업부,1813,2,-27,-1.47,1880,1880,1780,60242,110105090,42475263145,23428165,KSQ
2044,014190,KR7014190003,원익큐브,KOSDAQ,우량기업부,1200,1,11,0.93,1200,1203,1129,49784,58884354,42474085200,35395071,KSQ
2045,038070,KR7038070009,서린바이오,KOSDAQ,중견기업부,4560,2,-70,-1.51,4680,4680,4560,7837,36000407,42411082560,9300676,KSQ
2046,056700,KR7056700008,신화인터텍,KOSDAQ,중견기업부,1453,1,1,0.07,1452,1460,1433,12402,17914031,42333287223,29135091,KSQ
2047,273060,KR7273060004,와이즈버즈,KOSDAQ,중견기업부,859,2,-31,-3.48,900,900,846,96886,83706059,42214936520,49144280,KSQ
2048,189690,KR7189690001,포시에스,KOSDAQ,벤처기업부,1544,1,5,0.32,1545,1545,1510,15936,24324012,42185120136,27321969,KSQ
2049,037230,KR7037230000,한국팩키지,KOSDAQ,우량기업부,1415,2,-1,-0.07,1427,1444,1398,49669,69995495,42167462705,29800327,KSQ
2050,065440,KR7065440000,이루온,KOSDAQ,벤처기업부,1546,2,-21,-1.34,1556,1600,1519,123636,190857795,42167180920,27275020,KSQ
2051,218150,KR7218150001,미래생명자원,KOSDAQ,벤처기업부,2065,2,-90,-4.18,2155,2155,2040,348475,725271315,42158631130,20415802,KSQ
2052,219420,KR7219420007,링크제니시스,KOSDAQ,기술성장기업부,3675,1,70,1.94,3605,3700,3570,28365,102982095,42150438225,11469507,KSQ
2053,043340,KR7043340009,에쎈테크,KOSDAQ,중견기업부,886,1,1,0.11,886,920,873,67352,59628870,42085000000,47500000,KSQ
2054,296160,KR7296160005,프로젠,KONEX,일반기업부,2735,2,-45,-1.62,2760,2760,2630,4143,11050245,42050841065,15375079,KNX
2055,122690,KR7122690001,서진오토모티브,KOSDAQ,중견기업부,1821,1,49,2.77,1751,1890,1751,112135,205971713,42027161286,23079166,KSQ
2056,373160,KR7373160001,데이원컴퍼니,KOSDAQ,기술성장기업부,3040,2,-25,-0.82,3035,3090,3035,12665,38543690,41974705760,13807469,KSQ
2057,123010,KR7123010001,알엔티엑스,KOSDAQ,기술성장기업부,2070,2,-5,-0.24,2065,2085,1992,82942,168913841,41846637690,20215767,KSQ
2058,011420,KR7011420007,갤럭시아에스엠,KOSPI,,1515,1,23,1.54,1492,1521,1490,46253,69789169,41737710660,27549644,STK
2059,008870,KR7008870008,금비,KOSPI,,41550,1,100,0.24,41700,41750,40900,404,16693400,41550000000,1000000,STK
2060,171010,KR7171010002,램테크놀러지,KOSDAQ,벤처기업부,2905,1,15,0.52,2945,2945,2840,7697,22204140,41537874560,14298752,KSQ
2061,199550,KR7199550005,레이저옵텍,KOSDAQ,벤처기업부,2790,1,385,16.01,2495,2850,2450,447928,1205284963,41419756890,14845791,KSQ
2062,140520,KR7140520008,대창스틸,KOSDAQ,중견기업부,1962,1,2,0.1,1960,1974,1956,25917,50881898,41416334766,21109243,KSQ
2063,263810,KR7263810004,상신전자,KOSDAQ,중견기업부,2600,2,-30,-1.14,2625,2670,2585,18546,48313192,41404545000,15924825,KSQ
2064,134790,KR7134790005,시디즈,KOSPI,,20700,2,-450,-2.13,21100,21250,19970,1289,27118590,41400000000,2000000,STK
2065,019490,KR7019490002,엑시큐어하이트론,KOSPI,,541,0,0,0.0,0,0,0,0,0,41349858070,76432270,STK
2066,000890,KR7000890004,보해양조,KOSPI,,1484,2,-9,-0.6,1487,1500,1430,365255,534231073,40994053100,27624025,STK
2067,057540,KR7057540007,옴니시스템,KOSDAQ,관리종목(소속부없음),690,1,8,1.17,683,735,671,639380,444286971,40982044920,59394268,KSQ
2068,277070,KR7277070009,린드먼아시아,KOSDAQ,중견기업부,2990,2,-20,-0.66,3090,3090,2980,3150,9482000,40939080000,13692000,KSQ
2069,052220,KR7052220001,iMBC,KOSDAQ,중견기업부,1779,1,8,0.45,1771,1830,1766,22670,40455013,40917000000,23000000,KSQ
2070,002290,KR7002290005,삼일기업공사,KOSDAQ,우량기업부,3295,3,0,0.0,3300,3310,3275,10216,33578635,40858000000,12400000,KSQ
2071,060850,KR7060850005,영림원소프트랩,KOSDAQ,벤처기업부,5020,2,-140,-2.71,5160,5300,4950,29141,148175855,40817620000,8131000,KSQ
2072,049470,KR7049470008,비트플래닛,KOSDAQ,중견기업부,1728,1,62,3.72,1754,1754,1603,17654,29050790,40685585472,23544899,KSQ
2073,086060,KR7086060001,진바이오텍,KOSDAQ,중견기업부,4700,1,30,0.64,4600,4700,4500,16532,75988320,40469758900,8610587,KSQ
2074,178780,KR7178780003,일월지엠엘,KOSDAQ,벤처기업부,2170,2,-15,-0.69,2090,2185,2090,9056,19679643,40447053150,18639195,KSQ
2075,017040,KR7017040007,광명전기,KOSPI,,932,0,0,0.0,0,0,0,0,0,40390657180,43337615,STK
2076,000215,KR7000211003,DL우,KOSPI,,23900,1,450,1.92,23450,24000,23000,1134,26694750,40298148500,1686115,STK
2077,261200,KR7261200000,덴티스,KOSDAQ,중견기업부,2545,2,-35,-1.36,2585,2625,2420,99355,252602956,40235686500,15809700,KSQ
2078,049830,KR7049830003,승일,KOSDAQ,중견기업부,6550,3,0,0.0,6660,6660,6380,150,975630,40165333600,6132112,KSQ
2079,250000,KR7250000007,보라티알,KOSDAQ,우량기업부,5940,2,-30,-0.5,5990,5990,5840,4979,29362240,40099354020,6750733,KSQ
2080,122830,KR7122830003,원포유,KONEX,일반기업부,1220,1,65,5.63,1200,1240,1106,21223,25089815,39957421700,32751985,KNX
2081,044960,KR7044960003,이글벳,KOSDAQ,중견기업부,3160,1,10,0.32,3150,3180,3115,12157,38184285,39948350280,12641883,KSQ
2082,191600,KR7191600006,블루탑,KONEX,일반기업부,13970,1,980,7.54,14900,14900,11050,33,375260,39939224160,2858928,KNX
2083,299900,KR7299900001,위지윅스튜디오,KOSDAQ,중견기업부,233,0,0,0.0,0,0,0,0,0,39854389972,171048884,KSQ
2084,177900,KR7177900008,쓰리에이로직스,KOSDAQ,기술성장기업부,4135,2,-180,-4.17,4240,4365,4100,27788,116077425,39810126000,9627600,KSQ
2085,256150,KR7256150004,한독크린텍,KOSDAQ,벤처기업부,4740,1,110,2.38,4630,4790,4510,35742,168090575,39792300000,8395000,KSQ
2086,012280,KR7012280004,영화금속,KOSPI,,803,0,0,0.0,0,0,0,0,0,39768177515,49524505,STK
2087,258610,KR7258610005,케일럼,KOSDAQ,중견기업부,1088,1,47,4.51,1039,1119,1035,30029,31875389,39695748544,36485063,KSQ
2088,064090,KR7064090004,인크레더블버즈,KOSDAQ,관리종목(소속부없음),798,0,0,0.0,0,0,0,0,0,39694710510,49742745,KSQ
2089,446840,KR7446840001,지슨,KOSDAQ,기술성장기업부,3595,1,25,0.7,3595,3650,3480,30609,108349895,39604734520,11016616,KSQ
2090,215380,KR7215380007,콜마바이오텍,KOSDAQ,벤처기업부,2345,1,55,2.4,2300,2370,2235,58747,133474130,39465355720,16829576,KSQ
2091,032960,KR7032960007,동일기연,KOSDAQ,중견기업부,2240,1,75,3.46,2160,2255,2155,22572,49401345,39408264000,17592975,KSQ
2092,097870,KR7097870000,효성오앤비,KOSDAQ,중견기업부,4640,2,-15,-0.32,4655,4800,4590,15361,71127755,39393600000,8490000,KSQ
2093,002880,KR7002880003,디와이에이,KOSPI,,840,2,-17,-1.98,858,870,831,136897,115333186,39290155800,46773995,STK
2094,348080,KR7348080003,큐라티스,KOSDAQ,중견기업부,3060,1,5,0.16,3130,3400,2850,170503,531610911,39252924180,12827753,KSQ
2095,196450,KR7196450001,코아시아씨엠,KOSDAQ,중견기업부,866,1,23,2.73,849,880,836,60804,51923668,39247120000,45320000,KSQ
2096,051490,KR7051490001,나라엠앤디,KOSDAQ,우량기업부,2760,2,-40,-1.43,2805,2845,2750,7013,19459435,39192000000,14200000,KSQ
2097,101240,KR7101240000,씨큐브,KOSDAQ,우량기업부,3450,1,145,4.39,3290,3640,3215,255251,891222959,39181829400,11357052,KSQ
2098,066900,KR7066900002,디에이피,KOSDAQ,관리종목(소속부없음),1719,2,-1,-0.06,1750,1820,1707,3418,5943155,39097800657,22744503,KSQ
2099,393210,KR7393210000,토마토시스템,KOSDAQ,기술성장기업부,2500,3,0,0.0,2500,2530,2360,56850,140428140,39036360000,15614544,KSQ
2100,260660,KR7260660006,알리코제약,KOSDAQ,중견기업부,2545,3,0,0.0,2580,2580,2480,21875,54875635,39007268445,15327021,KSQ
2101,452200,KR7452200009,민테크,KOSDAQ,기술성장기업부,1599,1,6,0.38,1578,1615,1547,52708,82999044,38908147200,24332800,KSQ
2102,009460,KR7009460007,한창제지,KOSPI,,3260,1,5,0.15,3380,3380,3250,42518,139183265,38903200220,11933497,STK
2103,200580,KR7200580009,메디쎄이,KONEX,일반기업부,10440,1,160,1.56,10280,10440,10230,342,3534310,38900264760,3726079,KNX
2104,100660,KR7100660000,서암기계공업,KOSDAQ,중견기업부,3080,1,5,0.16,3075,3085,2980,23923,72731745,38808000000,12600000,KSQ
2105,290120,KR7290120005,DH오토리드,KOSDAQ,중견기업부,2450,1,50,2.08,2380,2460,2335,14995,35731615,38771683650,15825177,KSQ
2106,321820,KR7321820003,아티스트컴퍼니,KOSDAQ,기술성장기업부,2485,2,-35,-1.39,2590,2590,2460,13247,33003274,38744569360,15591376,KSQ
2107,047400,KR7047400007,유니온머티리얼,KOSPI,,917,1,8,0.88,911,923,875,130933,118128278,38514000000,42000000,STK
2108,263770,KR7263770000,유에스티,KOSDAQ,우량기업부,1625,1,14,0.87,1635,1635,1610,2798,4540368,38512779500,23700172,KSQ
2109,145270,KR7145270005,케이탑리츠,KOSPI,,801,1,1,0.13,809,809,795,9355,7459181,38496679974,48060774,STK
2110,019770,KR7019770007,서연탑메탈,KOSDAQ,우량기업부,3300,1,30,0.92,3265,3305,3245,2949,9714250,38445000000,11650000,KSQ
2111,012160,KR7012160008,영흥,KOSPI,,2460,2,-115,-4.47,2540,2690,2415,104943,267540260,38426929380,15620703,STK
2112,446070,KR7446070005,유니드비티플러스,KOSPI,,3620,1,55,1.54,3605,3625,3555,37964,136193017,38412598300,10611215,STK
2113,221980,KR7221980006,케이디켐,KOSDAQ,우량기업부,9470,1,10,0.11,9460,9470,9340,527,4938430,38209556000,4034800,KSQ
2114,035460,KR7035460005,기산텔레콤,KOSDAQ,벤처기업부,2560,1,190,8.02,2380,2595,2330,391552,977778932,38196070400,14920340,KSQ
2115,081580,KR7081580003,성우전자,KOSDAQ,중견기업부,2455,2,-5,-0.2,2460,2485,2435,17875,43711630,38072491065,15508143,KSQ
2116,014570,KR7014570006,고려제약,KOSDAQ,중견기업부,3450,2,-45,-1.29,3495,3510,3410,14313,49551675,37950000000,11000000,KSQ
2117,221840,KR7221840002,하이즈항공,KOSDAQ,중견기업부,2020,1,15,0.75,2005,2095,1950,43438,87364685,37775133220,18700561,KSQ
2118,046310,KR7046310009,백금T&A,KOSDAQ,우량기업부,2300,1,10,0.44,2250,2300,2245,39484,90045954,37762874300,16418641,KSQ
2119,027740,KR7027740000,마니커,KOSPI,,1189,2,-1,-0.08,1190,1205,1167,84607,100123532,37757425046,31755614,STK
2120,090410,KR7090410002,덕신이피씨,KOSDAQ,우량기업부,819,0,0,0.0,0,0,0,0,0,37742873805,46084095,KSQ
2121,352700,KR7352700009,씨앤투스,KOSDAQ,벤처기업부,1434,1,14,0.99,1420,1435,1419,36851,52607411,37681073166,26276899,KSQ
2122,050860,KR7050860006,아세아텍,KOSDAQ,우량기업부,1673,1,8,0.48,1687,1687,1659,13122,21941748,37642500000,22500000,KSQ
2123,023960,KR7023960008,에쓰씨엔지니어링,KOSPI,,987,1,2,0.2,985,989,974,27463,27007893,37541507325,38035975,STK
2124,006920,KR7006920003,모헨즈,KOSDAQ,중견기업부,3435,1,10,0.29,3425,3475,3355,79780,270695345,37510200000,10920000,KSQ
2125,184230,KR7184230001,SGA솔루션즈,KOSDAQ,벤처기업부,1984,1,6,0.3,1978,2015,1964,20220,40253783,37473750336,18887979,KSQ
2126,033540,KR7033540006,파라텍,KOSDAQ,중견기업부,3585,2,-350,-8.89,4300,4300,3415,193565,710430942,37460618610,10449266,KSQ
2127,263700,KR7263700007,케어랩스,KOSDAQ,중견기업부,1926,2,-12,-0.62,1932,1935,1911,8447,16232736,37391749200,19414200,KSQ
2128,432430,KR7432430007,와이랩,KOSDAQ,기술성장기업부,2265,2,-30,-1.31,2300,2340,2250,9158,20696515,37391344800,16508320,KSQ
2129,049800,KR7049800006,우진플라임,KOSPI,,1869,1,35,1.91,1850,1871,1817,30684,56855812,37380000000,20000000,STK
2130,369370,KR7369370002,블리츠웨이엔터테인먼트,KOSDAQ,벤처기업부,3730,2,-60,-1.58,3675,3790,3660,8355,30951291,37204444860,9974382,KSQ
2131,270870,KR7270870009,뉴트리,KOSDAQ,중견기업부,4135,2,-40,-0.96,4185,4225,4060,13553,55526425,37193688210,8994846,KSQ
2132,186230,KR7186230009,그린플러스,KOSDAQ,벤처기업부,3400,2,-45,-1.31,3360,3435,3255,14713,49154168,37128639200,10920188,KSQ
2133,204020,KR7204020002,그리티,KOSDAQ,우량기업부,1903,2,-4,-0.21,1852,1935,1852,13219,25264066,37014933296,19450832,KSQ
2134,133820,KR7133820001,화인베스틸,KOSPI,,997,1,10,1.01,1005,1038,991,55828,56058035,37003158494,37114502,STK
2135,089140,KR7089140008,넥스턴앤롤코리아,KOSDAQ,벤처기업부,2415,2,-5,-0.21,2390,2535,2380,59481,144963290,36988705110,15316234,KSQ
2136,101670,KR7101670008,하이드로리튬,KOSDAQ,중견기업부,651,2,-32,-4.69,686,728,642,2631289,1765625686,36961948737,56777187,KSQ
2137,086040,KR7086040003,바이오톡스텍,KOSDAQ,벤처기업부,2315,1,25,1.09,2310,2325,2205,16612,37524280,36943341805,15958247,KSQ
2138,045510,KR7045510005,정원엔시스,KOSDAQ,중견기업부,1171,1,65,5.88,1142,1172,1082,154923,175083002,36863029647,31479957,KSQ
2139,072770,KR7072770001,멤레이비티,KOSDAQ,중견기업부,888,1,128,16.84,753,977,753,2013820,1842509645,36862743024,41512098,KSQ
2140,127980,KR7127980001,화인써키트,KOSDAQ,중견기업부,3110,2,-35,-1.11,3240,3240,3020,5291,16277610,36824527240,11840684,KSQ
2141,043910,KR7043910009,자연과환경,KOSDAQ,벤처기업부,3245,1,50,1.56,3210,3310,3175,23029,74009075,36795525525,11339145,KSQ
2142,003680,KR7003680006,한성기업,KOSPI,,5900,2,-300,-4.84,6210,6610,5860,522580,3224822575,36636138500,6209515,STK
2143,123570,KR7123570004,이엠넷,KOSDAQ,중견기업부,1639,1,2,0.12,1648,1648,1613,18490,29992830,36510491842,22276078,KSQ
2144,208710,KR7208710004,포톤,KOSDAQ,중견기업부,2765,1,35,1.28,2730,2870,2665,167853,461587203,36443064980,13180132,KSQ
2145,317240,KR7317240000,TS트릴리온,KOSDAQ,벤처기업부,1245,1,25,2.05,1217,1246,1184,121795,148027374,36325005195,29176711,KSQ
2146,226330,KR7226330009,신테카바이오,KOSDAQ,기술성장기업부,1497,2,-74,-4.71,1560,1588,1493,213856,325767142,36314937075,24258475,KSQ
2147,305090,KR7305090003,마이크로디지탈,KOSDAQ,기술성장기업부,1950,1,124,6.79,1837,1966,1814,131191,247126877,36310659450,18620851,KSQ
2148,057030,KR7057030009,YBM넷,KOSDAQ,중견기업부,2220,2,-5,-0.22,2290,2290,2130,34407,74742665,36214187340,16312697,KSQ
2149,397810,KR7397810003,애드포러스,KOSDAQ,벤처기업부,7000,1,310,4.63,6700,7050,6500,61486,424955080,36125390000,5160770,KSQ
2150,365590,KR7365590009,하이딥,KOSDAQ,기술성장기업부,978,2,-39,-3.83,1021,1022,969,130371,128532688,36004629900,36814550,KSQ
2151,024120,KR7024120008,KB오토시스,KOSDAQ,중견기업부,3130,1,20,0.64,3090,3170,3090,7341,22896865,35995000000,11500000,KSQ
2152,475460,KR7475460002,미트박스,KOSDAQ,벤처기업부,6370,1,100,1.59,6350,6450,6200,13324,84059220,35968364250,5646525,KSQ
2153,284620,KR7284620002,카이노스메드,KOSDAQ,투자주의환기종목(소속부없음),1087,0,0,0.0,0,0,0,0,0,35965517911,33086953,KSQ
2154,026910,KR7026910000,광진실업,KOSDAQ,중견기업부,4535,2,-70,-1.52,4630,5200,4240,143731,659983028,35954958410,7928326,KSQ
2155,220180,KR7220180004,폴라리스AI핸디,KOSDAQ,벤처기업부,1500,1,2,0.13,1467,1508,1467,3496,5203219,35896263000,23930842,KSQ
2156,199480,KR7199480005,뱅크웨어글로벌,KOSDAQ,기술성장기업부,3520,1,230,6.99,3290,3570,3255,62464,216615951,35891989760,10196588,KSQ
2157,052600,KR7052600004,한네트,KOSDAQ,중견기업부,3100,1,5,0.16,3110,3125,3070,7163,22146320,35847470000,11563700,KSQ
2158,206400,KR7206400004,베노티앤알,KOSDAQ,중견기업부,954,1,27,2.91,927,967,906,54916,51386804,35784690732,37510158,KSQ
2159,045060,KR7045060001,오공,KOSDAQ,우량기업부,2110,1,15,0.72,2105,2200,2060,99733,211017925,35747565140,16941974,KSQ
2160,068940,KR7068940006,셀피글로벌,KOSDAQ,관리종목(소속부없음),778,0,0,0.0,0,0,0,0,0,35720093048,45912716,KSQ
2161,239890,KR7239890007,피엔에이치테크,KOSDAQ,기술성장기업부,3595,2,-25,-0.69,3510,3620,3510,2809,10044855,35719039225,9935755,KSQ
2162,080520,KR7080520000,오디텍,KOSDAQ,벤처기업부,3135,1,25,0.8,3090,3150,3050,3555,11078150,35495777295,11322417,KSQ
2163,200780,KR7200780005,비씨월드제약,KOSDAQ,중견기업부,3320,1,80,2.47,3240,3320,3140,12102,38494579,35409994520,10665661,KSQ
2164,173940,KR7173940008,에프엔씨엔터,KOSDAQ,중견기업부,2300,3,0,0.0,2295,2350,2210,16170,36199265,35403458400,15392808,KSQ
2165,046390,KR7046390001,삼화네트웍스,KOSDAQ,중견기업부,2050,1,5,0.24,2020,2105,2000,12807,25964950,35401804650,17269173,KSQ
2166,263050,KR7263050007,유틸렉스,KOSDAQ,관리종목(소속부없음),959,0,0,0.0,0,0,0,0,0,35324626904,36834856,KSQ
2167,064480,KR7064480007,브리지텍,KOSDAQ,벤처기업부,2955,1,35,1.2,2920,2970,2910,35594,104959375,35319637500,11952500,KSQ
2168,332290,KR7332290006,누보,KOSDAQ,벤처기업부,884,2,-1,-0.11,875,899,843,200453,175123197,35275493136,39904404,KSQ
2169,005820,KR7005820006,원림,KOSPI,,15350,1,400,2.68,14960,15350,14960,2858,43369700,35273839500,2297970,STK
2170,013000,KR7013000005,세우글로벌,KOSPI,,1228,2,-16,-1.29,1233,1261,1190,29975,36964925,35249778068,28705031,STK
2171,128540,KR7128540002,에코캡,KOSDAQ,우량기업부,1314,2,-1,-0.08,1286,1349,1286,19525,25463324,35071264440,26690460,KSQ
2172,318410,KR7318410008,비비씨,KOSDAQ,중견기업부,6310,1,170,2.77,6150,6480,5950,44774,282652460,35053583330,5555243,KSQ
2173,009140,KR7009140005,경인전자,KOSPI,,22300,2,-700,-3.04,23000,23750,21900,5899,132704900,35028773100,1570797,STK
2174,360350,KR7360350003,코셈,KOSDAQ,기술성장기업부,6440,1,50,0.78,6330,6530,6330,4331,27906940,35020526800,5437970,KSQ
2175,419120,KR7419120001,산돌,KOSDAQ,중견기업부,2460,2,-90,-3.53,2565,2565,2450,22306,55579850,34988798940,14223089,KSQ
2176,476080,KR7476080007,M83,KOSDAQ,중견기업부,4330,2,-110,-2.48,4370,4535,4235,95822,417205310,34973410000,8077000,KSQ
2177,000760,KR7000760009,이화산업,KOSPI,,12480,2,-90,-0.72,13280,13280,12300,824,10377370,34944000000,2800000,STK
2178,002420,KR7002420008,세기상사,KOSPI,,5850,2,-50,-0.85,5880,5990,5830,6128,36102110,34924195800,5969948,STK
2179,465480,KR7465480002,인스피언,KOSDAQ,벤처기업부,3430,2,-55,-1.58,3590,3590,3365,10109,34787873,34772557960,10137772,KSQ
2180,021650,KR7021650007,한국큐빅,KOSDAQ,중견기업부,2120,1,25,1.19,2100,2120,2070,785,1656728,34663193560,16350563,KSQ
2181,363250,KR7363250002,진시스템,KOSDAQ,기술성장기업부,4070,2,-5,-0.12,4095,4120,3995,9056,36727660,34629114740,8508382,KSQ
2182,318020,KR7318020005,포인트모바일,KOSDAQ,벤처기업부,2815,2,-125,-4.25,2990,3200,2720,113747,349053855,34628080680,12301272,KSQ
2183,208860,KR7208860007,다산디엠씨,KOSDAQ,벤처기업부,1018,1,18,1.8,1000,1030,977,85695,86128321,34561072514,33949973,KSQ
2184,078590,KR7078590007,휴림에이텍,KOSDAQ,중견기업부,3455,1,50,1.47,3460,4200,3415,911760,3458156393,34521734645,9991819,KSQ
2185,215090,KR7215090002,솔디펜스,KOSDAQ,벤처기업부,1489,1,19,1.29,1514,1517,1427,38540,56169252,34478779229,23155661,KSQ
2186,099220,KR7099220006,SDN,KOSDAQ,관리종목(소속부없음),547,2,-8,-1.44,556,580,540,847776,469709248,34430559450,62944350,KSQ
2187,007120,KR7007120009,미래아이앤지,KOSPI,,1255,2,-123,-8.93,1330,1410,1213,475622,621959803,34290508070,27323114,STK
2188,434480,KR7434480000,모니터랩,KOSDAQ,기술성장기업부,2785,1,85,3.15,2795,2810,2700,39257,108612615,34284185500,12310300,KSQ
2189,007530,KR7007530009,와이엠,KOSDAQ,중견기업부,1537,2,-31,-1.98,1568,1569,1536,19178,29738542,34204753047,22254231,KSQ
2190,133750,KR7133750000,메가엠디,KOSDAQ,중견기업부,1460,1,13,0.9,1450,1460,1425,6439,9381525,34174332420,23407077,KSQ
2191,004365,KR7004361002,세방우,KOSPI,,9260,1,70,0.76,9190,9260,9180,11541,106106890,34162455000,3689250,STK
2192,408900,KR7408900009,스튜디오미르,KOSDAQ,중견기업부,1043,2,-12,-1.14,1025,1073,1025,25700,26906758,34161304947,32752929,KSQ
2193,025440,KR7025440009,DH오토웨어,KOSDAQ,투자주의환기종목(소속부없음),3500,2,-50,-1.41,3510,3715,3445,7592,26842780,34146854000,9756244,KSQ
2194,075130,KR7075130005,플랜티넷,KOSDAQ,벤처기업부,2115,2,-20,-0.94,2120,2135,2050,43314,90459298,34098706800,16122320,KSQ
2195,351320,KR7351320007,넥사다이내믹스,KOSDAQ,중견기업부,1146,1,29,2.6,1122,1200,1089,506292,583778159,34034643732,29698642,KSQ
2196,464580,KR7464580000,닷밀,KOSDAQ,기술성장기업부,1835,2,-11,-0.6,1831,1984,1762,58312,108412467,33775173315,18406089,KSQ
2197,039290,KR7039290002,인포뱅크,KOSDAQ,중견기업부,3880,1,60,1.57,3820,3920,3705,10060,38701040,33732634640,8693978,KSQ
2198,203450,KR7203450002,유니온바이오메트릭스,KOSDAQ,벤처기업부,2395,2,-75,-3.04,2485,2500,2375,25823,61987260,33719221765,14079007,KSQ
2199,417860,KR7417860004,오브젠,KOSDAQ,벤처기업부,7150,1,10,0.14,7310,7350,7010,25293,180433250,33654377900,4706906,KSQ
2200,376980,KR7376980009,원티드랩,KOSDAQ,기술성장기업부,3445,1,100,2.99,3325,3460,3300,88897,301452795,33645227330,9766394,KSQ
2201,002870,KR7002870004,신풍,KOSPI,,962,2,-9,-0.93,970,973,940,124440,119079028,33630269400,34958700,STK
2202,143210,KR7143210003,핸즈코퍼레이션,KOSPI,,1199,0,0,0.0,0,0,0,0,0,33571739817,27999783,STK
2203,071850,KR7071850002,캐스텍코리아,KOSDAQ,투자주의환기종목(소속부없음),1382,1,9,0.66,1399,1399,1361,573,782378,33528616316,24260938,KSQ
2204,403360,KR7403360001,라피치,KONEX,일반기업부,8890,1,890,11.13,8300,8900,7800,7897,67916050,33494275150,3767635,KNX
2205,068050,KR7068050004,팬엔터테인먼트,KOSDAQ,중견기업부,1209,2,-3,-0.25,1198,1213,1180,27381,32753454,33482137884,27694076,KSQ
2206,148930,KR7148930001,에이치와이티씨,KOSDAQ,중견기업부,3290,2,-80,-2.37,3390,3405,3225,7641,25016240,33476450770,10175213,KSQ
2207,037370,KR7037370004,EG,KOSDAQ,벤처기업부,3880,2,-105,-2.63,3985,4030,3700,35773,137190814,33464891360,8624972,KSQ
2208,010400,KR7010400000,우진아이엔에스,KOSPI,,4390,2,-60,-1.35,4450,4555,4240,27898,122174520,33460580000,7622000,STK
2209,469750,KR7469750004,아이비젼웍스,KOSDAQ,벤처기업부,970,2,-33,-3.29,1003,1003,960,51665,50741471,33422786570,34456481,KSQ
2210,037330,KR7037330008,인지디스플레,KOSDAQ,관리종목(소속부없음),759,1,9,1.2,730,800,729,346220,262413793,33308885016,43885224,KSQ
2211,159910,KR7159910009,에코글로우,KOSDAQ,중견기업부,3175,2,-30,-0.94,3195,3205,3170,9734,30983651,33233032975,10467097,KSQ
2212,064520,KR7064520000,테크엘,KOSDAQ,중견기업부,1483,3,0,0.0,1482,1499,1440,2634,3874966,33146624946,22351062,KSQ
2213,364950,KR7364950006,에이아이코리아,KOSDAQ,벤처기업부,3995,2,-10,-0.25,3985,4055,3965,10774,43146790,33144297775,8296445,KSQ
2214,008470,KR7008470007,부스타,KOSDAQ,벤처기업부,1960,2,-70,-3.45,1995,1995,1797,188487,353228123,32946816000,16809600,KSQ
2215,452160,KR7452160005,제이엔비,KOSDAQ,중견기업부,3425,2,-40,-1.15,3575,3575,3370,2680,9159271,32940029975,9617527,KSQ
2216,495810,KR7495810004,유비씨,KONEX,일반기업부,13120,0,0,0.0,0,0,0,0,0,32800000000,2500000,KNX
2217,031510,KR7031510001,오스템,KOSDAQ,중견기업부,1171,1,1,0.09,1156,1184,1156,74953,88000437,32788000000,28000000,KSQ
2218,263920,KR7263920001,휴엠앤씨,KOSDAQ,중견기업부,3335,1,25,0.76,3375,3375,3310,1403,4672374,32713101710,9809026,KSQ
2219,089150,KR7089150007,케이씨티,KOSDAQ,벤처기업부,1900,2,-11,-0.58,1913,1922,1847,40425,75705289,32585000000,17150000,KSQ
2220,387570,KR7387570005,파인메딕스,KOSDAQ,기술성장기업부,5790,1,190,3.39,5480,5840,5410,15545,86421520,32573961000,5625900,KSQ
2221,0203K0,KR70203K0005,송우인포텍,KONEX,일반기업부,10850,0,0,0.0,0,0,0,0,0,32550000000,3000000,KNX
2222,096630,KR7096630009,에스코넥,KOSDAQ,우량기업부,2050,1,5,0.24,2045,2075,1995,16676,33928408,32546462150,15876323,KSQ
2223,069410,KR7069410009,엔텔스,KOSDAQ,벤처기업부,3175,1,135,4.44,3040,3240,3020,6937,21162275,32527316200,10244824,KSQ
2224,452300,KR7452300007,캡스톤파트너스,KOSDAQ,중견기업부,2295,1,15,0.66,2310,2315,2260,22124,50390695,32519013975,14169505,KSQ
2225,335810,KR7335810008,프리시젼바이오,KOSDAQ,기술성장기업부,1480,1,19,1.3,1452,1490,1452,2830,4147920,32485268880,21949506,KSQ
2226,388610,KR7388610008,지에프씨생명과학,KOSDAQ,기술성장기업부,6090,2,-410,-6.31,6200,6260,5860,27513,167052230,32431582470,5325383,KSQ
2227,016600,KR7016600009,큐캐피탈,KOSDAQ,중견기업부,2320,2,-15,-0.64,2335,2335,2240,53011,120214775,32390914320,13961601,KSQ
2228,069640,KR7069640001,한세엠케이,KOSPI,,1490,1,52,3.62,1452,1505,1395,91510,135732655,32385866690,21735481,STK
2229,003060,KR7003060001,에이프로젠바이오로직스,KOSPI,,2055,3,0,0.0,2085,2085,2020,64165,131675905,32299320705,15717431,STK
2230,237820,KR7237820006,플레이디,KOSDAQ,중견기업부,2515,3,0,0.0,2515,2520,2435,10713,26488865,32260257100,12827140,KSQ
2231,458350,KR7458350006,에스팀,KOSDAQ,중견기업부,3715,2,-70,-1.85,3785,3880,3680,19700,73292005,32258088000,8683200,KSQ
2232,088340,KR7088340005,유라클,KOSDAQ,벤처기업부,7390,1,100,1.37,7240,7480,7020,14056,101953835,32252679520,4364368,KSQ
2233,001070,KR7001070002,대한방직,KOSPI,,6080,3,0,0.0,5980,6140,5950,7149,43456560,32224000000,5300000,STK
2234,106240,KR7106240005,파인테크닉스,KOSDAQ,벤처기업부,1345,1,1,0.07,1344,1383,1258,57370,75167044,32208295360,23946688,KSQ
2235,038880,KR7038880001,아이에이,KOSDAQ,중견기업부,4285,1,610,16.6,3690,4775,3690,239680,1012878453,32199302555,7514423,KSQ
2236,464280,KR7464280007,티디에스팜,KOSDAQ,중견기업부,5820,2,-110,-1.85,6050,6100,5780,46264,274825230,32184600000,5530000,KSQ
2237,066360,KR7066360009,체리부로,KOSDAQ,우량기업부,670,0,0,0.0,0,0,0,0,0,32127850050,47952015,KSQ
2238,020180,KR7020180006,대신정보통신,KOSDAQ,중견기업부,836,0,0,0.0,0,0,0,0,0,32126572940,38428915,KSQ
2239,079000,KR7079000006,와토스코리아,KOSDAQ,중견기업부,4460,2,-15,-0.34,4450,4500,4360,27248,120117915,32112000000,7200000,KSQ
2240,297570,KR7297570004,아틀라스링크,KOSDAQ,벤처기업부,925,2,-1,-0.11,935,955,895,36105,33025042,32024626650,34621218,KSQ
2241,290090,KR7290090000,트윔,KOSDAQ,벤처기업부,4300,1,40,0.94,4500,4500,4225,793,3402630,31994442400,7440568,KSQ
2242,033340,KR7033340001,좋은사람들,KOSDAQ,관리종목(소속부없음),330,1,42,14.58,294,374,293,15351813,5432191199,31993684140,96950558,KSQ
2243,446440,KR7446440000,에피바이오텍,KONEX,일반기업부,13860,1,360,2.67,13860,13860,13860,1,13860,31973342940,2306879,KNX
2244,207760,KR7207760000,미스터블루,KOSDAQ,중견기업부,384,0,0,0.0,0,0,0,0,0,31902636672,83079783,KSQ
2245,087600,KR7087600003,픽셀플러스,KOSDAQ,벤처기업부,3905,1,10,0.26,3895,3965,3875,4032,15758695,31890408990,8166558,KSQ
2246,005360,KR7005360003,모나미,KOSPI,,1680,2,-103,-5.78,1784,1996,1680,5512875,10180560305,31747475760,18897307,STK
2247,066910,KR7066910001,손오공,KOSDAQ,중견기업부,2060,2,-30,-1.44,2070,2130,2015,33290,68529820,31696461920,15386632,KSQ
2248,033830,KR7033830001,티비씨,KOSDAQ,중견기업부,1666,1,12,0.73,1670,1670,1648,7832,13020293,31499278580,18907130,KSQ
2249,036420,KR7036420008,콘텐트리중앙,KOSPI,,1634,2,-4,-0.24,1665,1666,1617,36099,58442446,31474611272,19262308,STK
2250,002690,KR7002690006,동일제강,KOSPI,,1545,3,0,0.0,1549,1564,1538,8054,12471604,31364056200,20300360,STK
2251,060540,KR7060540002,에스에이티,KOSDAQ,중견기업부,1198,1,24,2.04,1174,1198,1160,128474,151828178,31307254932,26132934,KSQ
2252,053950,KR7053950002,경남제약,KOSDAQ,중견기업부,1595,2,-20,-1.24,1615,1649,1560,50659,80488819,31293340155,19619649,KSQ
2253,258830,KR7258830009,세종메디칼,KOSDAQ,관리종목(소속부없음),412,0,0,0.0,0,0,0,0,0,31223976612,75786351,KSQ
2254,012620,KR7012620001,원일특강,KOSDAQ,우량기업부,7080,1,140,2.02,6930,7100,6880,11042,77606730,31152000000,4400000,KSQ
2255,038950,KR7038950002,파인디지털,KOSDAQ,중견기업부,3050,1,30,0.99,3020,3085,3020,4155,12731700,31142833250,10210765,KSQ
2256,308170,KR7308170000,씨티알모빌리티,KOSPI,,3605,2,-255,-6.61,3895,3895,3600,12394,46177890,31039050000,8610000,STK
2257,103840,KR7103840005,우양,KOSDAQ,중견기업부,1895,1,85,4.7,1810,1990,1805,90027,169175731,31014381060,16366428,KSQ
2258,311390,KR7311390009,네오크레마,KOSDAQ,벤처기업부,2450,2,-5,-0.2,2430,2485,2385,29526,71452035,31001783050,12653789,KSQ
2259,023150,KR7023150006,MH에탄올,KOSPI,,4190,1,35,0.84,4155,4240,4135,1606,6682790,30916023940,7378526,STK
2260,014130,KR7014130009,한익스프레스,KOSPI,,2615,1,5,0.19,2600,2625,2540,19506,50373600,30903764045,11817883,STK
2261,288620,KR7288620008,에스프리즘,KOSDAQ,벤처기업부,4425,2,-150,-3.28,4570,4570,4325,64165,284168645,30883473300,6979316,KSQ
2262,351330,KR7351330006,이삭엔지니어링,KOSDAQ,벤처기업부,3725,2,-45,-1.19,3770,3855,3710,15444,57674200,30874737000,8288520,KSQ
2263,039310,KR7039310008,세중,KOSDAQ,중견기업부,1703,2,-59,-3.35,1762,1795,1700,159683,278521320,30861198901,18121667,KSQ
2264,091970,KR7091970004,LSK아이로봇,KOSDAQ,중견기업부,4095,1,60,1.49,4035,4195,3860,47961,194042755,30854924100,7534780,KSQ
2265,025750,KR7025750001,한솔홈데코,KOSPI,,1913,1,15,0.79,1821,1940,1821,16816,31693140,30824224477,16113029,STK
2266,193250,KR7193250008,링크드,KOSDAQ,중견기업부,2305,1,15,0.66,2290,2305,2080,502100,1095921752,30815390565,13368933,KSQ
2267,262840,KR7262840002,아이퀘스트,KOSDAQ,벤처기업부,2910,2,-25,-0.85,2940,2940,2875,11062,32041990,30749830320,10566952,KSQ
2268,444530,KR7444530000,심플랫폼,KOSDAQ,기술성장기업부,4775,2,-15,-0.31,4790,4975,4720,16539,79925028,30711778150,6431786,KSQ
2269,026040,KR7026040006,제이에스티나,KOSDAQ,중견기업부,1860,1,25,1.36,1836,1915,1830,19678,36778676,30697049400,16503790,KSQ
2270,001380,KR7001380005,SG글로벌,KOSPI,,1362,2,-8,-0.58,1370,1390,1341,23002,31148215,30620580702,22482071,STK
2271,232830,KR7232830000,아이티센피엔에스,KOSDAQ,벤처기업부,1851,2,-15,-0.8,1866,1887,1792,21379,39164549,30603926826,16533726,KSQ
2272,118000,KR7118000009,메타케어,KOSPI,,1387,2,-4,-0.29,1431,1431,1362,18049,24839589,30591373795,22055785,STK
2273,119500,KR7119500007,포메탈,KOSDAQ,중견기업부,2580,1,5,0.19,2565,2600,2560,18790,48348750,30565858560,11847232,KSQ
2274,337840,KR7337840003,유엑스엔,KONEX,일반기업부,6140,2,-30,-0.49,6000,6140,6000,270,1634420,30561223720,4977398,KNX
2275,050110,KR7050110006,캠시스,KOSDAQ,중견기업부,1045,2,-7,-0.67,1045,1055,1016,206376,213786806,30539940035,29224823,KSQ
2276,462310,KR7462310004,뉴키즈온,KOSDAQ,중견기업부,3865,2,-40,-1.02,4025,4025,3850,9113,35823040,30528108325,7898605,KSQ
2277,348030,KR7348030008,모비릭스,KOSDAQ,중견기업부,3175,1,25,0.79,3175,3180,3095,63057,198690529,30492065000,9603800,KSQ
2278,090370,KR7090370008,메타랩스,KOSPI,,1116,1,26,2.39,1094,1116,1074,61005,66538937,30472032924,27304689,STK
2279,296640,KR7296640006,이노에이엑스,KOSDAQ,벤처기업부,5880,1,1090,22.76,4795,5970,4795,97064,530196560,30448121760,5178252,KSQ
2280,131090,KR7131090003,시큐브,KOSDAQ,벤처기업부,3970,2,-5,-0.13,3950,4000,3910,15183,60093410,30403137370,7658221,KSQ
2281,271830,KR7271830002,팸텍,KOSDAQ,벤처기업부,1028,1,15,1.48,1018,1077,1011,113242,115767624,30315927656,29490202,KSQ
2282,109820,KR7109820001,진매트릭스,KOSDAQ,기술성장기업부,1486,1,1,0.07,1470,1519,1470,13179,19541448,30304949040,20393640,KSQ
2283,031310,KR7031310006,아이즈비전,KOSDAQ,중견기업부,1017,2,-2,-0.2,1050,1058,1009,120091,122921560,30252344067,29746651,KSQ
2284,376180,KR7376180006,피코그램,KOSDAQ,벤처기업부,1629,2,-31,-1.87,1700,1700,1543,86152,140449801,30235930902,18561038,KSQ
2285,246250,KR7246250005,에스엘에스바이오,KOSDAQ,관리종목(소속부없음),1969,0,0,0.0,0,0,0,0,0,30220617614,15348206,KSQ
2286,227420,KR7227420007,도부,KONEX,일반기업부,793,1,101,14.6,793,793,793,1,793,30169296430,38044510,KNX
2287,187270,KR7187270004,신화콘텍,KOSDAQ,벤처기업부,2970,1,20,0.68,3030,3060,2940,6919,20509825,30127219650,10143845,KSQ
2288,310870,KR7310870001,디와이씨,KOSDAQ,벤처기업부,1370,1,23,1.71,1350,1370,1333,47860,64800174,30033964740,21922602,KSQ
2289,407400,KR7407400001,꿈비,KOSDAQ,벤처기업부,2050,2,-5,-0.24,2120,2120,1999,43765,88944160,30000794700,14634534,KSQ
2290,022220,KR7022220008,티케이지애강,KOSDAQ,관리종목(소속부없음),579,2,-81,-12.27,660,663,550,216771,129284801,29989061241,51794579,KSQ
2291,288980,KR7288980006,모아데이타,KOSDAQ,기술성장기업부,823,1,107,14.94,763,875,686,1183416,948853485,29941874917,36381379,KSQ
2292,065950,KR7065950008,웰크론,KOSDAQ,중견기업부,1058,1,44,4.34,1012,1070,1012,67726,70554744,29868717516,28231302,KSQ
2293,430690,KR7430690008,한싹,KOSDAQ,벤처기업부,2740,2,-20,-0.72,2765,2765,2640,146824,397530916,29853132960,10895304,KSQ
2294,450520,KR7450520002,인스웨이브,KOSDAQ,벤처기업부,2030,1,116,6.06,1914,2190,1888,81909,167828101,29850293340,14704578,KSQ
2295,075970,KR7075970004,동국알앤에스,KOSDAQ,중견기업부,1622,1,2,0.12,1620,1632,1610,9804,15882933,29844800000,18400000,KSQ
2296,363260,KR7363260001,모비데이즈,KOSDAQ,벤처기업부,924,2,-9,-0.96,925,974,923,16818,15662861,29719322556,32163769,KSQ
2297,406820,KR7406820001,뷰티스킨,KOSDAQ,벤처기업부,2100,2,-70,-3.23,2195,2275,2060,468287,1004367362,29685929700,14136157,KSQ
2298,053290,KR7053290003,NE능률,KOSDAQ,중견기업부,1795,1,16,0.9,1880,1880,1750,20257,36006526,29664721065,16526307,KSQ
2299,239610,KR7239610009,에이치엘사이언스,KOSDAQ,벤처기업부,5500,2,-20,-0.36,5490,5510,5410,1974,10789730,29656632500,5392115,KSQ
2300,215790,KR7215790007,이노인스트루먼트,KOSDAQ,관리종목(소속부없음),736,1,5,0.68,752,759,703,2413531,1766120839,29648397664,40283149,KSQ
2301,079170,KR7079170007,한창산업,KOSDAQ,우량기업부,5690,1,10,0.18,5680,5740,5660,6157,35064575,29588000000,5200000,KSQ
2302,160550,KR7160550000,NEW,KOSDAQ,중견기업부,1058,2,-2,-0.19,1050,1079,1040,10750,11329088,29524660148,27906106,KSQ
2303,058110,KR7058110008,멕아이씨에스,KOSDAQ,기술성장기업부,1832,1,30,1.66,1761,1990,1761,81843,151208601,29404570960,16050530,KSQ
2304,007720,KR7007720006,소노스퀘어,KOSDAQ,중견기업부,1457,2,-24,-1.62,1482,1487,1445,18861,27405355,29373251130,20160090,KSQ
2305,009810,KR7009810003,플레이그램,KOSPI,,1865,1,58,3.21,1807,1900,1807,7479,13866020,29373007730,15749602,STK
2306,318010,KR7318010006,팜스빌,KOSDAQ,벤처기업부,3690,3,0,0.0,3695,3705,3650,1699,6272655,29259257220,7929338,KSQ
2307,356890,KR7356890004,싸이버원,KOSDAQ,벤처기업부,2445,2,-10,-0.41,2455,2505,2355,39863,96251427,29227102125,11953825,KSQ
2308,010640,KR7010640001,진양폴리,KOSPI,,1748,3,0,0.0,1746,1750,1713,15013,26017705,29191600000,16700000,STK
2309,033170,KR7033170002,시그네틱스,KOSDAQ,중견기업부,340,0,0,0.0,0,0,0,0,0,29147628460,85728319,KSQ
2310,024070,KR7024070005,WISCOM,KOSPI,,1899,1,36,1.93,1831,1917,1831,29079,54467264,29104905762,15326438,STK
2311,355390,KR7355390006,크라우드웍스,KOSDAQ,기술성장기업부,1833,2,-12,-0.65,1876,1900,1797,179068,328266779,29097672552,15874344,KSQ
2312,080530,KR7080530009,코디,KOSDAQ,중견기업부,2610,2,-65,-2.43,2675,2820,2580,13301,34986015,28897095240,11071684,KSQ
2313,027040,KR7027040005,서울전자통신,KOSDAQ,중견기업부,2065,3,0,0.0,2065,2105,2005,128758,265081180,28740192985,13917769,KSQ
2314,017000,KR7017000001,신원종합개발,KOSDAQ,우량기업부,2455,1,45,1.87,2410,2490,2360,82723,200638885,28645006285,11668027,KSQ
2315,197140,KR7197140007,디지캡,KOSDAQ,벤처기업부,2200,1,60,2.8,2140,2200,2080,13280,28942145,28628938800,13013154,KSQ
2316,083640,KR7083640003,인콘,KOSDAQ,벤처기업부,1241,2,-29,-2.28,1258,1265,1234,54495,67761640,28491303663,22958343,KSQ
2317,003535,KR7003531001,한화투자증권우,KOSPI,,5930,1,70,1.19,5910,5950,5780,12172,71244360,28464000000,4800000,STK
2318,121890,KR7121890008,에스디시스템,KOSDAQ,중견기업부,2135,1,5,0.23,2130,2175,2110,11604,24743200,28377237210,13291446,KSQ
2319,336060,KR7336060009,웨이버스,KOSDAQ,벤처기업부,2940,1,75,2.62,2860,2995,2830,6460,18658981,28315257600,9631040,KSQ
2320,006570,KR7006570006,대림통상,KOSPI,,1859,1,49,2.71,1810,1880,1766,168705,312106160,28303275000,15225000,STK
2321,301300,KR7301300000,바이브컴퍼니,KOSDAQ,기술성장기업부,2150,1,60,2.87,2185,2185,1997,47491,96592339,28282630800,13154712,KSQ
2322,008250,KR7008250003,이건산업,KOSPI,,2580,3,0,0.0,2575,2660,2560,31152,81161680,28257798300,10952635,STK
2323,043220,KR7043220003,티에스넥스젠,KOSDAQ,관리종목(소속부없음),1710,0,0,0.0,0,0,0,0,0,28191099330,16486023,KSQ
2324,069140,KR7069140002,누리플랜,KOSDAQ,벤처기업부,1867,2,-15,-0.8,1860,1915,1804,20524,37949537,28183866068,15095804,KSQ
2325,198940,KR7198940009,한주라이트메탈,KOSDAQ,중견기업부,1415,2,-64,-4.33,1519,1519,1403,198079,285769855,28172310400,19909760,KSQ
2326,016920,KR7016920001,카스,KOSDAQ,중견기업부,1060,1,5,0.47,1055,1060,1040,202003,212161372,28083150280,26493538,KSQ
2327,013720,KR7013720008,청보,KOSDAQ,중견기업부,2305,1,55,2.44,2250,2340,2250,6943,15930800,28041772540,12165628,KSQ
2328,254120,KR7254120009,자비스,KOSDAQ,기술성장기업부,911,1,1,0.11,909,933,887,104039,94605612,28017139970,30754270,KSQ
2329,030720,KR7030720007,동원수산,KOSPI,,6020,2,-80,-1.31,6100,6120,5950,28695,172776290,28015906100,4653805,STK
2330,038530,KR7038530002,케이바이오랩스,KOSDAQ,중견기업부,1082,2,-6,-0.55,1088,1112,1070,69750,75854028,28013112004,25890122,KSQ
2331,073540,KR7073540007,에프알텍,KOSDAQ,벤처기업부,2455,1,145,6.28,2345,2540,2270,165532,393784910,27987000000,11400000,KSQ
2332,025890,KR7025890005,한국주강,KOSPI,,2510,2,-60,-2.33,2550,2595,2410,69121,172172635,27972986160,11144616,STK
2333,130500,KR7130500002,GH신소재,KOSDAQ,중견기업부,1923,1,13,0.68,1910,1923,1890,9642,18343211,27970134996,14545052,KSQ
2334,045300,KR7045300001,성우테크론,KOSDAQ,중견기업부,2650,1,65,2.51,2585,2705,2535,65857,173530957,27949581800,10547012,KSQ
2335,032860,KR7032860009,더라미,KOSDAQ,중견기업부,690,0,0,0.0,0,0,0,0,0,27873145470,40395863,KSQ
2336,123840,KR7123840001,뉴온,KOSDAQ,투자주의환기종목(소속부없음),1792,2,-9,-0.5,1790,1810,1770,2664,4797261,27871065600,15553050,KSQ
2337,068100,KR7068100007,케이웨더,KOSDAQ,기술성장기업부,2335,1,85,3.78,2255,2345,2255,17501,40191700,27850796560,11927536,KSQ
2338,088790,KR7088790001,진도,KOSPI,,2235,2,-30,-1.32,2265,2325,2175,49984,111374489,27820707840,12447744,STK
2339,004870,KR7004870002,티웨이홀딩스,KOSPI,,1228,1,18,1.49,1210,1252,1198,96170,116991075,27792953144,22632698,STK
2340,021880,KR7021880000,메이슨캐피탈,KOSDAQ,중견기업부,1309,1,24,1.87,1299,1340,1231,74555,96566984,27774937960,21218440,KSQ
2341,195500,KR7195500004,마니커에프앤지,KOSDAQ,중견기업부,1736,2,-8,-0.46,1750,1750,1706,29145,50233462,27737808000,15978000,KSQ
2342,188260,KR7188260004,세니젠,KOSDAQ,투자주의환기종목(소속부없음),1994,1,13,0.66,2195,2195,1962,755,1506546,27719228092,13901318,KSQ
2343,014990,KR7014990006,인디에프,KOSPI,,1845,1,2,0.11,1886,1886,1806,10899,19942832,27716695155,15022599,STK
2344,464500,KR7464500008,아이언디바이스,KOSDAQ,기술성장기업부,1980,1,31,1.59,1949,1990,1890,36319,70764809,27706660740,13993263,KSQ
2345,475660,KR7475660007,에스켐,KOSDAQ,기술성장기업부,3475,2,-125,-3.47,3600,3600,3445,8095,28150315,27556176625,7929835,KSQ
2346,099390,KR7099390007,브레인즈컴퍼니,KOSDAQ,벤처기업부,3350,2,-50,-1.47,3505,3505,3165,25280,83896170,27497748050,8208283,KSQ
2347,311060,KR7311060008,엘에이티,KONEX,일반기업부,3475,2,-20,-0.57,3475,3475,3300,255,842375,27355665650,7872134,KNX
2348,096690,KR7096690003,에이루트,KOSDAQ,중견기업부,6790,2,-50,-0.73,6830,6900,6350,6040,40503840,27315097180,4022842,KSQ
2349,367000,KR7367000007,플래티어,KOSDAQ,벤처기업부,3255,1,25,0.77,3340,3340,3165,1872,6019435,27303613785,8388207,KSQ
2350,093380,KR7093380004,풍강,KOSDAQ,중견기업부,2760,2,-145,-4.99,2905,2915,2720,37383,106048110,27266903880,9879313,KSQ
2351,044480,KR7044480002,빌리언스,KOSDAQ,중견기업부,820,0,0,0.0,0,0,0,0,0,27265751120,33250916,KSQ
2352,138070,KR7138070008,신진에스엠,KOSDAQ,중견기업부,1555,1,30,1.97,1525,1570,1524,23264,36064408,27217482220,17503204,KSQ
2353,276730,KR7276730009,한울앤제주,KOSDAQ,투자주의환기종목(소속부없음),11470,0,0,0.0,0,0,0,0,0,27204729520,2371816,KSQ
2354,114630,KR7114630007,폴라리스우노,KOSDAQ,우량기업부,1575,2,-5,-0.32,1580,1626,1545,39561,61788382,27145515600,17235248,KSQ
2355,038620,KR7038620001,위즈코프,KOSDAQ,벤처기업부,1788,2,-12,-0.67,1800,1820,1757,9691,17256731,27080856684,15145893,KSQ
2356,289220,KR7289220006,자이언트스텝,KOSDAQ,기술성장기업부,1213,2,-1,-0.08,1215,1239,1210,21316,26000731,27064724073,22312221,KSQ
2357,032750,KR7032750002,삼진,KOSDAQ,우량기업부,2995,1,5,0.17,3050,3050,2965,3584,10703750,27048210390,9031122,KSQ
2358,177830,KR7177830007,파버나인,KOSDAQ,벤처기업부,2380,3,0,0.0,2385,2405,2315,13626,32310625,26955863340,11325993,KSQ
2359,900070,KYG3931T1076,글로벌에스엠,KOSDAQ,외국기업(소속부없음),1003,2,-3,-0.3,1006,1019,973,86868,86100859,26952599952,26871984,KSQ
2360,131220,KR7131220006,대한과학,KOSDAQ,벤처기업부,3610,2,-20,-0.55,3615,3620,3570,1346,4823295,26910708900,7454490,KSQ
2361,462980,KR7462980004,아이지넷,KOSDAQ,기술성장기업부,1475,1,12,0.82,1463,1500,1443,8761,12839261,26895794575,18234437,KSQ
2362,006345,KR7006341002,대원전선우,KOSPI,,10250,2,-80,-0.77,10410,10610,9970,80088,811879915,26867300000,2621200,STK
2363,095910,KR7095910006,에스에너지,KOSDAQ,관리종목(소속부없음),716,1,1,0.14,715,734,672,902641,640340344,26704586844,37296909,KSQ
2364,006490,KR7006490007,프리티,KOSPI,,898,0,0,0.0,0,0,0,0,0,26560346254,29577223,STK
2365,290270,KR7290270008,휴네시온,KOSDAQ,벤처기업부,2755,2,-10,-0.36,2765,2770,2680,9712,26608930,26469136360,9607672,KSQ
2366,005110,KR7005110002,한창,KOSPI,,1254,0,0,0.0,0,0,0,0,0,26467434378,21106407,STK
2367,019175,KR7019171008,신풍제약우,KOSPI,,13290,1,180,1.37,13260,13720,13000,4904,65001910,26463446700,1991230,STK
2368,900310,HK0000341732,컬러레이,KOSDAQ,외국기업(소속부없음),2065,1,85,4.29,2085,2150,1980,24284,49409297,26449211775,12808335,KSQ
2369,357430,KR7357430008,마스턴프리미어리츠,KOSPI,,866,2,-9,-1.03,875,880,851,35421,30536376,26417595862,30505307,STK
2370,048470,KR7048470009,대동스틸,KOSDAQ,중견기업부,2735,1,25,0.92,2745,2785,2710,31393,86269125,26392750000,9650000,KSQ
2371,225220,KR7225220003,제놀루션,KOSDAQ,벤처기업부,1375,2,-29,-2.07,1439,1439,1364,25379,35316152,26386278875,19190021,KSQ
2372,354390,KR7354390007,바스칸바이오제약,KONEX,일반기업부,3755,2,-15,-0.4,3755,3755,3755,1,3755,26353517485,7018247,KNX
2373,085810,KR7085810000,알티캐스트,KOSDAQ,중견기업부,1857,1,17,0.92,1841,1870,1806,5241,9587560,26252321721,14136953,KSQ
2374,148780,KR7148780000,비큐AI,KOSDAQ,기술성장기업부,4170,2,-210,-4.79,4460,4540,4045,603295,2553350471,26225734650,6289145,KSQ
2375,373170,KR7373170000,엠아이큐브솔루션,KOSDAQ,벤처기업부,1734,1,69,4.14,1709,1772,1678,15437,26488361,26207311860,15113790,KSQ
2376,054780,KR7054780002,키이스트,KOSDAQ,중견기업부,1331,2,-7,-0.52,1350,1350,1280,6206,8189026,26164522483,19657793,KSQ
2377,019570,KR7019570001,GMI벤처,KOSDAQ,중견기업부,2740,2,-25,-0.9,2740,2820,2560,30999,83695589,26153310960,9545004,KSQ
2378,318000,KR7318000007,KBG,KOSDAQ,벤처기업부,2990,1,5,0.17,3030,3030,2960,6227,18529130,26133266770,8740223,KSQ
2379,035200,KR7035200005,프럼파스트,KOSDAQ,벤처기업부,2830,1,30,1.07,2795,2835,2755,38551,107616529,26092546230,9219981,KSQ
2380,033050,KR7033050006,제이엠아이,KOSDAQ,관리종목(소속부없음),819,2,-4,-0.49,839,863,798,231973,188955008,26076409632,31839328,KSQ
2381,33637K,KR733637K010,솔루스첨단소재1우,KOSPI,,1542,2,-6,-0.39,1547,1558,1521,34305,53181142,26070738948,16907094,STK
2382,462510,KR7462510009,라메디텍,KOSDAQ,기술성장기업부,2960,1,10,0.34,2950,3050,2920,14746,44105292,26056776400,8802965,KSQ
2383,001810,KR7001810001,무림SP,KOSDAQ,중견기업부,1177,2,-32,-2.65,1210,1214,1176,16877,20189960,26055837500,22137500,KSQ
2384,331520,KR7331520007,밸로프,KOSDAQ,중견기업부,2655,1,5,0.19,2650,2750,2620,50445,135314305,26022148830,9801186,KSQ
2385,0010F0,KR70010F0005,보원케미칼,KOSDAQ,벤처기업부,2335,2,-50,-2.1,2385,2435,2300,47652,112467018,26020308335,11143601,KSQ
2386,376930,KR7376930004,노을,KOSDAQ,관리종목(소속부없음),507,1,38,8.1,475,550,470,1986315,1022112070,26004700761,51291323,KSQ
2387,290520,KR7290520006,신도기연,KOSDAQ,벤처기업부,1646,2,-87,-5.02,1790,1790,1631,25761,42830914,25901725944,15736164,KSQ
2388,065150,KR7065150005,대산F&B,KOSDAQ,중견기업부,1620,2,-21,-1.28,1641,1653,1605,10790,17552581,25819948800,15938240,KSQ
2389,146060,KR7146060009,율촌,KOSDAQ,중견기업부,1075,2,-16,-1.47,1122,1122,1054,57622,61493567,25816764625,24015595,KSQ
2390,038870,KR7038870002,에코심플렉스,KOSDAQ,중견기업부,1842,2,-26,-1.39,1861,1908,1812,8658,15981746,25815536058,14014949,KSQ
2391,109960,KR7109960005,앱토크롬,KOSDAQ,투자주의환기종목(소속부없음),1705,1,13,0.77,1725,1725,1692,14548,25019714,25800457265,15132233,KSQ
2392,053060,KR7053060000,세동,KOSDAQ,중견기업부,1458,1,15,1.04,1444,1464,1438,57098,82927198,25744516902,17657419,KSQ
2393,206560,KR7206560005,덱스터,KOSDAQ,기술성장기업부,1013,2,-72,-6.64,1036,1410,971,2395248,2881210306,25742088568,25411736,KSQ
2394,051380,KR7051380004,피씨디렉트,KOSDAQ,중견기업부,1675,1,3,0.18,1749,1788,1650,138930,237147359,25694620600,15340072,KSQ
2395,016670,KR7016670002,디모아,KOSDAQ,중견기업부,2510,2,-90,-3.46,2600,2605,2420,17198,43137835,25587527340,10194234,KSQ
2396,070590,KR7070590005,인티큐브,KOSDAQ,중견기업부,1835,1,37,2.06,1800,1851,1789,16824,30381418,25468921035,13879521,KSQ
2397,039740,KR7039740006,한국정보공학,KOSDAQ,벤처기업부,3170,2,-65,-2.01,3235,3305,3155,34348,110708425,25418318490,8018397,KSQ
2398,237750,KR7237750005,피앤씨테크,KOSDAQ,벤처기업부,3910,2,-110,-2.74,4020,4025,3850,10877,42514050,25401706000,6496600,KSQ
2399,333050,KR7333050003,이노테나,KOSDAQ,벤처기업부,5150,2,-20,-0.39,5240,5240,5100,3945,20346030,25360763000,4924420,KSQ
2400,002355,KR7002351005,넥센타이어1우B,KOSPI,,3900,1,35,0.91,3900,3915,3850,161013,627931510,25350000000,6500000,STK
2401,238490,KR7238490007,힘스,KOSDAQ,벤처기업부,2240,2,-150,-6.28,2305,2355,2220,76326,173641793,25339408640,11312236,KSQ
2402,440320,KR7440320000,오픈놀,KOSDAQ,기술성장기업부,2535,2,-45,-1.74,2560,2570,2475,22259,56117335,25299300000,9980000,KSQ
2403,227610,KR7227610003,아우딘퓨쳐스,KOSDAQ,벤처기업부,1305,1,88,7.23,1217,1305,1204,66636,82385160,25283815155,19374571,KSQ
2404,398120,KR7398120006,에스지헬스케어,KOSDAQ,벤처기업부,2135,2,-45,-2.06,2175,2180,2050,28742,60751815,25281625985,11841511,KSQ
2405,091340,KR7091340000,S&K폴리텍,KOSDAQ,중견기업부,2160,2,-5,-0.23,2190,2190,2140,15311,32966799,25280037360,11703721,KSQ
2406,257370,KR7257370007,피엔티엠에스,KOSDAQ,벤처기업부,2015,2,-15,-0.74,2095,2095,1970,5657,11239833,25197294915,12504861,KSQ
2407,298060,KR7298060005,풍전약품,KOSDAQ,관리종목(소속부없음),2605,2,-15,-0.57,2620,2685,2605,4196,10983545,25105549435,9637447,KSQ
2408,033250,KR7033250002,체시스,KOSPI,,3915,2,-160,-3.93,4075,4120,3865,33951,133682500,25056000000,6400000,STK
2409,169330,KR7169330008,엠브레인,KOSDAQ,중견기업부,1366,1,106,8.41,1260,1375,1260,36207,47511213,25020909988,18316918,KSQ
2410,006740,KR7006740005,블루산업개발,KOSPI,,1052,0,0,0.0,0,0,0,0,0,24974295900,23739825,STK
2411,071950,KR7071950000,코아스,KOSPI,,1727,2,-3,-0.17,1795,1795,1700,40190,68832746,24971029765,14459195,STK
2412,187220,KR7187220009,디티앤씨,KOSDAQ,중견기업부,2165,2,-105,-4.63,2270,2370,2165,30953,68683435,24951479945,11524933,KSQ
2413,139670,KR7139670004,키네마스터,KOSDAQ,중견기업부,1766,1,4,0.23,1753,1907,1711,47060,85386809,24933818460,14118810,KSQ
2414,377030,KR7377030002,비트맥스,KOSDAQ,관리종목(소속부없음),1739,2,-2,-0.11,1741,1741,1610,26325,44203333,24853269778,14291702,KSQ
2415,097780,KR7097780001,에코볼트,KOSDAQ,중견기업부,1224,2,-6,-0.49,1259,1259,1210,10244,12558983,24838740936,20293089,KSQ
2416,267790,KR7267790004,배럴,KOSDAQ,중견기업부,3230,2,-115,-3.44,3340,3340,3195,3306,10624365,24836468070,7689309,KSQ
2417,047080,KR7047080007,한빛소프트,KOSDAQ,중견기업부,1000,2,-55,-5.21,1055,1080,1000,66080,67485098,24822362000,24822362,KSQ
2418,236810,KR7236810008,엔비티,KOSDAQ,기술성장기업부,1462,1,62,4.43,1400,1465,1376,52570,75654874,24818072812,16975426,KSQ
2419,200350,KR7200350007,아티스트스튜디오,KOSDAQ,기술성장기업부,2460,1,15,0.61,2440,2505,2415,3732,9134425,24590221500,9996025,KSQ
2420,243870,KR7243870003,아이티센코어,KONEX,일반기업부,8490,3,0,0.0,8400,8490,8400,17,142890,24558437190,2892631,KNX
2421,005320,KR7005320007,온타이드,KOSPI,,716,2,-16,-2.19,660,716,600,722013,475497632,24478497020,34187845,STK
2422,060380,KR7060380003,동양에스텍,KOSDAQ,중견기업부,1241,1,40,3.33,1215,1241,1180,41465,50361731,24447700000,19700000,KSQ
2423,300120,KR7300120003,라온피플,KOSDAQ,벤처기업부,491,0,0,0.0,0,0,0,0,0,24306471856,49504016,KSQ
2424,044780,KR7044780005,에이치케이,KOSDAQ,벤처기업부,1313,1,15,1.16,1299,1350,1291,87531,113732990,24298098331,18505787,KSQ
2425,405000,KR7405000001,플라즈맵,KOSDAQ,벤처기업부,4520,2,-640,-12.4,5130,6030,4520,162580,853867105,24288364640,5373532,KSQ
2426,049120,KR7049120009,파인디앤씨,KOSDAQ,벤처기업부,2290,1,115,5.29,2175,2290,2150,5754,12749160,24277808270,10601663,KSQ
2427,328380,KR7328380001,솔트웨어,KOSDAQ,벤처기업부,3530,1,210,6.33,3300,3570,3300,22619,77656390,24189519150,6852555,KSQ
2428,057680,KR7057680001,티사이언티픽,KOSDAQ,벤처기업부,1530,2,-17,-1.1,1547,1570,1500,14085,21582880,24163150770,15792909,KSQ
2429,032790,KR7032790008,엠젠솔루션,KOSDAQ,벤처기업부,940,2,-35,-3.59,982,998,925,97107,91606553,24139299640,25680106,KSQ
2430,003495,KR7003491008,대한항공우,KOSPI,,21700,1,200,0.93,21500,22100,21200,1743,37695050,24104229800,1110794,STK
2431,123750,KR7123750002,알톤,KOSDAQ,중견기업부,1741,1,17,0.99,1724,1797,1718,17023,29719572,24059329919,13819259,KSQ
2432,222980,KR7222980005,한국맥널티,KOSDAQ,벤처기업부,2175,1,10,0.46,2220,2220,2130,16704,36126905,23993475525,11031483,KSQ
2433,188040,KR7188040000,바이오포트,KOSDAQ,벤처기업부,5110,3,0,0.0,5120,5220,4995,6744,34300255,23911263880,4679308,KSQ
2434,054940,KR7054940002,엑사이엔씨,KOSDAQ,중견기업부,3600,1,55,1.55,3545,3895,3380,357188,1302517012,23884952400,6634709,KSQ
2435,007770,KR7007770001,한일화학,KOSDAQ,중견기업부,6800,1,70,1.04,6790,6840,6470,785,5234010,23868000000,3510000,KSQ
2436,233990,KR7233990001,질경이,KONEX,일반기업부,1479,2,-21,-1.4,1710,1710,1450,24,37807,23854101786,16128534,KNX
2437,115160,KR7115160004,휴맥스,KOSDAQ,중견기업부,5530,2,-100,-1.78,5800,5800,5530,5764,32342610,23820657490,4307533,KSQ
2438,093240,KR7093240000,형지엘리트,KOSPI,,388,2,-15,-3.72,383,397,365,1895249,724141092,23819420492,61390259,STK
2439,405920,KR7405920000,나라셀라,KOSDAQ,중견기업부,1849,1,44,2.44,1805,1928,1805,2249,4114152,23811562524,12878076,KSQ
2440,429270,KR7429270002,시지트로닉스,KOSDAQ,기술성장기업부,3690,2,-150,-3.91,3840,3970,3670,62595,235593111,23797662390,6449231,KSQ
2441,054090,KR7054090006,삼진엘앤디,KOSDAQ,중견기업부,953,2,-64,-6.29,999,1003,949,235062,227819149,23786148096,24959232,KSQ
2442,378800,KR7378800007,샤페론,KOSDAQ,관리종목(소속부없음),514,2,-10,-1.91,524,618,507,2906445,1594617710,23768917934,46243031,KSQ
2443,013810,KR7013810007,스페코,KOSDAQ,중견기업부,1620,1,2,0.12,1660,1660,1606,31403,50907754,23741861400,14655470,KSQ
2444,134060,KR7134060003,이퓨쳐,KOSDAQ,벤처기업부,4960,2,-180,-3.5,5280,5280,4960,9447,47546800,23655480000,4769250,KSQ
2445,277410,KR7277410007,인산가,KOSDAQ,벤처기업부,6150,1,220,3.71,5930,6370,5890,10064,61678230,23623072500,3841150,KSQ
2446,054220,KR7054220009,비츠로시스,KOSDAQ,벤처기업부,1875,1,88,4.92,1787,2090,1750,520373,993478015,23607405000,12590616,KSQ
2447,036480,KR7036480002,대성미생물,KOSDAQ,중견기업부,6210,2,-140,-2.2,6350,6370,6130,6923,42981540,23598000000,3800000,KSQ
2448,415380,KR7415380005,스튜디오삼익,KOSDAQ,중견기업부,2060,2,-35,-1.67,2080,2100,2060,13525,28152035,23572528500,11442975,KSQ
2449,383930,KR7383930005,디티앤씨알오,KOSDAQ,중견기업부,1829,2,-20,-1.08,1858,1858,1776,17491,31662630,23382170112,12784128,KSQ
2450,115480,KR7115480006,씨유메디칼,KOSDAQ,중견기업부,1927,1,4,0.21,1948,1948,1900,10316,20116634,23364703497,12124911,KSQ
2451,368970,KR7368970000,오에스피,KOSDAQ,관리종목(소속부없음),2290,1,5,0.22,2285,2370,2255,28751,66970890,23351049850,10196965,KSQ
2452,009310,KR7009310004,참엔지니어링,KOSPI,,5330,0,0,0.0,0,0,0,0,0,23329484620,4377014,STK
2453,215480,KR7215480005,토박스코리아,KOSDAQ,중견기업부,2170,1,15,0.7,2160,2190,2120,14640,31722750,23305800000,10740000,KSQ
2454,340440,KR7340440007,세림B&G,KOSDAQ,벤처기업부,821,2,-12,-1.44,833,851,799,157349,128763358,23298636844,28378364,KSQ
2455,290560,KR7290560002,파라택시스이더리움,KOSDAQ,벤처기업부,1041,1,7,0.68,1034,1070,992,118082,122296575,23279601930,22362730,KSQ
2456,206950,KR7206950008,볼빅,KONEX,일반기업부,1653,1,209,14.47,1657,1657,1653,44,72736,23269719045,14077265,KNX
2457,403490,KR7403490006,우듬지팜,KOSDAQ,벤처기업부,505,0,0,0.0,0,0,0,0,0,23195894320,45932464,KSQ
2458,359090,KR7359090008,씨엔알리서치,KOSDAQ,중견기업부,2015,1,21,1.05,1992,2050,1972,23168,46655287,23160698145,11494143,KSQ
2459,207490,KR7207490004,에이펙스인텍,KONEX,일반기업부,6420,1,10,0.16,0,0,0,0,0,23112000000,3600000,KNX
2460,353590,KR7353590003,오토앤,KOSDAQ,중견기업부,1795,1,93,5.46,1702,1801,1697,20755,36937943,23111648150,12875570,KSQ
2461,033200,KR7033200007,모아텍,KOSDAQ,투자주의환기종목(소속부없음),2510,2,-35,-1.38,2495,2575,2480,13196,33167496,23103367790,9204529,KSQ
2462,258790,KR7258790005,소프트캠프,KOSDAQ,벤처기업부,4620,2,-65,-1.39,4800,4800,4620,18459,85608773,23091942720,4998256,KSQ
2463,130740,KR7130740004,티피씨글로벌,KOSDAQ,중견기업부,2045,2,-25,-1.21,2070,2135,2015,44915,92583180,23060808555,11276679,KSQ
2464,067010,KR7067010009,이씨에스,KOSDAQ,벤처기업부,2115,3,0,0.0,2130,2155,2100,8539,18068915,23029177500,10888500,KSQ
2465,33626L,KR733626K021,두산퓨얼셀2우B,KOSPI,,7710,1,70,0.92,7320,7740,7320,357,2708440,23024373000,2986300,STK
2466,018680,KR7018680009,서울제약,KOSDAQ,벤처기업부,1969,2,-1,-0.05,1970,1983,1937,9811,19276895,22957199111,11659319,KSQ
2467,432980,KR7432980001,엠에프씨,KOSDAQ,기술성장기업부,2670,2,-50,-1.84,2755,2755,2640,2689,7159530,22939951140,8591742,KSQ
2468,063760,KR7063760003,이엘피,KOSDAQ,벤처기업부,2460,2,-65,-2.57,2525,2560,2450,33211,82458889,22939819800,9325130,KSQ
2469,353190,KR7353190002,휴럼,KOSDAQ,중견기업부,2910,1,20,0.69,2895,2930,2820,15679,45218825,22918240440,7875684,KSQ
2470,065690,KR7065690000,파커스,KOSDAQ,투자주의환기종목(소속부없음),1630,1,89,5.78,1543,1630,1541,23913,37980791,22900409530,14049331,KSQ
2471,076080,KR7076080001,웰크론한텍,KOSDAQ,중견기업부,1010,1,9,0.9,1000,1080,974,134864,136306422,22820097560,22594156,KSQ
2472,403810,KR7403810005,아이엘로보틱스,KONEX,일반기업부,2295,2,-85,-3.57,2205,2315,2200,2970,6580435,22806209070,9937346,KNX
2473,032080,KR7032080004,아즈텍WB,KOSDAQ,중견기업부,1061,2,-59,-5.27,1117,1143,1060,10707,11593772,22801981769,21491029,KSQ
2474,101400,KR7101400000,엔시트론,KOSDAQ,중견기업부,1930,2,-285,-12.87,2250,2380,1824,415858,815939054,22661650840,11741788,KSQ
2475,241840,KR7241840008,에이스토리,KOSDAQ,중견기업부,2375,1,15,0.64,2360,2385,2285,20655,48293345,22657485750,9539994,KSQ
2476,109670,KR7109670000,씨싸이트,KOSDAQ,중견기업부,3880,2,-5,-0.13,3885,3885,3705,5427,20639940,22646015760,5836602,KSQ
2477,278990,KR7278990007,EMB,KONEX,일반기업부,2805,1,205,7.88,2700,2805,2700,20,55680,22621699485,8064777,KNX
2478,101680,KR7101680007,한국정밀기계,KOSDAQ,중견기업부,2685,3,0,0.0,2620,2710,2620,6612,17562735,22564740000,8404000,KSQ
2479,210120,KR7210120002,캔버스엔,KOSDAQ,중견기업부,930,0,0,0.0,0,0,0,0,0,22540854540,24237478,KSQ
2480,373110,KR7373110006,엑셀세라퓨틱스,KOSDAQ,기술성장기업부,1301,2,-66,-4.83,1294,1375,1294,58161,77545247,22500006594,17294394,KSQ
2481,148250,KR7148250004,알엔투테크놀로지,KOSDAQ,벤처기업부,1653,2,-45,-2.65,1704,1735,1559,215918,347738879,22498493712,13610704,KSQ
2482,208350,KR7208350009,지란지교시큐리티,KOSDAQ,벤처기업부,2775,2,-20,-0.72,2800,2815,2710,4056,11220465,22481856750,8101570,KSQ
2483,900110,HK0000057197,딥커머스,KOSDAQ,외국기업(소속부없음),1217,2,-22,-1.78,1239,1260,1190,36840,44456193,22437988427,18437131,KSQ
2484,317120,KR7317120004,라닉스,KOSDAQ,기술성장기업부,1470,2,-13,-0.88,1500,1529,1408,60375,87308432,22432200000,15260000,KSQ
2485,004270,KR7004270005,남성,KOSPI,,4915,2,-245,-4.75,5000,5010,4785,60081,290633758,22413029120,4560128,STK
2486,008775,KR7008771008,호텔신라우,KOSPI,,29800,1,150,0.51,29650,29900,29450,720,21428450,22405994200,751879,STK
2487,052300,KR7052300001,오션인더블유,KOSDAQ,중견기업부,1379,1,34,2.53,1345,1386,1336,47724,64974255,22400652512,16244128,KSQ
2488,051630,KR7051630002,진양화학,KOSPI,,1055,1,1,0.09,1073,1073,1007,94712,98048370,22366000000,21200000,STK
2489,154040,KR7154040000,다산솔루에타,KOSDAQ,중견기업부,1028,1,24,2.39,1004,1030,1004,86659,87857952,22220851192,21615614,KSQ
2490,080470,KR7080470008,성창오토텍,KOSDAQ,벤처기업부,3040,1,5,0.16,3085,3120,3010,7321,22133190,22192000000,7300000,KSQ
2491,377330,KR7377330006,이지트로닉스,KOSDAQ,기술성장기업부,2720,2,-35,-1.27,2700,2815,2680,3843,10484729,22140674880,8139954,KSQ
2492,032280,KR7032280000,삼일,KOSDAQ,중견기업부,1365,1,1,0.07,1364,1381,1347,65220,89056396,22131550350,16213590,KSQ
2493,065370,KR7065370009,위세아이텍,KOSDAQ,벤처기업부,2995,2,-55,-1.8,3110,3110,2955,13573,40872984,22114942230,7383954,KSQ
2494,331660,KR7331660001,한국미라클피플사,KONEX,일반기업부,4010,2,-120,-2.91,4250,4250,4010,234,940740,22055000000,5500000,KNX
2495,102950,KR7102950003,아하,KONEX,일반기업부,1680,2,-68,-3.89,1988,1988,1667,1141,1951594,22044797040,13121903,KNX
2496,192390,KR7192390003,윈하이텍,KOSDAQ,벤처기업부,1842,1,3,0.16,1900,1900,1798,10728,19574625,22043667132,11967246,KSQ
2497,347770,KR7347770000,핌스,KOSDAQ,중견기업부,963,1,82,9.31,948,985,890,170851,159459975,22011331446,22857042,KSQ
2498,195990,KR7195990007,루트K,KOSDAQ,관리종목(소속부없음),1346,1,11,0.82,1350,1390,1322,34844,46488147,21923478404,16287874,KSQ
2499,019660,KR7019660000,글로본,KOSDAQ,중견기업부,1572,1,2,0.13,1570,1585,1532,30787,47932469,21920491476,13944333,KSQ
2500,115530,KR7115530008,씨엔플러스,KOSDAQ,중견기업부,2780,1,30,1.09,2675,2920,2670,26567,74378440,21918579180,7884381,KSQ
2501,352940,KR7352940001,인바이오,KOSDAQ,벤처기업부,2015,1,10,0.5,2015,2015,1993,6102,12268687,21898475950,10867730,KSQ
2502,455180,KR7455180000,케이지에이,KOSDAQ,벤처기업부,1488,2,-67,-4.31,1512,1605,1478,82113,124276336,21872195328,14699056,KSQ
2503,219750,KR7219750007,한국비티비,KOSDAQ,중견기업부,1670,2,-4,-0.24,1675,1684,1645,2424,4038615,21852579590,13085377,KSQ
2504,200230,KR7200230001,텔콘RF제약,KOSDAQ,중견기업부,2300,2,-35,-1.5,2335,2340,2225,32829,74141120,21809218700,9482269,KSQ
2505,021040,KR7021040001,대호특수강,KOSDAQ,중견기업부,998,2,-30,-2.92,1027,1027,989,74185,74601233,21661364452,21704774,KSQ
2506,014100,KR7014100002,메디앙스,KOSDAQ,중견기업부,1835,2,-51,-2.7,1880,1900,1811,10817,19989100,21653000000,11800000,KSQ
2507,274400,KR7274400001,이노시뮬레이션,KOSDAQ,기술성장기업부,2380,2,-20,-0.83,2405,2440,2360,8513,20193070,21625853340,9086493,KSQ
2508,084440,KR7084440007,유비온,KOSDAQ,기술성장기업부,1128,2,-7,-0.62,1134,1134,1082,23766,26450691,21581370888,19132421,KSQ
2509,080720,KR7080720006,한국유니온제약,KOSDAQ,관리종목(소속부없음),2725,0,0,0.0,0,0,0,0,0,21562456300,7912828,KSQ
2510,238200,KR7238200000,비피도,KOSDAQ,벤처기업부,2635,2,-90,-3.3,2735,2735,2615,11529,30893030,21554300000,8180000,KSQ
2511,131180,KR7131180002,딜리,KOSDAQ,벤처기업부,3660,1,20,0.55,3665,3670,3645,16230,59381685,21484200000,5870000,KSQ
2512,016100,KR7016100000,리더스코스메틱,KOSDAQ,중견기업부,1124,2,-57,-4.83,1181,1200,1101,31282,35684793,21469404856,19100894,KSQ
2513,368600,KR7368600003,아이씨에이치,KOSDAQ,기술성장기업부,832,2,-62,-6.94,845,874,775,1051073,876144068,21461785280,25795415,KSQ
2514,043200,KR7043200005,파루,KOSDAQ,벤처기업부,512,0,0,0.0,0,0,0,0,0,21403809280,41804315,KSQ
2515,017250,KR7017250002,인터엠,KOSDAQ,중견기업부,1017,1,9,0.89,1008,1021,977,43830,43402465,21403239939,21045467,KSQ
2516,056730,KR7056730005,CNT85,KOSDAQ,중견기업부,1440,1,6,0.42,1434,1459,1402,20012,28532542,21344021280,14822237,KSQ
2517,342870,KR7342870003,오아,KOSDAQ,중견기업부,3905,2,-30,-0.76,3970,3985,3795,6831,26330060,21283019285,5450197,KSQ
2518,059180,KR7059180000,엔더블유시,KONEX,일반기업부,4000,2,-25,-0.62,0,0,0,0,0,21256360000,5314090,KNX
2519,023770,KR7023770001,플레이위드,KOSDAQ,중견기업부,2365,2,-30,-1.25,2395,2405,2315,15109,35950025,21158460675,8946495,KSQ
2520,000040,KR7000040006,KR모터스,KOSPI,,1221,2,-7,-0.57,1229,1229,1205,17038,20707508,21092818956,17275036,STK
2521,083470,KR7083470005,이엠앤아이,KOSDAQ,벤처기업부,988,1,21,2.17,993,999,944,202351,199203312,21084245052,21340329,KSQ
2522,372800,KR7372800003,아이티아이즈,KOSDAQ,벤처기업부,2995,1,150,5.27,2970,2995,2810,17716,51612448,21076381055,7037189,KSQ
2523,073570,KR7073570004,리튬포어스,KOSDAQ,관리종목(소속부없음),1746,1,6,0.34,1760,1785,1680,27420,47642152,21017174688,12037328,KSQ
2524,067730,KR7067730002,로지시스,KOSDAQ,중견기업부,2170,2,-45,-2.03,2225,2225,2120,30587,65634292,20992410740,9673922,KSQ
2525,076340,KR7076340009,지에이이노더스,KONEX,일반기업부,4300,1,195,4.75,4395,4500,4300,13,57195,20947278000,4871460,KNX
2526,900340,HK0000449303,윙입푸드,KOSDAQ,외국기업(소속부없음),1662,2,-43,-2.52,1640,1898,1591,1874053,3312914103,20912500584,12582732,KSQ
2527,090150,KR7090150004,아이윈,KOSDAQ,중견기업부,499,0,0,0.0,0,0,0,0,0,20895771207,41875293,KSQ
2528,043360,KR7043360007,디지아이,KOSDAQ,벤처기업부,2320,1,90,4.04,2300,2395,2230,4138,9409413,20880000000,9000000,KSQ
2529,153490,KR7153490008,우리이앤엘하루틴,KOSDAQ,우량기업부,405,0,0,0.0,0,0,0,0,0,20849400000,51480000,KSQ
2530,336040,KR7336040001,타스컴,KONEX,일반기업부,3600,1,150,4.35,3600,3600,3300,12,40200,20843744400,5789929,KNX
2531,361670,KR7361670003,삼영에스앤씨,KOSDAQ,기술성장기업부,3655,1,5,0.14,3655,3670,3580,3370,12250200,20715289990,5667658,KSQ
2532,252500,KR7252500004,세화피앤씨,KOSDAQ,중견기업부,499,0,0,0.0,0,0,0,0,0,20701708610,41486390,KSQ
2533,362990,KR7362990004,드림인사이트,KOSDAQ,벤처기업부,1231,2,-8,-0.65,1237,1242,1169,60102,72283145,20681506594,16800574,KSQ
2534,098660,KR7098660004,에스티오,KOSDAQ,중견기업부,1649,1,19,1.17,1639,1661,1620,17227,28141820,20614109424,12500976,KSQ
2535,438700,KR7438700007,버넥트,KOSDAQ,기술성장기업부,1848,1,11,0.6,1837,1850,1805,11980,21883071,20595756720,11144890,KSQ
2536,065060,KR7065060006,지엔코,KOSDAQ,중견기업부,3425,2,-20,-0.58,3495,3495,3385,1228,4220555,20517072050,5990386,KSQ
2537,365900,KR7365900000,브이씨,KOSDAQ,벤처기업부,2800,1,70,2.56,2745,2900,2585,60668,166874930,20468840000,7310300,KSQ
2538,465770,KR7465770006,STX그린로지스,KOSPI,,2825,1,60,2.17,2765,2950,2695,538757,1509658427,20391923500,7218380,STK
2539,137940,KR7137940003,넥스트아이,KOSDAQ,중견기업부,2075,3,0,0.0,2075,2115,2010,11501,23668804,20360039025,9812067,KSQ
2540,083660,KR7083660001,CSA 코스믹,KOSDAQ,중견기업부,2860,0,0,0.0,0,0,0,0,0,20332497900,7109265,KSQ
2541,424760,KR7424760007,벨로크,KOSDAQ,벤처기업부,2020,2,-65,-3.12,2085,2205,1998,47791,98868530,20309823360,10054368,KSQ
2542,140430,KR7140430000,카티스,KOSDAQ,중견기업부,1899,1,12,0.64,1940,1960,1830,34263,65214539,20299373793,10689507,KSQ
2543,009730,KR7009730003,이렘,KOSDAQ,투자주의환기종목(소속부없음),2545,2,-150,-5.57,2550,2660,2300,325417,788465538,20297655135,7975503,KSQ
2544,060230,KR7060230000,제이케이시냅스,KOSDAQ,중견기업부,1408,1,26,1.88,1382,1431,1370,47897,66856388,20217853568,14359271,KSQ
2545,023790,KR7023790009,동일스틸럭스,KOSDAQ,중견기업부,1546,1,157,11.3,1439,1790,1431,1707927,2778854299,20205923168,13069808,KSQ
2546,001685,KR7001681006,대상우,KOSPI,,14730,1,210,1.45,14640,14740,14500,3209,46918630,20183384790,1370223,STK
2547,351870,KR7351870001,차이커뮤니케이션,KOSDAQ,중견기업부,1808,1,14,0.78,1811,1859,1803,2092,3794470,20178440736,11160642,KSQ
2548,020400,KR7020400008,대동금속,KOSDAQ,중견기업부,3160,2,-40,-1.25,3190,3195,3090,70362,220824644,20155529120,6378332,KSQ
2549,344860,KR7344860002,이노진,KOSDAQ,기술성장기업부,1394,2,-4,-0.29,1430,1455,1342,74585,102900234,20115420000,14430000,KSQ
2550,110020,KR7110020005,전진바이오팜,KOSDAQ,기술성장기업부,2220,1,229,11.5,2185,2220,1972,80969,172782605,20110451640,9058762,KSQ
2551,303530,KR7303530000,이노뎁,KOSDAQ,벤처기업부,2740,2,-60,-2.14,2800,2800,2700,10901,29824385,20109679260,7339299,KSQ
2552,275630,KR7275630002,에스에스알,KOSDAQ,벤처기업부,3815,1,40,1.06,3960,3960,3660,2142,7974560,20043277520,5253808,KSQ
2553,419540,KR7419540000,비스토스,KOSDAQ,벤처기업부,3350,1,160,5.02,3190,3495,3060,137101,450587593,19960147550,5958253,KSQ
2554,154030,KR7154030001,아시아종묘,KOSDAQ,벤처기업부,1654,2,-1,-0.06,1655,1655,1641,6709,11088762,19950328018,12061867,KSQ
2555,027580,KR7027580000,상보,KOSDAQ,중견기업부,1685,2,-25,-1.46,1708,1710,1663,32639,54817818,19944089675,11836255,KSQ
2556,015020,KR7015020001,이스타코,KOSPI,,928,0,0,0.0,0,0,0,0,0,19883142400,21425800,STK
2557,431190,KR7431190008,케이쓰리아이,KOSDAQ,기술성장기업부,2655,2,-85,-3.1,2800,2800,2600,19432,51345105,19876503510,7486442,KSQ
2558,322970,KR7322970005,무진메디,KONEX,일반기업부,1970,1,90,4.79,1910,1970,1885,731,1393070,19868807330,10085689,KNX
2559,317860,KR7317860005,노드메이슨,KONEX,일반기업부,4400,1,100,2.33,4400,4400,4400,238,1047200,19858146000,4513215,KNX
2560,050760,KR7050760008,에스폴리텍,KOSDAQ,중견기업부,1215,2,-34,-2.72,1249,1255,1203,181398,221194460,19846633770,16334678,KSQ
2561,270210,KR7270210008,에스알바이오텍,KONEX,일반기업부,11550,5,-2030,-14.95,13580,13580,11550,4693,54562440,19767224400,1711448,KNX
2562,054410,KR7054410006,케이피티유,KOSDAQ,중견기업부,3450,2,-190,-5.22,3600,3715,3450,3723,13449580,19756231800,5726444,KSQ
2563,024940,KR7024940009,PN풍년,KOSDAQ,벤처기업부,1975,2,-24,-1.2,1999,2040,1970,39508,78849538,19750000000,10000000,KSQ
2564,096870,KR7096870001,엘디티,KOSDAQ,벤처기업부,2360,2,-60,-2.48,2440,2440,2305,10971,25899590,19701277640,8347999,KSQ
2565,032800,KR7032800005,판타지오,KOSDAQ,중견기업부,1577,1,29,1.87,1560,1591,1544,21113,32957637,19651820194,12461522,KSQ
2566,088290,KR7088290002,이원컴포텍,KOSDAQ,관리종목(소속부없음),2460,2,-50,-1.99,2635,2635,2415,1908,4688735,19621137120,7976072,KSQ
2567,067770,KR7067770008,세진티에스,KOSDAQ,관리종목(소속부없음),2335,1,30,1.3,2240,2350,2215,30511,70210565,19606044655,8396593,KSQ
2568,002360,KR7002360006,SH에너지화학,KOSPI,,1752,1,1,0.06,1752,1766,1710,47840,83083875,19470629496,11113373,STK
2569,060900,KR7060900008,에이전트AI,KOSDAQ,중견기업부,3955,2,-70,-1.74,4025,4025,3680,52434,202969585,19315943150,4883930,KSQ
2570,196700,KR7196700009,웹스,KOSDAQ,벤처기업부,1339,2,-29,-2.12,1382,1382,1319,50385,67195802,19233588816,14364144,KSQ
2571,032680,KR7032680001,소프트센,KOSDAQ,중견기업부,922,2,-8,-0.86,929,929,897,68580,62287598,19229122282,20855881,KSQ
2572,214610,KR7214610008,롤링스톤,KOSDAQ,관리종목(소속부없음),2290,0,0,0.0,0,0,0,0,0,19197807380,8383322,KSQ
2573,065650,KR7065650004,하이퍼코퍼레이션,KOSDAQ,중견기업부,1752,2,-64,-3.52,1814,1859,1750,22470,40418172,19177369224,10945987,KSQ
2574,00499K,KR700499K014,롯데지주우,KOSPI,,23800,1,600,2.59,23750,23950,22700,719,16977000,19173351400,805603,STK
2575,309930,KR7309930006,조이웍스앤코,KOSDAQ,중견기업부,992,2,-12,-1.2,995,1036,961,74767,74866495,19101841888,19255889,KSQ
2576,108675,KR7108671009,LX하우시스우,KOSPI,,18500,1,380,2.1,18120,18640,18120,7871,145431480,19098105000,1032330,STK
2577,048830,KR7048830004,엔피케이,KOSDAQ,중견기업부,1004,2,-19,-1.86,1028,1034,997,24601,25076860,18798818692,18723923,KSQ
2578,073190,KR7073190001,듀오백,KOSDAQ,관리종목(소속부없음),1566,2,-32,-2.0,1600,1639,1510,90612,142015912,18741950640,11968040,KSQ
2579,031860,KR7031860000,디에이치엑스컴퍼니,KOSDAQ,관리종목(소속부없음),6930,0,0,0.0,0,0,0,0,0,18714756060,2700542,KSQ
2580,222670,KR7222670002,플럼라인생명과학,KONEX,일반기업부,4635,0,0,0.0,0,0,0,0,0,18692639820,4032932,KNX
2581,322780,KR7322780008,코퍼스코리아,KOSDAQ,중견기업부,2075,1,127,6.52,1948,2140,1931,66049,132389373,18622772250,8974830,KSQ
2582,115610,KR7115610008,이미지스,KOSDAQ,벤처기업부,1570,2,-28,-1.75,1639,1639,1515,62132,97047765,18555467330,11818769,KSQ
2583,078860,KR7078860004,아이오케이이엔엠,KOSDAQ,투자주의환기종목(소속부없음),3000,3,0,0.0,2970,3030,2880,8999,26655385,18531564000,6177188,KSQ
2584,434190,KR7434190005,탈로스,KONEX,일반기업부,2495,2,-5,-0.2,2695,2695,2300,430,1044445,18386737830,7369434,KNX
2585,051780,KR7051780005,큐로홀딩스,KOSDAQ,중견기업부,2890,1,90,3.21,2775,2895,2750,15079,42431645,18309927350,6335615,KSQ
2586,335870,KR7335870002,윙스풋,KOSDAQ,중견기업부,1090,0,0,0.0,0,0,0,0,0,18258015570,16750473,KSQ
2587,060260,KR7060260007,뉴보텍,KOSDAQ,벤처기업부,1365,2,-64,-4.48,1422,1423,1360,101498,140588227,18212315940,13342356,KSQ
2588,279600,KR7279600001,미디어젠,KOSDAQ,벤처기업부,3870,1,125,3.34,3785,3980,3785,597,2304080,18130102470,4684781,KSQ
2589,002820,KR7002820009,SUN&L,KOSPI,,1496,2,-221,-12.87,1646,1646,1360,362510,534915877,18046553184,12063204,STK
2590,011090,KR7011090008,에넥스,KOSPI,,1518,2,-232,-13.26,1681,1699,1446,1086945,1674986412,17999007972,11857054,STK
2591,239340,KR7239340003,이스트에이드,KOSDAQ,관리종목(소속부없음),664,2,-5,-0.75,670,670,629,147116,95492740,17914476976,26979634,KSQ
2592,354200,KR7354200008,엔젠바이오,KOSDAQ,기술성장기업부,1998,2,-42,-2.06,2040,2040,1960,82313,163028786,17855292834,8936583,KSQ
2593,018620,KR7018620005,우진비앤지,KOSDAQ,벤처기업부,2560,2,-35,-1.35,2595,2720,2560,23811,63027235,17748433920,6932982,KSQ
2594,006200,KR7006200000,한국전자홀딩스,KOSPI,,1887,2,-193,-9.28,1900,2030,1750,287318,535245121,17663503149,9360627,STK
2595,069330,KR7069330009,유아이디,KOSDAQ,벤처기업부,1040,1,9,0.87,1066,1066,1024,28206,29094475,17630676960,16952574,KSQ
2596,008600,KR7008600009,윌비스,KOSPI,,2620,0,0,0.0,0,0,0,0,0,17615839860,6723603,STK
2597,179720,KR7179720008,머니무브,KONEX,일반기업부,6400,2,-200,-3.03,6400,6400,5610,153,878720,17600115200,2750018,KNX
2598,009440,KR7009440009,KC그린홀딩스,KOSPI,,756,0,0,0.0,0,0,0,0,0,17568790596,23239141,STK
2599,018700,KR7018700005,졸스,KOSDAQ,투자주의환기종목(소속부없음),1492,2,-20,-1.32,1512,1512,1420,28392,41286795,17466226312,11706586,KSQ
2600,045520,KR7045520004,크린앤사이언스,KOSDAQ,중견기업부,2675,2,-155,-5.48,2830,2980,2660,105111,290868593,17387500000,6500000,KSQ
2601,223310,KR7223310004,사토시홀딩스,KOSDAQ,중견기업부,3340,2,-90,-2.62,3630,3735,3195,131503,433933901,17383504280,5204642,KSQ
2602,224060,KR7224060004,더코디,KOSDAQ,투자주의환기종목(소속부없음),3360,2,-90,-2.61,3450,3520,3250,32280,106406200,17340025920,5160722,KSQ
2603,115570,KR7115570004,스타플렉스,KOSDAQ,중견기업부,2155,2,-140,-6.1,2295,2295,2060,85250,186015075,17206614740,7984508,KSQ
2604,417180,KR7417180007,핑거스토리,KOSDAQ,중견기업부,3970,1,20,0.51,4070,4070,3875,18936,74686065,17107583550,4309215,KSQ
2605,006050,KR7006050009,국영지앤엠,KOSDAQ,중견기업부,490,0,0,0.0,0,0,0,0,0,17098669070,34895243,KSQ
2606,002680,KR7002680007,한탑,KOSDAQ,관리종목(소속부없음),2640,2,-315,-10.66,2830,2855,2450,753374,1981097106,17063267760,6463359,KSQ
2607,009620,KR7009620006,삼보산업,KOSDAQ,투자주의환기종목(소속부없음),976,1,102,11.67,874,1018,855,453300,426092621,17053694848,17473048,KSQ
2608,377220,KR7377220009,프롬바이오,KOSDAQ,기술성장기업부,3010,2,-75,-2.43,3210,3220,2975,103246,314513612,17042620000,5662000,KSQ
2609,034940,KR7034940007,조아제약,KOSDAQ,중견기업부,550,0,0,0.0,0,0,0,0,0,17038904850,30979827,KSQ
2610,024890,KR7024890006,대원화성,KOSPI,,2065,2,-575,-21.78,2390,2390,1966,463816,956066766,17035898950,8249830,STK
2611,254160,KR7254160005,제이엠멀티,KONEX,일반기업부,3300,1,100,3.13,3295,3300,3295,2,6595,17028000000,5160000,KNX
2612,476710,KR7476710009,타조이엔터테인먼트,KONEX,일반기업부,17000,2,-500,-2.86,17000,17000,17000,100,1700000,17000000000,1000000,KNX
2613,043590,KR7043590009,웰킵스하이텍,KOSDAQ,중견기업부,1250,2,-5,-0.4,1264,1299,1196,50266,62635985,16960476250,13568381,KSQ
2614,065770,KR7065770000,CS,KOSDAQ,벤처기업부,1608,2,-19,-1.17,1635,1698,1575,111449,179789965,16908222912,10515064,KSQ
2615,482680,KR7482680006,미래에셋비전스팩7호,KOSDAQ,SPAC(소속부없음),2055,0,0,0.0,0,0,0,0,0,16881825000,8215000,KSQ
2616,052960,KR7052960002,태양3C,KONEX,일반기업부,3440,2,-200,-5.49,3700,3800,3440,297,1029420,16811548320,4887078,KNX
2617,306040,KR7306040007,에스제이그룹,KOSDAQ,중견기업부,1810,2,-39,-2.11,1851,1902,1756,34035,61927554,16809549640,9287044,KSQ
2618,241820,KR7241820000,피씨엘,KOSDAQ,관리종목(소속부없음),6040,0,0,0.0,0,0,0,0,0,16803871920,2782098,KSQ
2619,131760,KR7131760001,파인텍,KOSDAQ,벤처기업부,1928,2,-18,-0.92,1946,1989,1882,131923,253650031,16747217248,8686316,KSQ
2620,002025,KR7002021004,코오롱우,KOSPI,,14410,1,280,1.98,14130,14670,13980,3825,54671145,16721897170,1160437,STK
2621,477380,KR7477380000,미래에셋비전스팩4호,KOSDAQ,SPAC(소속부없음),2060,2,-5,-0.24,2065,2065,2050,11019,22598815,16686000000,8100000,KSQ
2622,113810,KR7113810006,디젠스,KOSDAQ,중견기업부,2555,2,-35,-1.35,2590,2620,2490,34769,88979181,16672933550,6525610,KSQ
2623,037400,KR7037400009,우리엔터프라이즈,KOSDAQ,관리종목(소속부없음),632,0,0,0.0,0,0,0,0,0,16573154672,26223346,KSQ
2624,0070X0,KR70070X0000,에스테크엠,KONEX,일반기업부,10950,2,-330,-2.93,12970,12970,10950,104,1143120,16534500000,1510000,KNX
2625,225590,KR7225590009,패션플랫폼,KOSDAQ,관리종목(소속부없음),3180,1,270,9.28,2870,3185,2870,104802,335962973,16285975680,5121376,KSQ
2626,103230,KR7103230009,에스앤더블류,KOSDAQ,관리종목(소속부없음),2235,3,0,0.0,2235,2275,2190,27127,60220890,16092000000,7200000,KSQ
2627,379390,KR7379390008,이성씨엔아이,KONEX,일반기업부,5600,0,0,0.0,0,0,0,0,0,15912176000,2841460,KNX
2628,900120,KYG2114A1094,씨엑스아이,KOSDAQ,관리종목(소속부없음),948,1,17,1.83,980,980,913,16094,15001265,15802837680,16669660,KSQ
2629,18064K,KR718064K016,한진칼우,KOSPI,,29250,3,0,0.0,29450,29550,29000,468,13708550,15700405500,536766,STK
2630,291810,KR7291810000,핀텔,KOSDAQ,관리종목(소속부없음),1375,2,-49,-3.44,1495,1496,1360,140039,197384094,15631979000,11368712,KSQ
2631,0072Z0,KR70072Z0006,KB제33호스팩,KOSDAQ,SPAC(소속부없음),1980,1,1,0.05,1978,1980,1977,2721,5384850,15612300000,7885000,KSQ
2632,303030,KR7303030001,지니틱스,KOSDAQ,벤처기업부,1700,1,9,0.53,1692,1849,1677,52696,90543045,15567709200,9157476,KSQ
2633,005725,KR7005721006,넥센우,KOSPI,,4305,2,-5,-0.12,4305,4305,4305,1312,5648160,15500583000,3600600,STK
2634,191410,KR7191410000,육일씨엔에쓰,KOSDAQ,관리종목(소속부없음),1378,1,30,2.23,1357,1380,1308,147613,199025045,15439463390,11204255,KSQ
2635,477340,KR7477340004,에이치엠씨제7호스팩,KOSDAQ,SPAC(소속부없음),2047,1,2,0.1,2045,2050,2045,867,1774830,15372970000,7510000,KSQ
2636,0130H0,KR70130H0008,엔에이치스팩33호,KOSDAQ,SPAC(소속부없음),1993,3,0,0.0,1986,1993,1986,682,1358421,15346100000,7700000,KSQ
2637,0101C0,KR70101C0008,하나36호스팩,KOSDAQ,SPAC(소속부없음),1980,2,-3,-0.15,1986,1987,1975,714,1413980,15325200000,7740000,KSQ
2638,001420,KR7001420009,태원물산,KOSPI,,2010,2,-580,-22.39,2380,2420,1943,254157,514825974,15276000000,7600000,STK
2639,208850,KR7208850008,이비테크,KONEX,일반기업부,5400,1,200,3.85,5400,5400,5200,26,138400,15229350000,2820250,KNX
2640,030350,KR7030350003,드래곤플라이,KOSDAQ,관리종목(소속부없음),973,0,0,0.0,0,0,0,0,0,15171092867,15592079,KSQ
2641,285800,KR7285800009,진영,KOSDAQ,벤처기업부,843,2,-2,-0.24,853,857,818,129314,108466932,15147791973,17968911,KSQ
2642,012170,KR7012170007,아센디오,KOSPI,,748,0,0,0.0,0,0,0,0,0,15147145112,20250194,STK
2643,0044K0,KR70044K0008,삼성스팩10호,KOSDAQ,SPAC(소속부없음),1987,1,1,0.05,1988,1988,1981,5158,10218622,14942240000,7520000,KSQ
2644,351020,KR7351020003,미쥬,KONEX,일반기업부,7150,2,-210,-2.85,7150,7150,7150,1,7150,14836250000,2075000,KNX
2645,142760,KR7142760008,모아라이프플러스,KOSDAQ,기술성장기업부,349,0,0,0.0,0,0,0,0,0,14716276020,42166980,KSQ
2646,473050,KR7473050003,유안타제15호스팩,KOSDAQ,SPAC(소속부없음),2095,1,5,0.24,2090,2095,2090,6046,12636170,14685950000,7010000,KSQ
2647,0115H0,KR70115H0007,삼성스팩13호,KOSDAQ,SPAC(소속부없음),1993,1,3,0.15,1990,1996,1990,4456,8870857,14648550000,7350000,KSQ
2648,005257,KR7005252002,녹십자홀딩스2우,KOSPI,,17250,2,-20,-0.12,16810,17940,16810,421,7311770,14593327500,845990,STK
2649,131100,KR7131100000,티엔엔터테인먼트,KOSDAQ,중견기업부,450,0,0,0.0,0,0,0,0,0,14511025800,32246724,KSQ
2650,079190,KR7079190005,케스피온,KOSDAQ,벤처기업부,1513,1,109,7.76,1405,1558,1350,265462,382903278,14507972414,9588878,KSQ
2651,012340,KR7012340006,뉴인텍,KOSDAQ,관리종목(소속부없음),653,1,14,2.19,650,691,638,453802,298376138,14395249829,22044793,KSQ
2652,002070,KR7002070001,비비안,KOSPI,,5900,1,30,0.51,5870,5950,5650,51920,301765110,14185629600,2404344,STK
2653,478440,KR7478440001,미래에셋비전스팩6호,KOSDAQ,SPAC(소속부없음),2045,2,-5,-0.24,2045,2050,2045,2176,4459975,14171850000,6930000,KSQ
2654,050090,KR7050090000,비케이홀딩스,KOSDAQ,관리종목(소속부없음),602,2,-7,-1.15,576,659,576,97290,58884332,14167910470,23534735,KSQ
2655,479880,KR7479880007,한국제15호스팩,KOSDAQ,SPAC(소속부없음),2055,3,0,0.0,2050,2055,2050,586,1201993,14117850000,6870000,KSQ
2656,0165X0,KR70165X0006,메리츠제2호스팩,KOSDAQ,SPAC(소속부없음),1946,2,-1,-0.05,1948,1948,1942,21502,41795934,14089040000,7240000,KSQ
2657,000087,KR7000082008,하이트진로2우B,KOSPI,,12460,1,70,0.56,12340,12540,12340,184,2289940,14081519480,1130138,STK
2658,0099W0,KR70099W0008,미래에셋비전스팩11호,KOSDAQ,SPAC(소속부없음),1983,2,-1,-0.05,1970,1983,1970,224,444012,13881000000,7000000,KSQ
2659,079950,KR7079950002,인베니아,KOSDAQ,관리종목(소속부없음),1004,1,16,1.62,999,1021,980,67953,67833803,13854296400,13799100,KSQ
2660,001795,KR7001791003,대한제당우,KOSPI,,2135,1,15,0.71,2130,2155,2125,7146,15283235,13840692600,6482760,STK
2661,176590,KR7176590008,코나솔,KONEX,일반기업부,2370,2,-5,-0.21,2400,2490,2100,1599,3740130,13832227710,5836383,KNX
2662,177350,KR7177350006,베셀,KOSDAQ,투자주의환기종목(소속부없음),695,0,0,0.0,0,0,0,0,0,13783032890,19831702,KSQ
2663,240600,KR7240600007,유진테크놀로지,KOSDAQ,관리종목(소속부없음),1989,1,17,0.86,1972,2000,1888,19253,37418402,13780092339,6928151,KSQ
2664,304840,KR7304840002,피플바이오,KOSDAQ,벤처기업부,561,0,0,0.0,0,0,0,0,0,13643890260,24320660,KSQ
2665,352770,KR7352770002,셀레스트라,KOSDAQ,관리종목(소속부없음),5250,0,0,0.0,0,0,0,0,0,13610136750,2592407,KSQ
2666,00806K,KR700806K010,대덕1우,KOSPI,,11080,1,40,0.36,11080,11080,10880,6909,75932370,13432915560,1212357,STK
2667,244460,KR7244460002,올리패스,KOSDAQ,관리종목(소속부없음),1651,0,0,0.0,0,0,0,0,0,13415218661,8125511,KSQ
2668,489480,KR7489480004,키움제11호스팩,KOSDAQ,SPAC(소속부없음),2030,1,5,0.25,2030,2030,2030,50,101500,13398000000,6600000,KSQ
2669,0134X0,KR70134X0004,대신밸런스제20호스팩,KOSDAQ,SPAC(소속부없음),1978,3,0,0.0,1978,1980,1972,6562,12969298,13331720000,6740000,KSQ
2670,456190,KR7456190008,큐라켐,KONEX,일반기업부,7210,0,0,0.0,0,0,0,0,0,13225202060,1834286,KNX
2671,035620,KR7035620004,바른손이앤에이,KOSDAQ,관리종목(소속부없음),709,2,-22,-3.01,731,745,705,86789,62333517,13194431862,18609918,KSQ
2672,0164H0,KR70164H0007,한국제16호스팩,KOSDAQ,SPAC(소속부없음),1950,2,-3,-0.15,1955,1955,1949,17239,33675044,13162500000,6750000,KSQ
2673,481890,KR7481890002,엔에이치스팩31호,KOSDAQ,SPAC(소속부없음),2065,1,5,0.24,2065,2065,2050,370,762015,13102425000,6345000,KSQ
2674,0096B0,KR70096B0006,삼성스팩12호,KOSDAQ,SPAC(소속부없음),1990,3,0,0.0,1990,1990,1979,1573,3118280,13094200000,6580000,KSQ
2675,0099X0,KR70099X0007,IBKS제25호스팩,KOSDAQ,SPAC(소속부없음),2180,0,0,0.0,0,0,0,0,0,13036400000,5980000,KSQ
2676,169670,KR7169670007,코스텍시스템,KONEX,일반기업부,4500,1,100,2.27,4300,4500,4300,32,138000,12907804500,2868401,KNX
2677,0097F0,KR70097F0001,미래에셋비전스팩10호,KOSDAQ,SPAC(소속부없음),1985,3,0,0.0,1985,1987,1981,217,430759,12902500000,6500000,KSQ
2678,478390,KR7478390008,KB제29호스팩,KOSDAQ,SPAC(소속부없음),2060,3,0,0.0,2060,2060,2045,6,12345,12813200000,6220000,KSQ
2679,489730,KR7489730002,디비금융제13호스팩,KOSDAQ,SPAC(소속부없음),2020,3,0,0.0,2010,2020,2010,1278,2575330,12790640000,6332000,KSQ
2680,0093G0,KR70093G0004,미래에셋비전스팩8호,KOSDAQ,SPAC(소속부없음),1994,1,8,0.4,1986,1995,1986,111,220535,12761600000,6400000,KSQ
2681,471050,KR7471050005,대신밸런스제17호스팩,KOSDAQ,관리종목(소속부없음),2105,3,0,0.0,2105,2110,2105,6629,13955028,12756300000,6060000,KSQ
2682,054180,KR7054180005,메디콕스,KOSDAQ,관리종목(소속부없음),2295,0,0,0.0,0,0,0,0,0,12686716395,5527981,KSQ
2683,0037T0,KR70037T0008,KB제32호스팩,KOSDAQ,SPAC(소속부없음),1992,3,0,0.0,1992,1992,1985,40,79428,12609360000,6330000,KSQ
2684,217320,KR7217320001,썬테크,KONEX,일반기업부,12000,1,1000,9.09,11000,12650,11000,22,247300,12600000000,1050000,KNX
2685,492220,KR7492220009,KB제31호스팩,KOSDAQ,SPAC(소속부없음),2015,2,-10,-0.49,2015,2015,2010,2442,4910630,12513150000,6210000,KSQ
2686,45226K,KR745226K018,한화갤러리아우,KOSPI,,4295,2,-105,-2.39,4400,4455,4290,10404,45164110,12474698650,2904470,STK
2687,482520,KR7482520004,교보16호스팩,KOSDAQ,SPAC(소속부없음),2045,3,0,0.0,2045,2045,2035,956,1951495,12474500000,6100000,KSQ
2688,0054V0,KR70054V0002,엔에이치스팩32호,KOSDAQ,SPAC(소속부없음),2000,3,0,0.0,2010,2010,2000,525,1050010,12433000000,6216500,KSQ
2689,289010,KR7289010001,아이스크림에듀,KOSDAQ,관리종목(소속부없음),891,2,-1,-0.11,906,908,880,91249,81816346,12425223096,13945256,KSQ
2690,0131D0,KR70131D0001,키움히어로제2호스팩,KOSDAQ,SPAC(소속부없음),1965,3,0,0.0,1968,1968,1960,2580,5062811,12399150000,6310000,KSQ
2691,086220,KR7086220001,광동헬스바이오,KONEX,일반기업부,977,2,-17,-1.71,845,993,845,502,442728,12396044105,12687865,KNX
2692,015260,KR7015260003,에이엔피,KOSPI,,263,2,-24,-8.36,289,290,251,1638756,434770285,12391743122,47116894,STK
2693,101000,KR7101000008,KS인더스트리,KOSDAQ,중견기업부,311,0,0,0.0,0,0,0,0,0,12328645828,39641948,KSQ
2694,065570,KR7065570004,삼영이엔씨,KOSDAQ,관리종목(소속부없음),764,0,0,0.0,0,0,0,0,0,12295692232,16093838,KSQ
2695,0091W0,KR70091W0006,신영스팩11호,KOSDAQ,SPAC(소속부없음),2015,3,0,0.0,2020,2020,2010,2710,5456495,12227020000,6068000,KSQ
2696,145995,KR7145991006,삼양사우,KOSPI,,32900,3,0,0.0,33700,33700,32900,1355,44590550,12175303000,370070,STK
2697,084180,KR7084180009,수성웹툰,KOSDAQ,관리종목(소속부없음),672,4,155,29.98,526,672,526,376475,247144908,12145918176,18074283,KSQ
2698,0041L0,KR70041L0000,하나35호스팩,KOSDAQ,SPAC(소속부없음),1999,2,-1,-0.05,2000,2000,1987,273,545230,12053970000,6030000,KSQ
2699,0088D0,KR70088D0004,메리츠제1호스팩,KOSDAQ,SPAC(소속부없음),2080,2,-5,-0.24,2065,2085,2065,10833,22377380,12053600000,5795000,KSQ
2700,477760,KR7477760003,DB금융스팩12호,KOSDAQ,SPAC(소속부없음),2050,3,0,0.0,2055,2055,2050,166,340927,11972000000,5840000,KSQ
2701,0132G0,KR70132G0007,교보20호스팩,KOSDAQ,SPAC(소속부없음),1995,2,-2,-0.1,1995,1995,1992,318,634402,11910150000,5970000,KSQ
2702,028080,KR7028080000,휴맥스홀딩스,KOSDAQ,관리종목(소속부없음),4680,2,-15,-0.32,4690,4695,4555,1560,7190317,11842019280,2530346,KSQ
2703,149010,KR7149010001,아이케이세미콘,KONEX,일반기업부,3795,1,95,2.57,3700,3795,3700,6,22535,11840400000,3120000,KNX
2704,001770,KR7001770007,SHD,KOSPI,,9720,4,2240,29.95,9720,9720,9720,8112,78848640,11808614160,1214878,STK
2705,058450,KR7058450008,한주에이알티,KOSDAQ,투자주의환기종목(소속부없음),2355,1,65,2.84,2300,2410,2110,327811,739120063,11806491060,5013372,KSQ
2706,250930,KR7250930005,예선테크,KOSDAQ,관리종목(소속부없음),1786,1,57,3.3,1729,1850,1677,5821,10306359,11787757168,6600088,KSQ
2707,469900,KR7469900005,하나31호스팩,KOSDAQ,SPAC(소속부없음),2085,2,-5,-0.24,2085,2095,2085,50230,104730615,11686425000,5605000,KSQ
2708,001000,KR7001000009,신라섬유,KOSDAQ,중견기업부,480,2,-69,-12.57,548,556,445,1013010,500553139,11653219200,24277540,KSQ
2709,217880,KR7217880004,틸론,KONEX,일반기업부,1085,1,42,4.03,1092,1092,995,3904,4135323,11639109650,10727290,KNX
2710,019685,KR7019681006,대교우B,KOSPI,,598,0,0,0.0,0,0,0,0,0,11617340020,19426990,STK
2711,060480,KR7060480001,국일신동,KOSDAQ,관리종목(소속부없음),1046,1,26,2.55,1000,1069,969,79235,81731000,11600140000,11090000,KSQ
2712,482690,KR7482690005,대신밸런스제19호스팩,KOSDAQ,SPAC(소속부없음),2065,2,-5,-0.24,2060,2065,2050,26003,53340730,11594975000,5615000,KSQ
2713,069920,KR7069920007,엑시온그룹,KOSDAQ,관리종목(소속부없음),804,1,14,1.77,785,840,777,244492,195751257,11572337820,14393455,KSQ
2714,035290,KR7035290006,골드앤에스,KOSDAQ,관리종목(소속부없음),2415,1,185,8.3,2880,2895,1797,1780487,4310471993,11513869920,4767648,KSQ
2715,418620,KR7418620001,E8,KOSDAQ,관리종목(소속부없음),580,1,29,5.26,560,650,553,2146988,1268853444,11513276660,19850477,KSQ
2716,474660,KR7474660008,신한제12호스팩,KOSDAQ,SPAC(소속부없음),2075,3,0,0.0,2075,2075,2075,1,2075,11454000000,5520000,KSQ
2717,0071M0,KR70071M0002,삼성스팩11호,KOSDAQ,SPAC(소속부없음),1988,1,4,0.2,1984,1988,1984,1774,3526190,11450880000,5760000,KSQ
2718,103660,KR7103660007,씨앗,KONEX,일반기업부,1899,2,-1,-0.05,1900,1900,1899,2,3799,11427177429,6017471,KNX
2719,487360,KR7487360000,신한제14호스팩,KOSDAQ,SPAC(소속부없음),2020,3,0,0.0,2020,2020,2017,346,698854,11392800000,5640000,KSQ
2720,474490,KR7474490000,유안타제16호스팩,KOSDAQ,SPAC(소속부없음),2062,1,2,0.1,2060,2062,2060,787,1621266,11361620000,5510000,KSQ
2721,225430,KR7225430008,케이엠제약,KOSDAQ,관리종목(소속부없음),1745,2,-19,-1.08,1819,1819,1715,58309,102313597,11317502875,6485675,KSQ
2722,477470,KR7477470009,미래에셋비전스팩5호,KOSDAQ,SPAC(소속부없음),2065,3,0,0.0,2065,2065,2060,60,123650,11316200000,5480000,KSQ
2723,0105P0,KR70105P0009,유진스팩12호,KOSDAQ,SPAC(소속부없음),1991,1,4,0.2,1988,1991,1987,709,1408956,11269060000,5660000,KSQ
2724,496070,KR7496070004,신한제16호스팩,KOSDAQ,SPAC(소속부없음),1994,1,4,0.2,1990,1994,1990,102,203054,11206280000,5620000,KSQ
2725,025870,KR7025870007,신라에스지,KOSDAQ,관리종목(소속부없음),2780,2,-80,-2.8,2860,2865,2615,27984,75554415,11120000000,4000000,KSQ
2726,0129K0,KR70129K0006,신한제18호스팩,KOSDAQ,SPAC(소속부없음),1973,1,2,0.1,1965,1974,1965,1865,3671418,11088260000,5620000,KSQ
2727,044380,KR7044380004,주연테크,KOSPI,,859,1,13,1.54,885,918,822,216339,185909657,11077935444,12896316,STK
2728,208640,KR7208640003,썸에이지,KOSDAQ,관리종목(소속부없음),794,2,-38,-4.57,851,851,782,248906,197885576,11055675850,13924025,KSQ
2729,38380K,KR738380K012,LX홀딩스1우,KOSPI,,7420,1,20,0.27,7390,7440,7390,359,2660970,10872414700,1465285,STK
2730,00781K,KR700781K015,코리아써키트2우B,KOSPI,,13860,1,40,0.29,13820,14120,13800,534,7409720,10862068140,783699,STK
2731,0096D0,KR70096D0004,미래에셋비전스팩9호,KOSDAQ,SPAC(소속부없음),1974,2,-4,-0.2,1987,1987,1972,744,1473834,10857000000,5500000,KSQ
2732,084695,KR7084691005,대상홀딩스우,KOSPI,,11870,1,20,0.17,11970,11970,11660,2050,24041690,10843031340,913482,STK
2733,486630,KR7486630007,KB제30호스팩,KOSDAQ,SPAC(소속부없음),2035,1,5,0.25,2025,2035,2025,2620,5317845,10805850000,5310000,KSQ
2734,247660,KR7247660004,나노씨엠에스,KOSDAQ,관리종목(소속부없음),2485,1,25,1.02,2460,2545,2415,25658,63450580,10794641200,4343920,KSQ
2735,0098T0,KR70098T0004,교보19호스팩,KOSDAQ,SPAC(소속부없음),1995,1,3,0.15,1995,1999,1995,133,265359,10773000000,5400000,KSQ
2736,900270,HK0000214814,헝셩그룹,KOSDAQ,외국기업(소속부없음),420,0,0,0.0,0,0,0,0,0,10735805220,25561441,KSQ
2737,493790,KR7493790000,유안타제17호스팩,KOSDAQ,SPAC(소속부없음),2010,1,5,0.25,2005,2010,2005,2327,4670660,10673100000,5310000,KSQ
2738,0004Y0,KR70004Y0000,디비금융제14호스팩,KOSDAQ,SPAC(소속부없음),1991,1,3,0.15,1984,1992,1984,214,426080,10582165000,5315000,KSQ
2739,0130D0,KR70130D0002,신한제17호스팩,KOSDAQ,SPAC(소속부없음),1979,1,6,0.3,1970,1979,1969,1064,2096893,10567860000,5340000,KSQ
2740,489210,KR7489210005,교보17호스팩,KOSDAQ,SPAC(소속부없음),2040,1,5,0.25,2030,2040,2030,4,8140,10567200000,5180000,KSQ
2741,043100,KR7043100007,알파AI,KOSDAQ,관리종목(소속부없음),520,0,0,0.0,0,0,0,0,0,10457241600,20110080,KSQ
2742,900100,USU652221081,파이온엑스,KOSDAQ,관리종목(소속부없음),1964,1,51,2.67,1886,1991,1855,42504,81608980,10362162200,5276050,KSQ
2743,308100,KR7308100007,형지글로벌,KOSDAQ,관리종목(소속부없음),401,1,16,4.16,385,410,365,761228,299861056,10353819198,25819998,KSQ
2744,003075,KR7003071008,코오롱글로벌우,KOSPI,,13830,1,260,1.92,13600,13870,13240,628,8514440,10244392710,740737,STK
2745,478110,KR7478110000,이베스트스팩6호,KOSDAQ,SPAC(소속부없음),2040,3,0,0.0,2040,2042,2037,2769,5648340,10240800000,5020000,KSQ
2746,466690,KR7466690005,키움히어로제1호스팩,KOSDAQ,SPAC(소속부없음),1999,3,0,0.0,1999,2005,1999,1171,2343776,10184905000,5095000,KSQ
2747,0041B0,KR70041B0002,교보18호스팩,KOSDAQ,SPAC(소속부없음),2015,1,5,0.25,2005,2015,2000,36570,73142795,10155600000,5040000,KSQ
2748,185190,KR7185190006,수프로,KONEX,일반기업부,1096,1,97,9.71,1000,1096,850,42,39346,10125533000,9238625,KNX
2749,498390,KR7498390004,한화플러스제5호스팩,KOSDAQ,SPAC(소속부없음),2035,0,0,0.0,0,0,0,0,0,10093600000,4960000,KSQ
2750,289170,KR7289170003,바이오텐,KONEX,일반기업부,2800,1,285,11.33,2890,2890,2795,6,16885,10014729200,3576689,KNX
2751,004255,KR7004251005,NPC우,KOSPI,,1872,2,-5,-0.27,1877,1899,1869,30213,56668555,9884160000,5280000,STK
2752,238500,KR7238500003,솔루믹스,KONEX,일반기업부,475,0,0,0.0,0,0,0,0,0,9883469400,20807304,KNX
2753,472220,KR7472220003,신영스팩10호,KOSDAQ,관리종목(소속부없음),2105,3,0,0.0,2100,2110,2100,12126,25473660,9872450000,4690000,KSQ
2754,092600,KR7092600006,앤씨앤,KOSDAQ,관리종목(소속부없음),1920,1,90,4.92,1831,1943,1830,36695,69755030,9632069760,5016703,KSQ
2755,488060,KR7488060005,유진스팩11호,KOSDAQ,SPAC(소속부없음),2020,1,5,0.25,2025,2025,2020,1815,3666310,9534400000,4720000,KSQ
2756,106080,KR7106080005,케이이엠텍,KOSDAQ,관리종목(소속부없음),1650,0,0,0.0,0,0,0,0,0,9506998050,5761817,KSQ
2757,145210,KR7145210001,다이나믹디자인,KOSPI,,2240,0,0,0.0,0,0,0,0,0,9461011840,4223666,STK
2758,001067,KR7001062009,JW중외제약2우B,KOSPI,,45000,1,2200,5.14,42750,45000,42750,109,4889450,9448785000,209973,STK
2759,004105,KR7004101002,태양금속우,KOSPI,,2825,2,-10,-0.35,2890,2890,2805,6072,17114445,9322500000,3300000,STK
2760,001755,KR7001751007,한양증권우,KOSPI,,19700,1,70,0.36,19630,19770,19460,695,13645750,9315539000,472870,STK
2761,389680,KR7389680000,유디엠텍,KOSDAQ,관리종목(소속부없음),1114,1,2,0.18,1139,1139,1065,71892,79073637,9269252002,8320693,KSQ
2762,484130,KR7484130000,하나34호스팩,KOSDAQ,SPAC(소속부없음),2020,2,-5,-0.25,2025,2035,2020,1792,3629075,9130400000,4520000,KSQ
2763,33637L,KR733637K028,솔루스첨단소재2우B,KOSPI,,2415,1,30,1.26,2495,2495,2295,1707,4178820,9123609180,3777892,STK
2764,189350,KR7189350002,코셋,KONEX,일반기업부,1897,2,-198,-9.45,1899,1899,1790,72,133377,9105600000,4800000,KNX
2765,473950,KR7473950004,에스케이증권제13호스팩,KOSDAQ,SPAC(소속부없음),2040,3,0,0.0,2040,2040,2035,6286,12798440,9016800000,4420000,KSQ
2766,469480,KR7469480008,IBKS제24호스팩,KOSDAQ,SPAC(소속부없음),2130,0,0,0.0,0,0,0,0,0,9009900000,4230000,KSQ
2767,008290,KR7008290009,원풍물산,KOSDAQ,관리종목(소속부없음),436,4,100,29.76,336,436,336,4137469,1729581761,8871221804,20346839,KSQ
2768,468760,KR7468760004,유진스팩10호,KOSDAQ,SPAC(소속부없음),2080,0,0,0.0,0,0,0,0,0,8819200000,4240000,KSQ
2769,487830,KR7487830002,신한제15호스팩,KOSDAQ,SPAC(소속부없음),2025,1,5,0.25,2020,2025,2015,64,128975,8808750000,4350000,KSQ
2770,244880,KR7244880001,나눔테크,KONEX,일반기업부,1738,2,-5,-0.29,1768,1768,1700,113,197622,8724760000,5020000,KNX
2771,224760,KR7224760009,엔에스컴퍼니,KONEX,일반기업부,2205,0,0,0.0,0,0,0,0,0,8687038500,3939700,KNX
2772,472230,KR7472230002,에스케이증권제11호스팩,KOSDAQ,SPAC(소속부없음),2090,3,0,0.0,2090,2095,2090,2730,5705705,8683950000,4155000,KSQ
2773,114920,KR7114920002,대주이엔티,KONEX,일반기업부,2490,2,-10,-0.4,2800,2800,2490,2,5290,8639055000,3469500,KNX
2774,03481K,KR703481K019,해성산업1우,KOSDAQ,중견기업부,6270,1,60,0.97,6200,6280,6090,1604,9971620,8636630310,1377453,KSQ
2775,0068Y0,KR70068Y0003,비엔케이제3호스팩,KOSDAQ,SPAC(소속부없음),1988,2,-3,-0.15,1988,1988,1988,100,198800,8568280000,4310000,KSQ
2776,233250,KR7233250000,메디안디노스틱,KONEX,일반기업부,4900,0,0,0.0,0,0,0,0,0,8558016600,1746534,KNX
2777,199150,KR7199150004,데이터스트림즈,KONEX,일반기업부,1999,2,-1,-0.05,1999,1999,1999,128,255872,8532957387,4268613,KNX
2778,487720,KR7487720005,키움제10호스팩,KOSDAQ,SPAC(소속부없음),2010,2,-5,-0.25,2010,2015,2000,9032,18072185,8502300000,4230000,KSQ
2779,000225,KR7000221002,유유제약1우,KOSPI,,3685,1,50,1.38,3630,3795,3615,23897,87468545,8353637050,2266930,STK
2780,001515,KR7001511005,SK증권우,KOSPI,,4260,1,10,0.24,4260,4260,4195,2883,12193725,8333654820,1956257,STK
2781,199730,KR7199730003,바이오인프라,KOSDAQ,관리종목(소속부없음),1700,1,58,3.53,1642,1715,1625,19834,33305120,8269423900,4864367,KSQ
2782,178600,KR7178600003,대동고려삼,KONEX,일반기업부,1855,2,-38,-2.01,1973,1973,1855,2,3828,8254008000,4449600,KNX
2783,318660,KR7318660008,타임기술,KONEX,일반기업부,3800,1,100,2.7,3800,3800,3600,226,843300,8177983800,2152101,KNX
2784,0041J0,KR70041J0004,엘에스스팩1호,KOSDAQ,SPAC(소속부없음),1985,2,-2,-0.1,1993,1993,1985,239,475506,8158350000,4110000,KSQ
2785,236340,KR7236340006,메디젠휴먼케어,KONEX,일반기업부,2700,2,-200,-6.9,2900,3000,2700,28,78095,8139546900,3014647,KNX
2786,465320,KR7465320000,교보15호스팩,KOSDAQ,관리종목(소속부없음),2125,1,5,0.24,2125,2130,2120,81789,174184141,8096250000,3810000,KSQ
2787,087260,KR7087260006,모바일어플라이언스,KOSDAQ,벤처기업부,247,0,0,0.0,0,0,0,0,0,8040556667,32552861,KSQ
2788,001065,KR7001061001,JW중외제약우,KOSPI,,22550,2,-100,-0.44,22500,22550,22150,223,4993450,7710995050,341951,STK
2789,012205,KR7012201000,계양전기우,KOSPI,,6570,2,-70,-1.05,6660,6660,6550,24133,159954490,7680849030,1169079,STK
2790,475250,KR7475250007,하나33호스팩,KOSDAQ,SPAC(소속부없음),2075,1,10,0.48,2065,2075,2065,5014,10353945,7677500000,3700000,KSQ
2791,079970,KR7079970000,투비소프트,KOSDAQ,관리종목(소속부없음),596,0,0,0.0,0,0,0,0,0,7646223464,12829234,KSQ
2792,299480,KR7299480004,지앤이헬스케어,KONEX,일반기업부,678,1,22,3.35,680,680,678,502,341358,7526303754,11100743,KNX
2793,212310,KR7212310007,오건에코텍,KONEX,일반기업부,635,0,0,0.0,0,0,0,0,0,7514663025,11834115,KNX
2794,474930,KR7474930005,신한제13호스팩,KOSDAQ,SPAC(소속부없음),2075,3,0,0.0,2080,2080,2075,702,1456665,7511500000,3620000,KSQ
2795,251280,KR7251280004,안지오랩,KONEX,일반기업부,2125,4,276,14.93,1890,2125,1850,6002,12148569,7420223750,3491870,KNX
2796,276240,KR7276240009,엘리비젼,KONEX,일반기업부,596,2,-99,-14.24,695,768,591,338,232003,7338630248,12313138,KNX
2797,065420,KR7065420002,에스아이리소스,KOSDAQ,중견기업부,94,0,0,0.0,0,0,0,0,0,7283384140,77482810,KSQ
2798,224810,KR7224810002,엄지하우스,KONEX,일반기업부,1726,2,-27,-1.54,2005,2005,1726,5,8914,7249200000,4200000,KNX
2799,312610,KR7312610009,에이에프더블류,KOSDAQ,관리종목(소속부없음),351,1,9,2.63,334,444,311,1251751,453261908,7110167688,20256888,KSQ
2800,276040,KR7276040003,스코넥,KOSDAQ,관리종목(소속부없음),327,0,0,0.0,0,0,0,0,0,7073119545,21630335,KSQ
2801,253610,KR7253610000,루트락,KONEX,일반기업부,678,1,17,2.57,760,760,630,17496,11439790,6954972138,10258071,KNX
2802,473000,KR7473000008,에스케이증권제12호스팩,KOSDAQ,SPAC(소속부없음),2060,3,0,0.0,2060,2060,2060,2763,5691780,6818600000,3310000,KSQ
2803,066830,KR7066830001,제노텍,KONEX,일반기업부,1199,2,-1,-0.08,0,0,0,0,0,6794948820,5667180,KNX
2804,121850,KR7121850002,코이즈,KOSDAQ,관리종목(소속부없음),1337,2,-94,-6.57,1485,1485,1301,144930,193382187,6761207663,5056999,KSQ
2805,447690,KR7447690009,아이오바이오,KONEX,일반기업부,2435,2,-10,-0.41,2615,2615,2435,111,272215,6751660860,2772756,KNX
2806,475240,KR7475240008,하나32호스팩,KOSDAQ,SPAC(소속부없음),2085,1,5,0.24,2080,2085,2075,9521,19763240,6672000000,3200000,KSQ
2807,199290,KR7199290008,바이오프로테크,KONEX,일반기업부,390,2,-10,-2.5,0,0,0,0,0,6639824880,17025192,KNX
2808,002995,KR7002991008,금호건설우,KOSPI,,22650,2,-1850,-7.55,24500,24500,21500,35549,798602850,6619824900,292266,STK
2809,004985,KR7004981007,성신양회우,KOSPI,,8810,2,-20,-0.23,8840,9190,8560,2052,17991110,6481032450,735645,STK
2810,234070,KR7234070001,에이원큐브텍,KONEX,일반기업부,924,1,1,0.11,924,924,924,1,924,6431689572,6960703,KNX
2811,011080,KR7011080009,형지I&C,KOSDAQ,관리종목(소속부없음),881,1,46,5.51,831,904,831,240653,209728927,6251806822,7096262,KSQ
2812,000325,KR7000321000,노루홀딩스우,KOSPI,,25650,1,300,1.18,26150,26150,25300,131,3359650,6247288350,243559,STK
2813,236030,KR7236030003,씨알푸드,KONEX,일반기업부,2900,1,220,8.21,2500,2900,2400,1061,2752900,5896662800,2033332,KNX
2814,26490K,KR726490K013,크라운제과우,KOSPI,,7580,1,50,0.66,7630,7800,7350,1160,8919655,5863584800,773560,STK
2815,311960,KR7311960009,인터로이드,KONEX,일반기업부,1885,2,-113,-5.66,1801,1998,1700,199,348417,5773121640,3062664,KNX
2816,267080,KR7267080000,세븐브로이맥주,KONEX,일반기업부,486,0,0,0.0,0,0,0,0,0,5769504288,11871408,KNX
2817,004835,KR7004831004,덕성우,KOSPI,,4065,1,95,2.39,3980,4165,3965,4836,19511865,5658480000,1392000,STK
2818,044180,KR7044180008,KD,KOSDAQ,관리종목(소속부없음),205,0,0,0.0,0,0,0,0,0,5477148795,26717799,KSQ
2819,136660,KR7136660008,큐엠씨,KONEX,일반기업부,2290,1,100,4.57,2100,2290,1900,31,62790,5406575500,2360950,KNX
2820,090355,KR7090351008,노루페인트우,KOSPI,,11530,2,-40,-0.35,11600,11600,11380,358,4128950,5339842780,463126,STK
2821,313760,KR7313760001,캐리,KOSDAQ,관리종목(소속부없음),468,0,0,0.0,0,0,0,0,0,5244963048,11207186,KSQ
2822,341170,KR7341170009,퓨쳐메디신,KONEX,일반기업부,496,0,0,0.0,0,0,0,0,0,5224469680,10533205,KNX
2823,092590,KR7092590009,럭스피아,KONEX,일반기업부,705,1,25,3.68,710,710,578,332,195924,5140224090,7291098,KNX
2824,266350,KR7266350008,팡스카이,KONEX,일반기업부,398,0,0,0.0,0,0,0,0,0,5026568860,12629570,KNX
2825,258050,KR7258050004,테크트랜스,KONEX,일반기업부,449,0,0,0.0,0,0,0,0,0,5004531101,11145949,KNX
2826,216400,KR7216400002,인바이츠바이오코아,KONEX,일반기업부,645,2,-15,-2.27,695,695,561,1805,1046593,4973798175,7711315,KNX
2827,346010,KR7346010002,타이드,KONEX,일반기업부,1000,0,0,0.0,0,0,0,0,0,4860062000,4860062,KNX
2828,116100,KR7116100009,태양기계,KONEX,일반기업부,637,2,-1,-0.16,0,0,0,0,0,4739271082,7439986,KNX
2829,052770,KR7052770005,아이톡시,KOSDAQ,관리종목(소속부없음),312,0,0,0.0,0,0,0,0,0,4545457488,14568774,KSQ
2830,000145,KR7000141002,하이트진로홀딩스우,KOSPI,,9600,3,0,0.0,9690,9690,9520,65,623830,4519776000,470810,STK
2831,215570,KR7215570003,크로넥스,KONEX,일반기업부,646,1,1,0.16,646,646,646,10,6460,4302457546,6660151,KNX
2832,009415,KR7009411000,태영건설우,KOSPI,,6600,3,0,0.0,6600,6940,6600,991,6681070,4289828400,649974,STK
2833,000545,KR7000541003,흥국화재우,KOSPI,,5460,1,10,0.18,5780,5780,5460,1198,6678480,4193280000,768000,STK
2834,217910,KR7217910009,에스제이켐,KONEX,일반기업부,297,2,-1,-0.34,324,324,254,98,27754,4155185034,13990522,KNX
2835,202960,KR7202960001,판도라티비,KONEX,일반기업부,345,1,7,2.07,353,353,345,198,68843,4110875790,11915582,KNX
2836,005965,KR7005961008,동부건설우,KOSPI,,17790,1,340,1.95,17500,17790,17500,812,14339280,4015772280,225732,STK
2837,332190,KR7332190008,오션스바이오,KONEX,일반기업부,2630,0,0,0.0,0,0,0,0,0,3886716570,1477839,KNX
2838,402420,KR7402420004,켈스,KONEX,일반기업부,1599,1,80,5.27,1600,1600,1599,15,23986,3755672037,2348763,KNX
2839,007575,KR7007571003,일양약품우,KOSPI,,8370,2,-10,-0.12,8380,8380,8200,137,1128470,3725319600,445080,STK
2840,014825,KR7014821003,동원시스템즈우,KOSPI,,13710,2,-160,-1.15,13870,13870,13630,975,13320480,3620961810,264111,STK
2841,208890,KR7208890004,미래엔에듀파트너,KONEX,일반기업부,900,0,0,0.0,0,0,0,0,0,3604968000,4005520,KNX
2842,014285,KR7014281000,금강공업우,KOSPI,,5840,1,530,9.98,5390,6000,5390,3662,21235020,3444870000,589875,STK
2843,121060,KR7121060008,유니포인트,KONEX,일반기업부,655,4,85,14.91,655,655,655,200,131000,3401927865,5193783,KNX
2844,413300,KR7413300005,티엘엔지니어링,KONEX,일반기업부,2495,1,250,11.14,2495,2495,2495,1,2495,3372029925,1351515,KNX
2845,266470,KR7266470004,바이오인프라생명과학,KONEX,일반기업부,119,1,14,13.33,108,119,92,3725,408118,3316056261,27866019,KNX
2846,093510,KR7093510006,엔지브이아이,KONEX,일반기업부,547,2,-1,-0.18,0,0,0,0,0,3292940000,6020000,KNX
2847,005745,KR7005741004,크라운해태홀딩스우,KOSPI,,5370,2,-30,-0.56,5400,5400,5300,257,1366540,3225898620,600726,STK
2848,36328K,KR736328K013,티와이홀딩스우,KOSPI,,2500,1,20,0.81,2795,2795,2405,1369,3441350,2937372500,1174949,STK
2849,245450,KR7245450002,씨앤에스링크,KONEX,일반기업부,1833,1,234,14.63,1599,1833,1599,386,627361,2896066680,1579960,KNX
2850,014915,KR7014911002,성문전자우,KOSPI,,4825,1,315,6.98,4515,4825,4515,1892,8670500,2895000000,600000,STK
2851,296520,KR7296520000,가이아코퍼레이션,KONEX,일반기업부,613,3,0,0.0,613,613,613,11,6743,2860875904,4667008,KNX
2852,269620,KR7269620001,시스웍,KOSDAQ,관리종목(소속부없음),17,2,-10,-37.04,26,26,17,45166416,888137461,2525905747,148582691,KSQ
2853,000227,KR7000222000,유유제약2우B,KOSPI,,7800,1,510,7.0,7280,7950,7280,8579,65319030,2519088000,322960,STK
2854,390110,KR7390110005,애니메디솔루션,KONEX,일반기업부,258,0,0,0.0,0,0,0,0,0,2501838126,9697047,KNX
2855,001525,KR7001521004,동양우,KOSPI,,9200,1,690,8.11,8900,9200,8550,612,5628000,2416058000,262615,STK
2856,008355,KR7008351009,남선알미우,KOSPI,,7290,2,-10,-0.14,7670,7670,7230,417,3057630,2244518100,307890,STK
2857,021045,KR7021041009,대호특수강우,KOSDAQ,중견기업부,2500,1,85,3.52,2420,2500,2350,1746,4282030,2121230000,848492,KSQ
2858,448780,KR7448780007,마이크로엔엑스,KONEX,일반기업부,749,2,-14,-1.83,761,765,650,1855,1365789,2005582320,2677680,KNX
2859,140660,KR7140660002,위월드,KONEX,일반기업부,800,0,0,0.0,0,0,0,0,0,1989801600,2487252,KNX
2860,004545,KR7004541009,깨끗한나라우,KOSPI,,4700,1,145,3.18,4880,4880,4580,2994,13837315,1720952000,366160,STK
2861,011155,KR7011151008,CJ씨푸드1우,KOSPI,,8040,4,1850,29.89,6190,8040,6180,16310,128005140,1608000000,200000,STK
2862,302920,KR7302920004,더콘텐츠온,KONEX,일반기업부,320,3,0,0.0,320,320,320,1101,352320,1456754880,4552359,KNX
2863,266170,KR7266170000,레드우즈,KONEX,일반기업부,1050,0,0,0.0,0,0,0,0,0,1366092000,1301040,KNX
2864,001527,KR7001522002,동양2우B,KOSPI,,6640,2,-10,-0.15,6600,6670,6550,524,3465940,1365881200,205705,STK
2865,004415,KR7004411005,서울식품우,KOSPI,,5730,1,610,11.91,5120,6260,5120,34801,211504510,1274638500,222450,STK
2866,002785,KR7002781003,진흥기업우B,KOSPI,,1336,0,0,0.0,0,0,0,0,0,1145243248,857218,STK
2867,279060,KR7279060008,이노벡스,KONEX,일반기업부,115,0,0,0.0,0,0,0,0,0,1127904590,9807866,KNX
2868,223220,KR7223220005,로지스몬,KONEX,일반기업부,190,3,0,0.0,162,191,162,17676,3080661,1083554610,5702919,KNX
2869,002787,KR7002782001,진흥기업2우B,KOSPI,,2895,0,0,0.0,0,0,0,0,0,853469160,294808,STK
2870,032685,KR7032681009,소프트센우,KOSDAQ,중견기업부,10860,4,2500,29.9,8270,10860,8270,10595,111803100,774991320,71362,KSQ
2871,327610,KR7327610002,펨토바이오메드,KONEX,일반기업부,70,1,19,37.25,44,80,40,135763,8996021,597526020,8536086,KNX
